{"type":"FeatureCollection","features":[{"type":"Feature","properties":{"barri":"el Raval","districte":"Ciutat Vella"},"geometry":{"type":"Polygon","coordinates":[[[2.164712,41.38593],[2.164013,41.385403],[2.163838,41.384122],[2.163586,41.382319],[2.163487,41.381643],[2.163312,41.380354],[2.163093,41.378749],[2.163214,41.37865],[2.164664,41.377535],[2.165461,41.376928],[2.166125,41.376411],[2.166777,41.375911],[2.167791,41.375171],[2.167793,41.374972],[2.169994,41.374952],[2.172735,41.374792],[2.173189,41.374768],[2.173524,41.374744],[2.175044,41.374646],[2.1752,41.374638],[2.175296,41.374621],[2.175404,41.374577],[2.175524,41.374506],[2.175742,41.374291],[2.1756,41.374209],[2.175506,41.374064],[2.17546,41.373929],[2.175462,41.373794],[2.175511,41.373668],[2.175596,41.373551],[2.175632,41.373525],[2.17555,41.373425],[2.175468,41.373325],[2.175636,41.373254],[2.175732,41.37321],[2.175732,41.37321],[2.175828,41.373166],[2.175852,41.373157],[2.175852,41.373157],[2.175864,41.373157],[2.175864,41.373148],[2.1759,41.373139],[2.176045,41.373068],[2.176057,41.373068],[2.176057,41.373059],[2.176069,41.373059],[2.176201,41.372997],[2.176297,41.372953],[2.176297,41.372953],[2.176297,41.372953],[2.176441,41.372918],[2.176525,41.372892],[2.176945,41.372795],[2.177089,41.372751],[2.177283,41.37251],[2.177319,41.372501],[2.177356,41.372483],[2.177452,41.372439],[2.177524,41.372403],[2.177596,41.372368],[2.17762,41.372359],[2.17762,41.372359],[2.17762,41.372359],[2.177825,41.372261],[2.181902,41.370417],[2.181986,41.370372],[2.18201,41.370372],[2.182022,41.370373],[2.182034,41.370373],[2.182058,41.370373],[2.182069,41.370382],[2.182081,41.370382],[2.182093,41.370391],[2.182199,41.370527],[2.183012,41.371533],[2.183011,41.371551],[2.183011,41.37156],[2.183011,41.371569],[2.183011,41.371587],[2.182999,41.371596],[2.182999,41.371605],[2.182987,41.371613],[2.181279,41.372394],[2.179162,41.373343],[2.178777,41.373529],[2.178128,41.373822],[2.178269,41.374003],[2.178137,41.374065],[2.17798,41.374136],[2.178475,41.37477],[2.178475,41.37477],[2.178451,41.374779],[2.178403,41.374797],[2.178318,41.374841],[2.178222,41.374876],[2.17815,41.374912],[2.178102,41.374938],[2.178102,41.374938],[2.178102,41.374938],[2.178065,41.374992],[2.178053,41.37501],[2.178053,41.37501],[2.178005,41.375028],[2.177981,41.375046],[2.177873,41.37509],[2.177849,41.375108],[2.177849,41.375108],[2.177825,41.375117],[2.177813,41.375117],[2.177813,41.375117],[2.177801,41.375116],[2.177789,41.375125],[2.177789,41.375134],[2.177789,41.375134],[2.177776,41.375143],[2.177777,41.375134],[2.177765,41.375134],[2.177729,41.375152],[2.17774,41.375152],[2.17774,41.375152],[2.17774,41.375161],[2.177728,41.375161],[2.177728,41.375161],[2.177608,41.375223],[2.17756,41.375241],[2.177524,41.375259],[2.177452,41.375294],[2.177452,41.375294],[2.177416,41.375303],[2.17738,41.375321],[2.177509,41.37552],[2.17746,41.375555],[2.177424,41.375591],[2.177399,41.375645],[2.177375,41.375708],[2.177386,41.375798],[2.17742,41.375888],[2.177479,41.375961],[2.177515,41.375997],[2.17686,41.376713],[2.176009,41.377833],[2.175776,41.378228],[2.175752,41.378263],[2.17552,41.378649],[2.175435,41.378775],[2.175108,41.379043],[2.174708,41.379508],[2.174162,41.380144],[2.174065,41.380233],[2.173664,41.380708],[2.1733,41.381128],[2.173167,41.38128],[2.173166,41.381289],[2.172414,41.382149],[2.171965,41.382677],[2.171722,41.383],[2.170965,41.384147],[2.170661,41.384595],[2.170514,41.384819],[2.170515,41.38481],[2.170075,41.385483],[2.169966,41.385662],[2.169763,41.385571],[2.169357,41.385541],[2.164712,41.38593]]]}},{"type":"Feature","properties":{"barri":"el Barri Gòtic","districte":"Ciutat Vella"},"geometry":{"type":"Polygon","coordinates":[[[2.177015,41.385244],[2.176581,41.385575],[2.175723,41.386235],[2.175035,41.38677],[2.174286,41.387333],[2.172764,41.388475],[2.171703,41.38726],[2.171515,41.387042],[2.171337,41.386951],[2.171135,41.386841],[2.170286,41.385881],[2.170132,41.385762],[2.169966,41.385662],[2.170075,41.385483],[2.170515,41.38481],[2.170514,41.384819],[2.170661,41.384595],[2.170965,41.384147],[2.171722,41.383],[2.171965,41.382677],[2.172414,41.382149],[2.173166,41.381289],[2.173167,41.38128],[2.1733,41.381128],[2.173664,41.380708],[2.174065,41.380233],[2.174162,41.380144],[2.174708,41.379508],[2.175108,41.379043],[2.175435,41.378775],[2.17552,41.378649],[2.175752,41.378263],[2.175776,41.378228],[2.176009,41.377833],[2.17686,41.376713],[2.177515,41.375997],[2.177479,41.375961],[2.17742,41.375888],[2.177386,41.375798],[2.177375,41.375708],[2.177399,41.375645],[2.177424,41.375591],[2.17746,41.375555],[2.177509,41.37552],[2.17738,41.375321],[2.177416,41.375303],[2.177452,41.375294],[2.177452,41.375294],[2.177524,41.375259],[2.17756,41.375241],[2.177608,41.375223],[2.177728,41.375161],[2.177728,41.375161],[2.17774,41.375161],[2.17774,41.375152],[2.17774,41.375152],[2.177729,41.375152],[2.177765,41.375134],[2.177777,41.375134],[2.177776,41.375143],[2.177789,41.375134],[2.177789,41.375134],[2.177789,41.375125],[2.177801,41.375116],[2.177813,41.375117],[2.177813,41.375117],[2.177825,41.375117],[2.177849,41.375108],[2.177849,41.375108],[2.177873,41.37509],[2.177981,41.375046],[2.178005,41.375028],[2.178053,41.37501],[2.178053,41.37501],[2.178065,41.374992],[2.178102,41.374938],[2.178102,41.374938],[2.178102,41.374938],[2.17815,41.374912],[2.178222,41.374876],[2.178318,41.374841],[2.178403,41.374797],[2.178451,41.374779],[2.178475,41.37477],[2.178475,41.37477],[2.178581,41.374897],[2.178604,41.374933],[2.179935,41.376591],[2.180253,41.376981],[2.18037,41.377125],[2.180735,41.377587],[2.180877,41.37776],[2.1811,41.37804],[2.182172,41.37939],[2.182278,41.379517],[2.182301,41.379553],[2.182386,41.379509],[2.18247,41.379482],[2.182506,41.379456],[2.182617,41.379168],[2.182679,41.379006],[2.182777,41.378773],[2.182852,41.378575],[2.182963,41.378279],[2.183173,41.377731],[2.183259,41.377551],[2.183106,41.37737],[2.1826,41.376727],[2.182411,41.376491],[2.181505,41.375359],[2.181592,41.375089],[2.181654,41.374892],[2.182568,41.374475],[2.182929,41.374315],[2.18306,41.374343],[2.18319,41.374497],[2.183449,41.374832],[2.18359,41.375005],[2.183613,41.375041],[2.184296,41.375892],[2.184496,41.376146],[2.184626,41.376318],[2.184638,41.376327],[2.18472,41.376436],[2.184873,41.376635],[2.184967,41.376744],[2.184991,41.376744],[2.184868,41.377049],[2.184732,41.377418],[2.18451,41.377975],[2.184275,41.378594],[2.184176,41.378864],[2.183854,41.379672],[2.183743,41.379951],[2.183645,41.380202],[2.183546,41.380454],[2.183497,41.380508],[2.183161,41.38064],[2.18316,41.380658],[2.183148,41.380694],[2.183148,41.380703],[2.183136,41.380703],[2.183136,41.380712],[2.183124,41.380712],[2.183124,41.380721],[2.183112,41.380721],[2.1831,41.38073],[2.183088,41.38073],[2.183088,41.38073],[2.183088,41.38073],[2.182907,41.38081],[2.182871,41.380827],[2.182871,41.380827],[2.182823,41.380845],[2.182823,41.380836],[2.182775,41.380854],[2.182775,41.380863],[2.182607,41.380934],[2.182607,41.380961],[2.182556,41.381158],[2.182544,41.381167],[2.182496,41.381203],[2.182447,41.381248],[2.182435,41.381257],[2.182423,41.381275],[2.182423,41.381275],[2.182423,41.381284],[2.182423,41.381293],[2.182423,41.381302],[2.182267,41.381373],[2.182218,41.38139],[2.181929,41.381568],[2.1817,41.381747],[2.1817,41.381747],[2.180903,41.382327],[2.180022,41.382996],[2.17885,41.383879],[2.17873,41.38396],[2.177015,41.385244]]]}},{"type":"Feature","properties":{"barri":"la Barceloneta","districte":"Ciutat Vella"},"geometry":{"type":"Polygon","coordinates":[[[2.196232,41.387452],[2.196172,41.38746],[2.196112,41.387469],[2.196052,41.387487],[2.195992,41.387513],[2.195944,41.38754],[2.195908,41.387567],[2.195859,41.387611],[2.195835,41.387647],[2.19581,41.387692],[2.195798,41.387746],[2.195797,41.387782],[2.195809,41.387809],[2.195749,41.387854],[2.193603,41.386263],[2.193568,41.386235],[2.193272,41.386017],[2.193189,41.385953],[2.193118,41.385899],[2.193023,41.385826],[2.19294,41.385762],[2.192845,41.385699],[2.192762,41.385644],[2.192679,41.385589],[2.192608,41.385535],[2.192536,41.385498],[2.192465,41.385453],[2.192406,41.385416],[2.192216,41.385298],[2.192014,41.385188],[2.191396,41.384869],[2.191266,41.384787],[2.191111,41.384714],[2.190933,41.384622],[2.190742,41.384531],[2.190529,41.384421],[2.190315,41.384321],[2.1901,41.38422],[2.189994,41.384165],[2.189887,41.384111],[2.189768,41.384056],[2.18953,41.383946],[2.18947,41.383919],[2.189447,41.383909],[2.189375,41.383873],[2.189221,41.3838],[2.189066,41.383727],[2.188912,41.383653],[2.188745,41.38358],[2.188578,41.383507],[2.188186,41.383324],[2.188174,41.383315],[2.187627,41.383068],[2.186866,41.38272],[2.186414,41.38251],[2.18576,41.382208],[2.185568,41.382288],[2.184617,41.38274],[2.18457,41.382677],[2.184452,41.38255],[2.184346,41.382423],[2.184228,41.382296],[2.184122,41.38216],[2.184243,41.382107],[2.184279,41.382089],[2.184244,41.382035],[2.184232,41.382026],[2.184208,41.381999],[2.184208,41.38199],[2.184184,41.381972],[2.184149,41.381935],[2.184149,41.381926],[2.184149,41.381926],[2.184137,41.381908],[2.184102,41.381872],[2.184067,41.381836],[2.184067,41.381827],[2.183972,41.381718],[2.183949,41.3817],[2.183913,41.381654],[2.183902,41.381627],[2.183855,41.381582],[2.183796,41.381518],[2.183654,41.381346],[2.183595,41.381274],[2.1835,41.381273],[2.183117,41.381261],[2.183009,41.381261],[2.182914,41.381251],[2.182878,41.381251],[2.182723,41.38125],[2.182531,41.381239],[2.182471,41.381275],[2.182471,41.381275],[2.182423,41.381302],[2.182423,41.381293],[2.182423,41.381284],[2.182423,41.381275],[2.182423,41.381275],[2.182435,41.381257],[2.182447,41.381248],[2.182496,41.381203],[2.182544,41.381167],[2.182556,41.381158],[2.182607,41.380961],[2.182607,41.380934],[2.182775,41.380863],[2.182775,41.380854],[2.182823,41.380836],[2.182823,41.380845],[2.182871,41.380827],[2.182871,41.380827],[2.182907,41.38081],[2.183088,41.38073],[2.183088,41.38073],[2.183088,41.38073],[2.1831,41.38073],[2.183112,41.380721],[2.183124,41.380721],[2.183124,41.380712],[2.183136,41.380712],[2.183136,41.380703],[2.183148,41.380703],[2.183148,41.380694],[2.18316,41.380658],[2.183161,41.38064],[2.183497,41.380508],[2.183546,41.380454],[2.184655,41.380705],[2.184667,41.380705],[2.185918,41.38011],[2.186042,41.379787],[2.185946,41.379768],[2.186033,41.379553],[2.18645,41.379646],[2.187117,41.377975],[2.187265,41.377598],[2.186442,41.377412],[2.186443,41.377331],[2.187198,41.377228],[2.187129,41.376939],[2.187061,41.376687],[2.187061,41.376669],[2.18705,41.376632],[2.18705,41.376623],[2.186947,41.376226],[2.186947,41.376217],[2.186913,41.376082],[2.18689,41.37601],[2.186602,41.376053],[2.186831,41.37591],[2.186843,41.375955],[2.186879,41.375956],[2.186833,41.375766],[2.186845,41.375766],[2.186834,41.375685],[2.186834,41.375676],[2.186931,41.375623],[2.186359,41.375412],[2.185978,41.375274],[2.185681,41.375145],[2.185395,41.375035],[2.185371,41.375026],[2.185336,41.374999],[2.185312,41.374972],[2.185037,41.374997],[2.184833,41.375022],[2.184726,41.375031],[2.184726,41.375022],[2.184726,41.375004],[2.184726,41.374977],[2.185265,41.374926],[2.185265,41.374908],[2.185266,41.374872],[2.18521,41.37453],[2.184551,41.374642],[2.18454,41.374588],[2.185199,41.374476],[2.185132,41.374079],[2.184497,41.374218],[2.184473,41.374164],[2.185133,41.374025],[2.185066,41.373637],[2.184478,41.373813],[2.184442,41.373768],[2.185055,41.373583],[2.184999,41.373231],[2.18494,41.373213],[2.184423,41.373407],[2.184388,41.373362],[2.184989,41.373132],[2.184933,41.372789],[2.184873,41.372771],[2.184296,41.373037],[2.184261,41.372983],[2.184922,41.372681],[2.184934,41.372672],[2.184911,41.372654],[2.184249,41.372965],[2.184237,41.372946],[2.184887,41.372645],[2.184983,41.372645],[2.184995,41.372637],[2.185067,41.372628],[2.185533,41.372595],[2.185545,41.372595],[2.185569,41.372596],[2.185581,41.372596],[2.185593,41.372605],[2.185617,41.372614],[2.185629,41.372623],[2.185629,41.372632],[2.18564,41.372641],[2.185784,41.373579],[2.18594,41.374535],[2.186666,41.374819],[2.187494,41.374555],[2.187237,41.374076],[2.187213,41.374048],[2.187213,41.374048],[2.18712,41.373877],[2.186954,41.373704],[2.186801,41.373559],[2.186837,41.373541],[2.186849,41.373541],[2.187097,41.373786],[2.18698,41.373587],[2.186816,41.373289],[2.187116,41.373192],[2.187547,41.373159],[2.187503,41.372861],[2.187403,41.372275],[2.187092,41.3723],[2.186505,41.372359],[2.18593,41.372409],[2.185918,41.372409],[2.185796,41.371696],[2.185796,41.371687],[2.185808,41.371688],[2.186167,41.371654],[2.186156,41.371591],[2.185797,41.371615],[2.185797,41.371615],[2.185785,41.371606],[2.185774,41.371498],[2.185774,41.371489],[2.185774,41.371489],[2.18581,41.37148],[2.185766,41.37121],[2.186508,41.371152],[2.186508,41.371161],[2.187214,41.371103],[2.187148,41.370643],[2.186573,41.370702],[2.186513,41.370711],[2.185352,41.370838],[2.184969,41.370871],[2.184789,41.370897],[2.184706,41.370896],[2.184694,41.370896],[2.18467,41.370896],[2.184646,41.370878],[2.184622,41.370859],[2.184611,41.370841],[2.184566,41.370544],[2.184555,41.370517],[2.184567,41.37049],[2.184579,41.370472],[2.184591,41.370463],[2.184615,41.370454],[2.184639,41.370445],[2.184963,41.37042],[2.184951,41.370357],[2.184951,41.370357],[2.184918,41.370186],[2.184705,41.369013],[2.184626,41.368608],[2.184639,41.368581],[2.184651,41.368563],[2.184663,41.368554],[2.184687,41.368545],[2.184699,41.368536],[2.185022,41.368502],[2.18519,41.368485],[2.185146,41.368215],[2.185157,41.368215],[2.185146,41.368143],[2.185146,41.368143],[2.185147,41.368125],[2.185147,41.368125],[2.185147,41.368107],[2.185243,41.368099],[2.185254,41.368144],[2.185685,41.368102],[2.185674,41.368048],[2.185817,41.368031],[2.185817,41.36804],[2.185865,41.368031],[2.185865,41.368031],[2.185877,41.368022],[2.185877,41.368031],[2.185949,41.368031],[2.185994,41.368257],[2.185982,41.368257],[2.185982,41.368275],[2.18597,41.368275],[2.185981,41.368302],[2.185982,41.368293],[2.185993,41.36832],[2.185945,41.36832],[2.185945,41.368356],[2.185945,41.368383],[2.18592,41.36841],[2.185884,41.368436],[2.18586,41.368445],[2.18596,41.369031],[2.186174,41.370123],[2.187204,41.370004],[2.186878,41.368299],[2.186974,41.368291],[2.186861,41.367795],[2.186815,41.367578],[2.186725,41.367163],[2.18668,41.366911],[2.186256,41.366412],[2.186032,41.366149],[2.185761,41.365823],[2.185478,41.365506],[2.185467,41.365479],[2.18536,41.365361],[2.185129,41.365684],[2.185093,41.365701],[2.184974,41.365674],[2.184939,41.365628],[2.184927,41.365592],[2.184931,41.365259],[2.185134,41.365296],[2.185284,41.36482],[2.185308,41.364748],[2.185368,41.364722],[2.185428,41.364713],[2.185547,41.364759],[2.185607,41.36475],[2.185656,41.364688],[2.185717,41.364589],[2.185753,41.364535],[2.18579,41.36449],[2.185863,41.364392],[2.185973,41.364221],[2.186069,41.364186],[2.186285,41.364107],[2.186405,41.364062],[2.186477,41.364036],[2.186537,41.364027],[2.186597,41.364037],[2.186644,41.364046],[2.186704,41.364064],[2.186739,41.364092],[2.186763,41.36411],[2.186799,41.364137],[2.186798,41.364164],[2.186774,41.364182],[2.186522,41.36427],[2.186149,41.364412],[2.186101,41.364484],[2.185955,41.364708],[2.185869,41.364824],[2.185857,41.364851],[2.185869,41.364887],[2.185916,41.364933],[2.186319,41.365206],[2.186686,41.365506],[2.186839,41.365669],[2.187039,41.365913],[2.18711,41.366022],[2.187157,41.366112],[2.187262,41.366248],[2.187332,41.366402],[2.187402,41.366564],[2.187448,41.366682],[2.18746,41.366736],[2.187459,41.366754],[2.187471,41.366754],[2.187531,41.366773],[2.187555,41.366782],[2.187661,41.3669],[2.187778,41.367081],[2.187896,41.367235],[2.187932,41.367253],[2.188063,41.367218],[2.188328,41.367102],[2.188917,41.366863],[2.189241,41.36674],[2.189277,41.366713],[2.189302,41.366695],[2.189302,41.366641],[2.189279,41.366587],[2.189232,41.366523],[2.189009,41.366179],[2.188962,41.366116],[2.188786,41.365863],[2.188586,41.365555],[2.187589,41.364017],[2.187496,41.363836],[2.187497,41.36371],[2.187415,41.363574],[2.187262,41.36342],[2.18719,41.363437],[2.18707,41.363437],[2.186867,41.363408],[2.186736,41.363362],[2.186713,41.363335],[2.18669,41.36329],[2.186678,41.363218],[2.187134,41.363131],[2.187158,41.363077],[2.187136,41.36296],[2.18709,41.362851],[2.186951,41.362436],[2.18687,41.362228],[2.186801,41.362038],[2.186789,41.362011],[2.186766,41.361957],[2.186719,41.361858],[2.186685,41.361749],[2.186651,41.361623],[2.186627,41.361623],[2.186546,41.361406],[2.186453,41.361189],[2.186256,41.360665],[2.18599,41.359961],[2.185874,41.359672],[2.185769,41.35941],[2.185515,41.358715],[2.185284,41.358109],[2.185128,41.358144],[2.185058,41.357982],[2.185034,41.357982],[2.184663,41.35806],[2.184605,41.357906],[2.18536,41.357732],[2.185453,41.357966],[2.185522,41.358147],[2.185835,41.358951],[2.186113,41.359692],[2.186367,41.360351],[2.186854,41.361588],[2.187082,41.361536],[2.18714,41.361708],[2.18708,41.361716],[2.187115,41.361806],[2.187509,41.362791],[2.187732,41.363081],[2.187763,41.363468],[2.188022,41.363786],[2.188397,41.364455],[2.188678,41.364889],[2.189018,41.365423],[2.189276,41.36583],[2.189546,41.366246],[2.189816,41.366645],[2.190122,41.367043],[2.190157,41.367133],[2.19045,41.36764],[2.190755,41.36811],[2.190954,41.368418],[2.191118,41.368671],[2.191283,41.368925],[2.1914,41.369106],[2.1916,41.369404],[2.191717,41.369603],[2.191775,41.369694],[2.191834,41.369775],[2.191858,41.369812],[2.191881,41.369857],[2.19188,41.369893],[2.19188,41.369911],[2.191868,41.36992],[2.191796,41.369982],[2.191568,41.370035],[2.191461,41.369971],[2.191462,41.369926],[2.191321,41.369718],[2.19125,41.369609],[2.191215,41.369537],[2.191157,41.369437],[2.191109,41.369392],[2.19099,41.369382],[2.19087,41.369399],[2.190546,41.369478],[2.190343,41.369513],[2.190162,41.369646],[2.189847,41.369933],[2.189689,41.370157],[2.189529,41.370498],[2.189491,41.370687],[2.189486,41.371101],[2.189504,41.37156],[2.189685,41.372408],[2.190241,41.373863],[2.190637,41.374712],[2.190858,41.375191],[2.191293,41.375834],[2.191682,41.376242],[2.191955,41.376451],[2.192228,41.376633],[2.192763,41.376844],[2.193205,41.376919],[2.193408,41.376911],[2.193444,41.376921],[2.193203,41.377081],[2.193069,41.37726],[2.192971,41.377413],[2.192873,41.377637],[2.192821,41.377943],[2.192875,41.378403],[2.192956,41.378692],[2.192967,41.378737],[2.193188,41.379198],[2.193294,41.37937],[2.193423,41.379587],[2.193953,41.380212],[2.194509,41.380711],[2.194889,41.38093],[2.194984,41.380967],[2.196534,41.38041],[2.196511,41.380365],[2.196535,41.380302],[2.196559,41.380293],[2.196595,41.380275],[2.196632,41.380249],[2.196715,41.38024],[2.196823,41.380259],[2.196906,41.380278],[2.19693,41.380296],[2.19693,41.380305],[2.196929,41.38035],[2.196917,41.380404],[2.19694,41.380449],[2.196927,41.380512],[2.196891,41.380539],[2.196831,41.380574],[2.196819,41.380574],[2.196712,41.380555],[2.1967,41.380555],[2.196676,41.380546],[2.196652,41.380519],[2.195355,41.380987],[2.195683,41.381521],[2.196957,41.381062],[2.196933,41.381007],[2.196945,41.380998],[2.196945,41.380989],[2.19703,41.380954],[2.197113,41.380955],[2.197161,41.380964],[2.197209,41.380991],[2.197256,41.381028],[2.197268,41.381046],[2.197303,41.381082],[2.197315,41.381109],[2.197315,41.381118],[2.197266,41.381154],[2.197242,41.381217],[2.197218,41.381226],[2.197194,41.381234],[2.197122,41.381243],[2.19711,41.381243],[2.19699,41.381233],[2.196979,41.381206],[2.195465,41.381745],[2.195461,41.382069],[2.195563,41.38252],[2.195808,41.383017],[2.195938,41.383198],[2.196303,41.383606],[2.196564,41.383824],[2.197003,41.384106],[2.197229,41.384216],[2.197848,41.384428],[2.198194,41.384484],[2.198207,41.384448],[2.198207,41.384439],[2.198219,41.384439],[2.198219,41.38443],[2.198231,41.384394],[2.198243,41.384367],[2.198243,41.384367],[2.198244,41.384358],[2.198244,41.384349],[2.198244,41.384349],[2.198256,41.38434],[2.198268,41.38434],[2.198268,41.38434],[2.198268,41.38434],[2.19828,41.384341],[2.19828,41.384341],[2.19828,41.384332],[2.198292,41.384332],[2.198292,41.384332],[2.198304,41.384341],[2.198316,41.384341],[2.198316,41.384341],[2.198315,41.38435],[2.198315,41.38435],[2.198315,41.384359],[2.198327,41.384368],[2.198327,41.384386],[2.198327,41.384386],[2.198327,41.384404],[2.198315,41.384422],[2.198314,41.384431],[2.198314,41.384431],[2.198314,41.38444],[2.198302,41.384449],[2.198302,41.384467],[2.198302,41.384476],[2.198302,41.384494],[2.19829,41.384503],[2.198289,41.384512],[2.198289,41.38453],[2.198277,41.384539],[2.198277,41.384548],[2.198277,41.384557],[2.198277,41.384557],[2.198277,41.384557],[2.198277,41.384557],[2.198277,41.384566],[2.198277,41.384575],[2.198265,41.384584],[2.198253,41.384593],[2.198252,41.384611],[2.198252,41.38462],[2.198252,41.384638],[2.198252,41.384647],[2.198252,41.384656],[2.198252,41.384656],[2.198252,41.384656],[2.198252,41.384665],[2.19824,41.384665],[2.19824,41.384674],[2.19824,41.384674],[2.19824,41.384683],[2.19824,41.384683],[2.198239,41.384692],[2.198227,41.384701],[2.198227,41.384701],[2.198239,41.38471],[2.198239,41.38471],[2.198251,41.384719],[2.198251,41.384719],[2.198263,41.384719],[2.198263,41.384719],[2.198275,41.384728],[2.198299,41.384746],[2.198298,41.384755],[2.19831,41.384764],[2.19831,41.384755],[2.19831,41.384764],[2.198322,41.384764],[2.198334,41.384782],[2.198334,41.384782],[2.198334,41.384791],[2.198346,41.384791],[2.198346,41.3848],[2.19837,41.384801],[2.198382,41.384801],[2.198405,41.38481],[2.198405,41.38481],[2.198417,41.384819],[2.198441,41.384828],[2.198477,41.384855],[2.1985,41.384874],[2.198524,41.384892],[2.198536,41.384901],[2.198536,41.384901],[2.198548,41.38491],[2.198548,41.384919],[2.198547,41.384928],[2.198547,41.384937],[2.198559,41.384946],[2.198571,41.384964],[2.198583,41.384973],[2.198583,41.384982],[2.198595,41.384991],[2.198607,41.384991],[2.198606,41.385],[2.198606,41.385],[2.198812,41.38484],[2.199041,41.384679],[2.199041,41.38467],[2.199089,41.384634],[2.199149,41.384671],[2.199291,41.384735],[2.199422,41.384799],[2.199529,41.384863],[2.19966,41.384945],[2.199719,41.38499],[2.198005,41.386275],[2.196423,41.387462],[2.196376,41.387453],[2.196316,41.387452],[2.196232,41.387452]]]}},{"type":"Feature","properties":{"barri":"Sant Pere, Santa Caterina i la Ribera","districte":"Ciutat Vella"},"geometry":{"type":"Polygon","coordinates":[[[2.183454,41.390614],[2.18238,41.391417],[2.181329,41.39222],[2.180228,41.391347],[2.179861,41.391056],[2.177492,41.390166],[2.177397,41.390093],[2.175856,41.388947],[2.173763,41.38895],[2.173404,41.388948],[2.172764,41.388475],[2.172764,41.388475],[2.174286,41.387333],[2.175035,41.38677],[2.175723,41.386235],[2.176581,41.385575],[2.177015,41.385244],[2.17873,41.38396],[2.17885,41.383879],[2.180022,41.382996],[2.180903,41.382327],[2.1817,41.381747],[2.1817,41.381747],[2.181929,41.381568],[2.182218,41.38139],[2.182267,41.381373],[2.182423,41.381302],[2.182471,41.381275],[2.182471,41.381275],[2.182531,41.381239],[2.182723,41.38125],[2.182878,41.381251],[2.182914,41.381251],[2.183009,41.381261],[2.183117,41.381261],[2.1835,41.381273],[2.183595,41.381274],[2.183654,41.381346],[2.183796,41.381518],[2.183855,41.381582],[2.183902,41.381627],[2.183913,41.381654],[2.183949,41.3817],[2.183972,41.381718],[2.184067,41.381827],[2.184067,41.381836],[2.184102,41.381872],[2.184137,41.381908],[2.184149,41.381926],[2.184149,41.381926],[2.184149,41.381935],[2.184184,41.381972],[2.184208,41.38199],[2.184208,41.381999],[2.184232,41.382026],[2.184244,41.382035],[2.184279,41.382089],[2.184243,41.382107],[2.184122,41.38216],[2.184228,41.382296],[2.184346,41.382423],[2.184452,41.38255],[2.18457,41.382677],[2.184617,41.38274],[2.185568,41.382288],[2.18576,41.382208],[2.186414,41.38251],[2.186866,41.38272],[2.187627,41.383068],[2.188174,41.383315],[2.188186,41.383324],[2.188578,41.383507],[2.188745,41.38358],[2.188912,41.383653],[2.189066,41.383727],[2.189221,41.3838],[2.189375,41.383873],[2.189447,41.383909],[2.18947,41.383919],[2.18953,41.383946],[2.189768,41.384056],[2.189887,41.384111],[2.189994,41.384165],[2.1901,41.38422],[2.190315,41.384321],[2.190529,41.384421],[2.190742,41.384531],[2.190933,41.384622],[2.191111,41.384714],[2.191266,41.384787],[2.191396,41.384869],[2.192014,41.385188],[2.192216,41.385298],[2.192406,41.385416],[2.192465,41.385453],[2.192536,41.385498],[2.192608,41.385535],[2.192679,41.385589],[2.192762,41.385644],[2.192845,41.385699],[2.19294,41.385762],[2.193023,41.385826],[2.193118,41.385899],[2.193189,41.385953],[2.193272,41.386017],[2.193568,41.386235],[2.193471,41.386316],[2.193471,41.386316],[2.193362,41.386405],[2.193362,41.386405],[2.19335,41.386423],[2.193326,41.386432],[2.193109,41.386601],[2.193085,41.386619],[2.193061,41.386628],[2.193,41.386682],[2.19294,41.386717],[2.192904,41.386744],[2.192904,41.386744],[2.19288,41.386762],[2.192843,41.386798],[2.192747,41.386869],[2.192674,41.386923],[2.192602,41.386976],[2.192566,41.387012],[2.192397,41.387137],[2.192397,41.387137],[2.192046,41.387405],[2.192046,41.387405],[2.191926,41.387503],[2.191841,41.387565],[2.191491,41.387833],[2.191491,41.387833],[2.191419,41.387878],[2.191237,41.38802],[2.19067,41.38844],[2.190501,41.388583],[2.189716,41.389163],[2.189438,41.389377],[2.189149,41.389591],[2.189076,41.389645],[2.189076,41.389645],[2.188738,41.389903],[2.188472,41.390109],[2.188183,41.390323],[2.187893,41.390537],[2.187495,41.39084],[2.187265,41.391019],[2.187181,41.391081],[2.186987,41.391233],[2.18677,41.391394],[2.18459,41.389757],[2.183454,41.390614]]]}},{"type":"Feature","properties":{"barri":"el Fort Pienc","districte":"Eixample"},"geometry":{"type":"Polygon","coordinates":[[[2.183529,41.392272],[2.183885,41.392535],[2.184679,41.393117],[2.185817,41.393954],[2.18673,41.394636],[2.186705,41.394663],[2.186681,41.39469],[2.186669,41.394726],[2.186656,41.394762],[2.186656,41.394798],[2.186667,41.394834],[2.186679,41.394861],[2.186702,41.394897],[2.186726,41.394915],[2.186738,41.394924],[2.186774,41.394943],[2.186821,41.394961],[2.186869,41.39497],[2.186868,41.39507],[2.186872,41.396619],[2.186876,41.39824],[2.186885,41.399465],[2.186881,41.399754],[2.186891,41.400871],[2.186893,41.401654],[2.186893,41.401654],[2.186736,41.401779],[2.185867,41.40244],[2.185734,41.402538],[2.185178,41.402957],[2.183509,41.40254],[2.181851,41.402123],[2.180265,41.401733],[2.176711,41.400834],[2.17627,41.400723],[2.17534,41.400491],[2.17503,41.400417],[2.173372,41.399991],[2.173324,41.399981],[2.174085,41.39941],[2.174291,41.399249],[2.174738,41.39891],[2.175027,41.398687],[2.175426,41.398393],[2.175788,41.398125],[2.176102,41.397893],[2.176561,41.397545],[2.176573,41.397536],[2.177008,41.397197],[2.177056,41.397162],[2.177129,41.397108],[2.177395,41.396903],[2.177648,41.396715],[2.177817,41.396591],[2.177462,41.396327],[2.177059,41.396027],[2.17668,41.395745],[2.176028,41.395254],[2.17604,41.395245],[2.176064,41.395218],[2.176088,41.395209],[2.1761,41.395191],[2.176113,41.395173],[2.176125,41.395155],[2.176137,41.395146],[2.176137,41.395128],[2.176149,41.39511],[2.176161,41.395092],[2.176174,41.395075],[2.176174,41.395056],[2.176186,41.395039],[2.176186,41.395021],[2.176199,41.394985],[2.176199,41.394949],[2.176199,41.394922],[2.1762,41.394904],[2.1762,41.394886],[2.176188,41.394867],[2.176189,41.39484],[2.176189,41.394822],[2.176177,41.394804],[2.176165,41.394777],[2.176166,41.394759],[2.176154,41.394741],[2.176142,41.394723],[2.17613,41.394705],[2.176119,41.394687],[2.176107,41.39466],[2.176083,41.394642],[2.176072,41.394623],[2.176048,41.394605],[2.176024,41.394578],[2.176001,41.39456],[2.175989,41.394551],[2.175989,41.394542],[2.176798,41.393935],[2.176798,41.393935],[2.177933,41.393078],[2.177933,41.393078],[2.179056,41.392231],[2.179056,41.392231],[2.180216,41.391356],[2.180228,41.391347],[2.181329,41.39222],[2.18238,41.391417],[2.183529,41.392272]]]}},{"type":"Feature","properties":{"barri":"la Sagrada Família","districte":"Eixample"},"geometry":{"type":"Polygon","coordinates":[[[2.173372,41.399991],[2.17503,41.400417],[2.17534,41.400491],[2.17627,41.400723],[2.176711,41.400834],[2.180265,41.401733],[2.181851,41.402123],[2.183509,41.40254],[2.185178,41.402957],[2.184961,41.403118],[2.184961,41.403118],[2.184526,41.403448],[2.184609,41.403512],[2.185593,41.404248],[2.185664,41.404303],[2.184951,41.404856],[2.183381,41.406043],[2.183103,41.406248],[2.182258,41.406891],[2.181122,41.407756],[2.180023,41.408586],[2.178875,41.409452],[2.177728,41.410326],[2.177462,41.410523],[2.177148,41.410764],[2.176894,41.41096],[2.176592,41.411183],[2.175469,41.41204],[2.174331,41.411185],[2.173241,41.410366],[2.172138,41.409539],[2.16997,41.407911],[2.168654,41.406928],[2.16979,41.406072],[2.170901,41.405233],[2.172048,41.404368],[2.169773,41.402676],[2.170123,41.402408],[2.170389,41.402203],[2.170715,41.401962],[2.170908,41.401819],[2.172201,41.400829],[2.172974,41.400249],[2.173324,41.399981],[2.173372,41.399991]]]}},{"type":"Feature","properties":{"barri":"la Dreta de l'Eixample","districte":"Eixample"},"geometry":{"type":"Polygon","coordinates":[[[2.170908,41.401819],[2.170715,41.401962],[2.170389,41.402203],[2.170123,41.402408],[2.169773,41.402676],[2.168659,41.401839],[2.167356,41.400857],[2.16622,41.401704],[2.16622,41.401713],[2.165249,41.400986],[2.164111,41.400122],[2.162902,41.399221],[2.161836,41.398421],[2.161599,41.398239],[2.161576,41.398221],[2.15955,41.396702],[2.15923,41.396456],[2.158645,41.396317],[2.155903,41.395621],[2.155712,41.395575],[2.154711,41.395315],[2.155109,41.39503],[2.156209,41.394191],[2.156233,41.394173],[2.157356,41.393308],[2.158468,41.392451],[2.159603,41.391604],[2.159603,41.391604],[2.160727,41.390747],[2.160727,41.390747],[2.161862,41.3899],[2.161862,41.3899],[2.162985,41.389052],[2.164121,41.388187],[2.165111,41.387455],[2.165388,41.387259],[2.164168,41.386341],[2.164712,41.38593],[2.169357,41.385541],[2.169763,41.385571],[2.169966,41.385662],[2.170132,41.385762],[2.170286,41.385881],[2.171135,41.386841],[2.171337,41.386951],[2.171515,41.387042],[2.171703,41.38726],[2.172764,41.388475],[2.172764,41.388475],[2.173404,41.388948],[2.173763,41.38895],[2.175856,41.388947],[2.177397,41.390093],[2.177492,41.390166],[2.179861,41.391056],[2.180228,41.391347],[2.180216,41.391356],[2.179056,41.392231],[2.179056,41.392231],[2.177933,41.393078],[2.177933,41.393078],[2.176798,41.393935],[2.176798,41.393935],[2.175989,41.394542],[2.175989,41.394551],[2.176001,41.39456],[2.176024,41.394578],[2.176048,41.394605],[2.176072,41.394623],[2.176083,41.394642],[2.176107,41.39466],[2.176119,41.394687],[2.17613,41.394705],[2.176142,41.394723],[2.176154,41.394741],[2.176166,41.394759],[2.176165,41.394777],[2.176177,41.394804],[2.176189,41.394822],[2.176189,41.39484],[2.176188,41.394867],[2.1762,41.394886],[2.1762,41.394904],[2.176199,41.394922],[2.176199,41.394949],[2.176199,41.394985],[2.176186,41.395021],[2.176186,41.395039],[2.176174,41.395056],[2.176174,41.395075],[2.176161,41.395092],[2.176149,41.39511],[2.176137,41.395128],[2.176137,41.395146],[2.176125,41.395155],[2.176113,41.395173],[2.1761,41.395191],[2.176088,41.395209],[2.176064,41.395218],[2.17604,41.395245],[2.176028,41.395254],[2.17668,41.395745],[2.177059,41.396027],[2.177462,41.396327],[2.177817,41.396591],[2.177648,41.396715],[2.177395,41.396903],[2.177129,41.397108],[2.177056,41.397162],[2.177008,41.397197],[2.176573,41.397536],[2.176561,41.397545],[2.176102,41.397893],[2.175788,41.398125],[2.175426,41.398393],[2.175027,41.398687],[2.174738,41.39891],[2.174291,41.399249],[2.174085,41.39941],[2.173324,41.399981],[2.172974,41.400249],[2.172201,41.400829],[2.170908,41.401819]]]}},{"type":"Feature","properties":{"barri":"l'Antiga Esquerra de l'Eixample","districte":"Eixample"},"geometry":{"type":"Polygon","coordinates":[[[2.157356,41.393308],[2.156233,41.394173],[2.156209,41.394191],[2.155109,41.39503],[2.154711,41.395315],[2.151313,41.394461],[2.14962,41.394026],[2.147927,41.393599],[2.146687,41.393283],[2.146222,41.393172],[2.146162,41.393153],[2.145566,41.393005],[2.144982,41.392856],[2.144995,41.392802],[2.145007,41.392757],[2.144996,41.392703],[2.144985,41.392649],[2.144974,41.392595],[2.144938,41.39255],[2.144891,41.392504],[2.144855,41.392477],[2.144832,41.392459],[2.144784,41.392431],[2.144725,41.392404],[2.144653,41.392385],[2.144582,41.392367],[2.144522,41.392366],[2.14445,41.392366],[2.144402,41.392375],[2.144342,41.392383],[2.14396,41.391471],[2.143798,41.391028],[2.143649,41.390504],[2.148168,41.389808],[2.148455,41.389765],[2.14941,41.389052],[2.150545,41.388196],[2.151668,41.387357],[2.151668,41.387357],[2.152816,41.386483],[2.154458,41.385252],[2.155074,41.384788],[2.156186,41.383941],[2.157321,41.383075],[2.158577,41.382139],[2.159702,41.382993],[2.160827,41.383848],[2.161965,41.384694],[2.163114,41.38554],[2.164168,41.386341],[2.165388,41.387259],[2.165111,41.387455],[2.164121,41.388187],[2.162985,41.389052],[2.161862,41.3899],[2.161862,41.3899],[2.160727,41.390747],[2.160727,41.390747],[2.159603,41.391604],[2.159603,41.391604],[2.158468,41.392451],[2.157356,41.393308]]]}},{"type":"Feature","properties":{"barri":"la Nova Esquerra de l'Eixample","districte":"Eixample"},"geometry":{"type":"Polygon","coordinates":[[[2.149839,41.375391],[2.150038,41.375689],[2.15018,41.375835],[2.150582,41.376153],[2.151778,41.377035],[2.152915,41.37789],[2.154029,41.378736],[2.156291,41.380437],[2.156291,41.380437],[2.158577,41.382139],[2.157321,41.383075],[2.156186,41.383941],[2.155074,41.384788],[2.154458,41.385252],[2.152816,41.386483],[2.151668,41.387357],[2.151668,41.387357],[2.150545,41.388196],[2.14941,41.389052],[2.148455,41.389765],[2.148168,41.389808],[2.143649,41.390504],[2.143524,41.390044],[2.143194,41.388718],[2.142945,41.38768],[2.142756,41.386607],[2.142649,41.385651],[2.142637,41.385615],[2.142637,41.385615],[2.142637,41.385615],[2.142628,41.385363],[2.142557,41.384416],[2.142537,41.384146],[2.142538,41.384056],[2.142416,41.382398],[2.142317,41.380838],[2.142307,41.380721],[2.142319,41.380703],[2.142415,41.380632],[2.142887,41.380275],[2.142899,41.380266],[2.143334,41.379936],[2.144843,41.378804],[2.14593,41.377974],[2.147054,41.377127],[2.147247,41.376975],[2.148237,41.376235],[2.148961,41.375772],[2.149227,41.375566],[2.149347,41.375477],[2.149529,41.375334],[2.149529,41.375334],[2.14977,41.375165],[2.149839,41.375391]]]}},{"type":"Feature","properties":{"barri":"Sant Antoni","districte":"Eixample"},"geometry":{"type":"Polygon","coordinates":[[[2.167791,41.375171],[2.166777,41.375911],[2.166125,41.376411],[2.165461,41.376928],[2.164664,41.377535],[2.163214,41.37865],[2.163093,41.378749],[2.163312,41.380354],[2.163487,41.381643],[2.163586,41.382319],[2.163838,41.384122],[2.164013,41.385403],[2.164712,41.38593],[2.164168,41.386341],[2.163114,41.38554],[2.161965,41.384694],[2.160827,41.383848],[2.159702,41.382993],[2.158577,41.382139],[2.156291,41.380437],[2.156291,41.380437],[2.154029,41.378736],[2.152915,41.37789],[2.151778,41.377035],[2.150582,41.376153],[2.15018,41.375835],[2.150038,41.375689],[2.149839,41.375391],[2.14977,41.375165],[2.149903,41.375076],[2.150991,41.375039],[2.154029,41.374998],[2.156086,41.375004],[2.156241,41.375005],[2.1577,41.374998],[2.158669,41.374996],[2.159339,41.375001],[2.160917,41.374995],[2.161539,41.37499],[2.162149,41.374995],[2.163381,41.374986],[2.165222,41.374981],[2.165461,41.374983],[2.167793,41.374972],[2.167791,41.375171]]]}},{"type":"Feature","properties":{"barri":"el Poble-sec","districte":"Sants-Montjuïc"},"geometry":{"type":"Polygon","coordinates":[[[2.176239,41.372862],[2.176227,41.372871],[2.176239,41.372871],[2.176262,41.372908],[2.176274,41.372917],[2.176297,41.372953],[2.176297,41.372953],[2.176297,41.372953],[2.176297,41.372953],[2.176201,41.372997],[2.176069,41.373059],[2.176057,41.373059],[2.176057,41.373068],[2.176045,41.373068],[2.1759,41.373139],[2.175864,41.373148],[2.175864,41.373157],[2.175852,41.373157],[2.175852,41.373157],[2.175828,41.373166],[2.175732,41.37321],[2.175732,41.37321],[2.175636,41.373254],[2.175468,41.373325],[2.17555,41.373425],[2.175632,41.373525],[2.175596,41.373551],[2.175511,41.373668],[2.175462,41.373794],[2.17546,41.373929],[2.175506,41.374064],[2.1756,41.374209],[2.175742,41.374291],[2.175524,41.374506],[2.175404,41.374577],[2.175296,41.374621],[2.1752,41.374638],[2.175044,41.374646],[2.173524,41.374744],[2.173189,41.374768],[2.172735,41.374792],[2.169994,41.374952],[2.167793,41.374972],[2.165461,41.374983],[2.165222,41.374981],[2.163381,41.374986],[2.162149,41.374995],[2.161539,41.37499],[2.160917,41.374995],[2.159339,41.375001],[2.158669,41.374996],[2.1577,41.374998],[2.156241,41.375005],[2.156086,41.375004],[2.154029,41.374998],[2.150991,41.375039],[2.149903,41.375076],[2.14977,41.375165],[2.149529,41.375334],[2.149529,41.375334],[2.149347,41.375477],[2.149227,41.375566],[2.149131,41.375557],[2.149059,41.375538],[2.148952,41.375492],[2.148834,41.375437],[2.148715,41.375355],[2.148632,41.375292],[2.148585,41.375219],[2.148562,41.375147],[2.148551,41.375066],[2.148552,41.374985],[2.148578,41.374895],[2.148627,41.374805],[2.148355,41.374515],[2.147954,41.374143],[2.147302,41.373651],[2.148112,41.373036],[2.14851,41.372733],[2.149331,41.372117],[2.149814,41.371751],[2.150056,41.371564],[2.150249,41.371421],[2.150383,41.37126],[2.150383,41.371251],[2.149836,41.37104],[2.149669,41.370958],[2.149598,41.370894],[2.149551,41.37084],[2.149516,41.370758],[2.149481,41.370704],[2.149458,41.370632],[2.149424,41.370479],[2.149391,41.370289],[2.149334,41.370055],[2.149299,41.369982],[2.149264,41.36991],[2.149206,41.369828],[2.149111,41.369729],[2.149005,41.369638],[2.148874,41.369565],[2.148743,41.36951],[2.148589,41.369464],[2.148398,41.369444],[2.148194,41.369443],[2.147919,41.369468],[2.147643,41.369502],[2.147404,41.369518],[2.147177,41.369516],[2.147022,41.369506],[2.146878,41.369496],[2.146723,41.369468],[2.146687,41.369458],[2.146485,41.369403],[2.146318,41.369357],[2.146294,41.369347],[2.146116,41.369283],[2.145961,41.36921],[2.145926,41.369192],[2.145866,41.369155],[2.145831,41.369137],[2.145807,41.369119],[2.145677,41.369028],[2.145594,41.368955],[2.1455,41.368864],[2.145429,41.368765],[2.145359,41.368638],[2.145313,41.368529],[2.144767,41.36821],[2.144565,41.368128],[2.144339,41.368018],[2.144113,41.367908],[2.143875,41.367789],[2.143697,41.367707],[2.143591,41.367634],[2.143472,41.367543],[2.143425,41.367489],[2.143343,41.367362],[2.14332,41.367272],[2.143309,41.367199],[2.14331,41.367154],[2.143178,41.367144],[2.143167,41.367144],[2.143155,41.367144],[2.143131,41.367117],[2.143131,41.367117],[2.143119,41.367099],[2.143119,41.367099],[2.143096,41.367045],[2.143026,41.366918],[2.142956,41.366782],[2.142922,41.366683],[2.14291,41.366665],[2.14291,41.366665],[2.14291,41.366665],[2.142886,41.366674],[2.14285,41.366683],[2.142838,41.366692],[2.142838,41.366692],[2.142826,41.366691],[2.142826,41.366682],[2.142814,41.366673],[2.142814,41.366664],[2.14279,41.366646],[2.14279,41.366646],[2.142791,41.366637],[2.142767,41.36661],[2.142697,41.36651],[2.142638,41.36642],[2.142567,41.366329],[2.142544,41.366293],[2.14252,41.366266],[2.142462,41.366175],[2.142415,41.36613],[2.142379,41.366085],[2.142379,41.366076],[2.142344,41.366039],[2.142141,41.366047],[2.142109,41.36574],[2.142098,41.365695],[2.142062,41.365632],[2.142063,41.365623],[2.142016,41.365559],[2.141945,41.365469],[2.141945,41.365451],[2.141945,41.365442],[2.141946,41.365424],[2.141946,41.365424],[2.141958,41.365415],[2.14197,41.365406],[2.141994,41.365397],[2.142006,41.365379],[2.142018,41.365379],[2.142042,41.365361],[2.142054,41.365353],[2.142078,41.365371],[2.142125,41.365407],[2.142306,41.3653],[2.142414,41.365229],[2.142415,41.36522],[2.142439,41.365211],[2.142439,41.365211],[2.142752,41.365015],[2.142764,41.365007],[2.143053,41.364865],[2.142923,41.36472],[2.142911,41.364719],[2.142816,41.364701],[2.142972,41.36463],[2.143153,41.364541],[2.143261,41.364488],[2.143346,41.364416],[2.143442,41.364345],[2.143551,41.364256],[2.143769,41.364077],[2.143914,41.363952],[2.144071,41.363827],[2.144215,41.363747],[2.14442,41.36365],[2.144672,41.363553],[2.144817,41.363491],[2.144985,41.36342],[2.145141,41.363358],[2.145345,41.363278],[2.145453,41.363252],[2.145573,41.363253],[2.145645,41.363254],[2.145764,41.363254],[2.145836,41.363246],[2.145872,41.363246],[2.14592,41.363238],[2.145932,41.363238],[2.145956,41.363229],[2.14604,41.363211],[2.146136,41.363167],[2.146136,41.363167],[2.146197,41.363104],[2.146281,41.363042],[2.146378,41.36298],[2.14651,41.362936],[2.146618,41.362891],[2.14675,41.362847],[2.146858,41.362803],[2.14699,41.362759],[2.147122,41.362706],[2.147243,41.362644],[2.147315,41.362608],[2.147435,41.362555],[2.147495,41.36252],[2.147532,41.362502],[2.14758,41.362475],[2.147737,41.362359],[2.147882,41.362243],[2.147942,41.362199],[2.148051,41.362118],[2.148244,41.361958],[2.148413,41.361824],[2.148558,41.361708],[2.148655,41.361627],[2.148764,41.361511],[2.148849,41.361413],[2.148946,41.361296],[2.149019,41.361189],[2.149092,41.361081],[2.149142,41.360973],[2.149215,41.360857],[2.149264,41.360731],[2.149314,41.360623],[2.149416,41.360084],[2.149429,41.360039],[2.149417,41.359994],[2.149406,41.359958],[2.149383,41.359912],[2.149359,41.359876],[2.149324,41.35984],[2.1493,41.359813],[2.149253,41.359785],[2.149169,41.359758],[2.149074,41.35973],[2.148967,41.359711],[2.148812,41.359701],[2.148632,41.359718],[2.148464,41.359734],[2.148213,41.359778],[2.147985,41.35983],[2.147745,41.359882],[2.147469,41.359952],[2.147337,41.359978],[2.147265,41.359996],[2.14717,41.360004],[2.147062,41.360021],[2.146942,41.36002],[2.146835,41.360029],[2.146715,41.360019],[2.146608,41.360009],[2.146512,41.359999],[2.146393,41.359971],[2.146262,41.359934],[2.146119,41.359897],[2.145988,41.359842],[2.145929,41.359815],[2.145858,41.359778],[2.145834,41.35976],[2.145715,41.359696],[2.145691,41.359678],[2.145549,41.359596],[2.145347,41.359486],[2.145193,41.359395],[2.145015,41.359295],[2.144706,41.35913],[2.144719,41.359085],[2.144768,41.358995],[2.144793,41.358915],[2.144818,41.358807],[2.144832,41.358672],[2.144821,41.358554],[2.144811,41.358401],[2.144812,41.358356],[2.144812,41.358329],[2.144829,41.357996],[2.144903,41.357771],[2.145014,41.357556],[2.145184,41.357368],[2.145341,41.357225],[2.145705,41.356805],[2.145851,41.356653],[2.146058,41.356303],[2.146097,41.356078],[2.146184,41.355835],[2.146271,41.355611],[2.146381,41.355404],[2.146466,41.355324],[2.146466,41.355324],[2.14649,41.355297],[2.146635,41.355145],[2.146744,41.355047],[2.146865,41.354958],[2.147118,41.354815],[2.14748,41.354566],[2.148731,41.353927],[2.15032,41.353119],[2.150765,41.352879],[2.150837,41.352843],[2.15097,41.352772],[2.151439,41.352541],[2.152206,41.352403],[2.153061,41.351887],[2.153277,41.351825],[2.153481,41.351782],[2.154339,41.351995],[2.155006,41.352171],[2.155423,41.3523],[2.155577,41.352383],[2.15591,41.352502],[2.156327,41.352676],[2.156766,41.352869],[2.157194,41.353088],[2.157526,41.353289],[2.157621,41.353343],[2.157822,41.35348],[2.158107,41.35368],[2.158474,41.353953],[2.158711,41.354126],[2.159646,41.354853],[2.160059,41.355235],[2.160343,41.355498],[2.160544,41.35568],[2.160733,41.355861],[2.160993,41.356097],[2.16117,41.356261],[2.161962,41.356978],[2.162328,41.357296],[2.162505,41.357459],[2.162836,41.35775],[2.163239,41.358068],[2.163783,41.358487],[2.164648,41.359114],[2.165312,41.35957],[2.166083,41.360035],[2.166498,41.360308],[2.167019,41.360672],[2.16805,41.361418],[2.168595,41.361809],[2.168843,41.362018],[2.169257,41.362418],[2.169586,41.362852],[2.170867,41.364573],[2.171231,41.365116],[2.171395,41.365396],[2.172002,41.366509],[2.172143,41.366753],[2.172354,41.36707],[2.172542,41.36735],[2.172397,41.367466],[2.172456,41.367548],[2.173232,41.368544],[2.17329,41.368662],[2.173325,41.36877],[2.173334,41.368995],[2.173449,41.369348],[2.173552,41.369709],[2.173564,41.369709],[2.173624,41.369691],[2.173624,41.369691],[2.173624,41.369691],[2.173636,41.369691],[2.173708,41.369674],[2.173708,41.369674],[2.173732,41.369665],[2.173732,41.369665],[2.173732,41.369683],[2.173767,41.369746],[2.17379,41.369809],[2.173814,41.369846],[2.173813,41.369855],[2.173825,41.369873],[2.173825,41.369882],[2.173895,41.369999],[2.173919,41.370053],[2.173895,41.370053],[2.173894,41.37008],[2.173941,41.37018],[2.174011,41.370342],[2.173987,41.370342],[2.173975,41.370351],[2.173998,41.370369],[2.17401,41.370387],[2.17401,41.370387],[2.174034,41.370415],[2.174104,41.370505],[2.174257,41.370704],[2.174304,41.37075],[2.17434,41.370795],[2.174388,41.370768],[2.174447,41.370832],[2.174459,41.37085],[2.174459,41.37085],[2.174494,41.370895],[2.174506,41.370904],[2.174588,41.371004],[2.1746,41.371022],[2.174624,41.371031],[2.174659,41.37105],[2.174838,41.371123],[2.174838,41.371123],[2.174909,41.371196],[2.175003,41.371304],[2.175026,41.371331],[2.175062,41.371368],[2.175062,41.371368],[2.175026,41.371386],[2.175132,41.371503],[2.175167,41.371558],[2.175202,41.371594],[2.175214,41.371603],[2.175214,41.371594],[2.175273,41.371667],[2.175261,41.371666],[2.175332,41.371748],[2.175332,41.371757],[2.175473,41.371929],[2.175485,41.371947],[2.175497,41.371947],[2.175509,41.371965],[2.175556,41.37202],[2.175779,41.372301],[2.175803,41.372328],[2.175815,41.372355],[2.175968,41.372545],[2.176027,41.372609],[2.17605,41.372636],[2.17618,41.372799],[2.17618,41.372799],[2.176192,41.372799],[2.176239,41.372862]]]}},{"type":"Feature","properties":{"barri":"la Marina del Prat Vermell","districte":"Sants-Montjuïc"},"geometry":{"type":"MultiPolygon","coordinates":[[[[2.176525,41.372892],[2.176441,41.372918],[2.176297,41.372953],[2.176297,41.372953],[2.176274,41.372917],[2.176262,41.372908],[2.176239,41.372871],[2.176227,41.372871],[2.176239,41.372862],[2.176192,41.372799],[2.17618,41.372799],[2.17618,41.372799],[2.17605,41.372636],[2.176027,41.372609],[2.175968,41.372545],[2.175815,41.372355],[2.175803,41.372328],[2.175779,41.372301],[2.175556,41.37202],[2.175509,41.371965],[2.175497,41.371947],[2.175485,41.371947],[2.175473,41.371929],[2.175332,41.371757],[2.175332,41.371748],[2.175261,41.371666],[2.175273,41.371667],[2.175214,41.371594],[2.175214,41.371603],[2.175202,41.371594],[2.175167,41.371558],[2.175132,41.371503],[2.175026,41.371386],[2.175062,41.371368],[2.175062,41.371368],[2.175026,41.371331],[2.175003,41.371304],[2.174909,41.371196],[2.174838,41.371123],[2.174838,41.371123],[2.174659,41.37105],[2.174624,41.371031],[2.1746,41.371022],[2.174588,41.371004],[2.174506,41.370904],[2.174494,41.370895],[2.174459,41.37085],[2.174459,41.37085],[2.174447,41.370832],[2.174388,41.370768],[2.17434,41.370795],[2.174304,41.37075],[2.174257,41.370704],[2.174104,41.370505],[2.174034,41.370415],[2.17401,41.370387],[2.17401,41.370387],[2.173998,41.370369],[2.173975,41.370351],[2.173987,41.370342],[2.174011,41.370342],[2.173941,41.37018],[2.173894,41.37008],[2.173895,41.370053],[2.173919,41.370053],[2.173895,41.369999],[2.173825,41.369882],[2.173825,41.369873],[2.173813,41.369855],[2.173814,41.369846],[2.17379,41.369809],[2.173767,41.369746],[2.173732,41.369683],[2.173732,41.369665],[2.173732,41.369665],[2.173708,41.369674],[2.173708,41.369674],[2.173636,41.369691],[2.173624,41.369691],[2.173624,41.369691],[2.173624,41.369691],[2.173564,41.369709],[2.173552,41.369709],[2.173449,41.369348],[2.173334,41.368995],[2.173325,41.36877],[2.17329,41.368662],[2.173232,41.368544],[2.172456,41.367548],[2.172397,41.367466],[2.172542,41.36735],[2.172354,41.36707],[2.172143,41.366753],[2.172002,41.366509],[2.171395,41.365396],[2.171231,41.365116],[2.170867,41.364573],[2.169586,41.362852],[2.169257,41.362418],[2.168843,41.362018],[2.168595,41.361809],[2.16805,41.361418],[2.167019,41.360672],[2.166498,41.360308],[2.166083,41.360035],[2.165312,41.35957],[2.164648,41.359114],[2.163783,41.358487],[2.163239,41.358068],[2.162836,41.35775],[2.162505,41.357459],[2.162328,41.357296],[2.161962,41.356978],[2.16117,41.356261],[2.160993,41.356097],[2.160733,41.355861],[2.160544,41.35568],[2.160343,41.355498],[2.160059,41.355235],[2.159646,41.354853],[2.158711,41.354126],[2.158474,41.353953],[2.158107,41.35368],[2.157822,41.35348],[2.157621,41.353343],[2.157526,41.353289],[2.157194,41.353088],[2.156766,41.352869],[2.156327,41.352676],[2.15591,41.352502],[2.155577,41.352383],[2.155423,41.3523],[2.155006,41.352171],[2.154339,41.351995],[2.153481,41.351782],[2.153277,41.351825],[2.153061,41.351887],[2.152206,41.352403],[2.151439,41.352541],[2.15097,41.352772],[2.150837,41.352843],[2.150765,41.352879],[2.15032,41.353119],[2.148731,41.353927],[2.14748,41.354566],[2.147118,41.354815],[2.146865,41.354958],[2.146744,41.355047],[2.146635,41.355145],[2.14649,41.355297],[2.146466,41.355324],[2.146466,41.355324],[2.146381,41.355404],[2.146215,41.355277],[2.146049,41.355186],[2.145158,41.354765],[2.144205,41.354514],[2.143943,41.354431],[2.143646,41.354321],[2.14336,41.354211],[2.142995,41.354704],[2.142569,41.355295],[2.141948,41.356146],[2.141814,41.356343],[2.140114,41.355637],[2.137628,41.354628],[2.136487,41.354169],[2.134204,41.353242],[2.133895,41.353059],[2.133777,41.353004],[2.135042,41.351302],[2.135176,41.351132],[2.135298,41.350989],[2.1356,41.350685],[2.135625,41.350649],[2.136522,41.34971],[2.136716,41.349513],[2.136934,41.349281],[2.137201,41.349004],[2.137261,41.348941],[2.137419,41.348771],[2.137074,41.348651],[2.136791,41.348361],[2.13566,41.347974],[2.134791,41.347688],[2.133542,41.347256],[2.132114,41.346768],[2.131222,41.346446],[2.130056,41.346013],[2.129271,41.345719],[2.128748,41.345526],[2.128094,41.345296],[2.111197,41.339699],[2.108044,41.338612],[2.101371,41.336335],[2.100526,41.33604],[2.102245,41.335351],[2.102774,41.335103],[2.103135,41.334908],[2.104123,41.334339],[2.104786,41.33393],[2.10539,41.333493],[2.105824,41.333163],[2.106573,41.332583],[2.107648,41.331745],[2.108374,41.331102],[2.108749,41.330727],[2.109115,41.330243],[2.110136,41.328927],[2.111378,41.327252],[2.112302,41.326115],[2.113109,41.325599],[2.114039,41.324877],[2.115654,41.323889],[2.117047,41.323323],[2.118895,41.322734],[2.121748,41.322062],[2.123138,41.321803],[2.125796,41.321354],[2.128514,41.320961],[2.130715,41.32077],[2.132112,41.320808],[2.132578,41.320847],[2.139767,41.321117],[2.141273,41.321093],[2.143748,41.32094],[2.145746,41.320748],[2.146618,41.320781],[2.146726,41.320764],[2.146857,41.320756],[2.147717,41.320762],[2.149522,41.320739],[2.149617,41.32074],[2.149725,41.320759],[2.149857,41.320679],[2.150694,41.321532],[2.150812,41.321677],[2.150929,41.321849],[2.15114,41.322202],[2.151397,41.322618],[2.151725,41.323152],[2.151725,41.323152],[2.152265,41.322967],[2.152289,41.322985],[2.152347,41.323075],[2.15237,41.323193],[2.152463,41.323364],[2.152603,41.323627],[2.152695,41.323861],[2.152706,41.323979],[2.152776,41.324105],[2.152845,41.324304],[2.152892,41.324403],[2.15296,41.324647],[2.153006,41.324801],[2.15304,41.324909],[2.153052,41.324954],[2.153051,41.325017],[2.153097,41.325162],[2.153108,41.325207],[2.153131,41.325324],[2.153177,41.325423],[2.153176,41.325486],[2.153223,41.325559],[2.15327,41.325658],[2.153292,41.325757],[2.153327,41.325857],[2.153338,41.325911],[2.153373,41.325965],[2.153372,41.326037],[2.153395,41.326119],[2.153418,41.326173],[2.153453,41.326272],[2.153488,41.326326],[2.153511,41.32639],[2.153534,41.326444],[2.153546,41.326498],[2.153616,41.32658],[2.153639,41.326643],[2.153685,41.326841],[2.153719,41.32695],[2.153822,41.32732],[2.153845,41.327374],[2.153879,41.327473],[2.153879,41.3275],[2.153819,41.327518],[2.153866,41.32759],[2.153926,41.327573],[2.153961,41.327663],[2.153996,41.327681],[2.15408,41.327655],[2.154164,41.327619],[2.154225,41.327557],[2.154237,41.327521],[2.15425,41.327503],[2.154226,41.327467],[2.154167,41.327421],[2.154037,41.327321],[2.154037,41.327267],[2.154038,41.327249],[2.15405,41.32724],[2.154182,41.327214],[2.154217,41.327214],[2.154265,41.327215],[2.154336,41.327269],[2.154431,41.327351],[2.154501,41.327469],[2.1545,41.327559],[2.154475,41.327613],[2.15439,41.327747],[2.154281,41.327809],[2.154257,41.327836],[2.154269,41.327854],[2.154305,41.327864],[2.154783,41.32784],[2.156982,41.327829],[2.158846,41.327834],[2.15887,41.327789],[2.15893,41.327771],[2.158966,41.327763],[2.158909,41.327573],[2.158826,41.327546],[2.158791,41.327482],[2.158733,41.327338],[2.158721,41.327284],[2.158758,41.327221],[2.158782,41.327194],[2.158819,41.327158],[2.158903,41.327141],[2.159022,41.327142],[2.159094,41.327151],[2.159153,41.327179],[2.1592,41.327224],[2.159247,41.327296],[2.159305,41.327423],[2.159467,41.327829],[2.159537,41.327965],[2.159631,41.328092],[2.159737,41.328237],[2.159805,41.328507],[2.160002,41.328995],[2.160072,41.329167],[2.160292,41.329682],[2.160652,41.330522],[2.16086,41.33101],[2.161104,41.331589],[2.161162,41.331724],[2.161325,41.33205],[2.161382,41.332239],[2.161464,41.33242],[2.161568,41.332682],[2.161673,41.332881],[2.161708,41.332971],[2.161824,41.333233],[2.162045,41.333712],[2.162195,41.334083],[2.162265,41.334218],[2.162311,41.334354],[2.162405,41.334534],[2.162451,41.334652],[2.162498,41.334724],[2.162579,41.334887],[2.162591,41.334932],[2.16266,41.335095],[2.162742,41.335294],[2.162939,41.335718],[2.163126,41.33608],[2.163242,41.336315],[2.163336,41.336505],[2.163451,41.336803],[2.163568,41.337047],[2.163626,41.337174],[2.163601,41.337236],[2.163636,41.337318],[2.163683,41.337336],[2.163731,41.337355],[2.163743,41.337364],[2.163755,41.337382],[2.163754,41.3374],[2.163754,41.3374],[2.163754,41.3374],[2.163754,41.337409],[2.163754,41.337418],[2.163754,41.337418],[2.163742,41.337418],[2.163742,41.337409],[2.16373,41.337427],[2.16373,41.337436],[2.16373,41.337445],[2.163718,41.337453],[2.163694,41.337453],[2.163682,41.337462],[2.163705,41.337498],[2.163705,41.337507],[2.163729,41.337535],[2.163752,41.337589],[2.163775,41.33767],[2.163798,41.337688],[2.163798,41.337697],[2.16381,41.337724],[2.16381,41.337742],[2.163833,41.33777],[2.163857,41.337815],[2.163857,41.337815],[2.163856,41.337842],[2.16388,41.337869],[2.163891,41.337896],[2.163891,41.337914],[2.163903,41.337941],[2.163914,41.337968],[2.163926,41.337995],[2.163938,41.338005],[2.16395,41.338005],[2.16401,41.337996],[2.164201,41.33797],[2.164261,41.337962],[2.164261,41.337962],[2.164477,41.337927],[2.164752,41.337884],[2.164812,41.337876],[2.164836,41.337876],[2.16486,41.337885],[2.164883,41.337894],[2.164883,41.337912],[2.165099,41.337878],[2.165018,41.337616],[2.165174,41.33759],[2.165392,41.338312],[2.165236,41.338338],[2.165156,41.338076],[2.16494,41.338111],[2.16494,41.338129],[2.16494,41.338138],[2.164916,41.338156],[2.164904,41.338165],[2.164892,41.338174],[2.164868,41.338182],[2.164796,41.338191],[2.164664,41.338217],[2.164604,41.338235],[2.164448,41.33826],[2.164365,41.338269],[2.164365,41.338269],[2.164341,41.338278],[2.164329,41.338278],[2.164245,41.338295],[2.164101,41.338312],[2.164077,41.338321],[2.164182,41.338547],[2.164263,41.338746],[2.164368,41.338962],[2.164612,41.339496],[2.164809,41.339957],[2.164925,41.340219],[2.164937,41.340246],[2.164949,41.340255],[2.164961,41.340255],[2.164973,41.340255],[2.164985,41.340255],[2.165081,41.340229],[2.165081,41.34022],[2.165117,41.340202],[2.165152,41.340265],[2.165595,41.34016],[2.165733,41.340612],[2.165637,41.340629],[2.165523,41.34025],[2.165175,41.340337],[2.165291,41.340591],[2.165243,41.340599],[2.16522,41.340554],[2.165208,41.340563],[2.165196,41.340563],[2.165196,41.340572],[2.165184,41.340572],[2.165172,41.340572],[2.165172,41.340581],[2.16516,41.340581],[2.165148,41.34058],[2.165148,41.34059],[2.165148,41.34059],[2.165148,41.340599],[2.165148,41.340599],[2.165136,41.340598],[2.165124,41.340607],[2.165124,41.340616],[2.165123,41.340625],[2.165123,41.340625],[2.165123,41.340634],[2.165123,41.340634],[2.165123,41.340643],[2.165123,41.340652],[2.165111,41.340661],[2.165111,41.340661],[2.165111,41.34067],[2.165123,41.340679],[2.165123,41.340688],[2.165122,41.340697],[2.165122,41.340697],[2.165122,41.340706],[2.165134,41.340716],[2.165134,41.340725],[2.165146,41.340734],[2.165146,41.340743],[2.165146,41.340752],[2.165157,41.34077],[2.165157,41.34077],[2.165169,41.340788],[2.165181,41.340797],[2.165181,41.340815],[2.165192,41.340842],[2.165192,41.340851],[2.165204,41.340869],[2.165204,41.340887],[2.165216,41.340896],[2.165227,41.340905],[2.165227,41.340914],[2.165239,41.340932],[2.165239,41.340941],[2.165239,41.340959],[2.165239,41.340968],[2.16525,41.340978],[2.16525,41.340978],[2.16525,41.340996],[2.165262,41.341005],[2.165262,41.341014],[2.165274,41.341023],[2.165274,41.341023],[2.165274,41.341032],[2.165285,41.341041],[2.165285,41.34105],[2.165285,41.341059],[2.165297,41.341077],[2.165297,41.341077],[2.165309,41.341104],[2.165308,41.341122],[2.16532,41.341131],[2.16532,41.34114],[2.165332,41.34114],[2.165332,41.341149],[2.165344,41.341149],[2.165344,41.341158],[2.165356,41.341158],[2.165356,41.341167],[2.165367,41.341177],[2.165379,41.341177],[2.165391,41.341177],[2.165403,41.341177],[2.165427,41.341177],[2.165439,41.341177],[2.165451,41.341177],[2.165463,41.341168],[2.165487,41.341168],[2.165499,41.341169],[2.165523,41.34116],[2.165535,41.34116],[2.165547,41.341151],[2.165571,41.341151],[2.165583,41.341151],[2.165595,41.341151],[2.165619,41.341151],[2.165631,41.341142],[2.165643,41.341143],[2.165655,41.341143],[2.165679,41.341134],[2.165691,41.341134],[2.165703,41.341134],[2.16575,41.341134],[2.165762,41.341125],[2.165786,41.341126],[2.165798,41.341117],[2.165822,41.341108],[2.165834,41.341108],[2.165846,41.341108],[2.16587,41.341099],[2.165906,41.341099],[2.16593,41.3411],[2.165942,41.341091],[2.165966,41.341091],[2.16599,41.341082],[2.166002,41.341073],[2.166026,41.341073],[2.166038,41.341073],[2.16605,41.341064],[2.166062,41.341065],[2.166098,41.341065],[2.16611,41.341065],[2.166134,41.341065],[2.166157,41.341074],[2.166169,41.341083],[2.166181,41.341083],[2.166193,41.341092],[2.166205,41.341102],[2.166217,41.341111],[2.166229,41.341129],[2.166228,41.341138],[2.166228,41.341156],[2.166228,41.341165],[2.16624,41.341183],[2.16624,41.341201],[2.166251,41.341219],[2.166251,41.341228],[2.166239,41.341246],[2.166239,41.341255],[2.166227,41.341264],[2.166227,41.341273],[2.166227,41.341282],[2.166214,41.341291],[2.166202,41.3413],[2.16619,41.341309],[2.166178,41.341318],[2.166166,41.341326],[2.166142,41.341335],[2.166118,41.341335],[2.166106,41.341335],[2.166082,41.341344],[2.166058,41.341344],[2.166035,41.341344],[2.166011,41.341352],[2.165987,41.341352],[2.165963,41.341352],[2.165939,41.341343],[2.165927,41.341343],[2.165879,41.341324],[2.165868,41.341315],[2.165844,41.341315],[2.165832,41.341324],[2.165808,41.341324],[2.165796,41.341324],[2.165784,41.341324],[2.165772,41.341324],[2.16576,41.341324],[2.165748,41.341323],[2.165724,41.341332],[2.165712,41.341332],[2.165688,41.341341],[2.165676,41.341341],[2.165628,41.341341],[2.165592,41.341349],[2.165568,41.341349],[2.165544,41.341358],[2.16552,41.341358],[2.165496,41.341367],[2.165496,41.341367],[2.165472,41.341367],[2.165448,41.341375],[2.165425,41.341375],[2.165389,41.341375],[2.165377,41.341375],[2.165353,41.341384],[2.165329,41.341392],[2.165305,41.341392],[2.165293,41.341401],[2.165245,41.34141],[2.165221,41.34141],[2.165197,41.341419],[2.165185,41.341418],[2.165173,41.341418],[2.165149,41.341427],[2.165137,41.341427],[2.165137,41.341427],[2.165125,41.341427],[2.165113,41.341427],[2.165089,41.341427],[2.165077,41.341436],[2.165077,41.341445],[2.165065,41.341454],[2.165041,41.341462],[2.165029,41.341471],[2.165017,41.341489],[2.165005,41.341489],[2.164981,41.341498],[2.164969,41.341507],[2.164957,41.341507],[2.164933,41.341516],[2.164921,41.341516],[2.164909,41.341525],[2.164885,41.341524],[2.164873,41.341524],[2.164837,41.341524],[2.164837,41.341524],[2.164813,41.341533],[2.164789,41.341524],[2.164765,41.341524],[2.164741,41.341523],[2.164741,41.341523],[2.164718,41.341523],[2.164694,41.341523],[2.16467,41.341523],[2.164658,41.341532],[2.164634,41.341532],[2.164622,41.341531],[2.164598,41.341531],[2.164586,41.341531],[2.164562,41.341531],[2.16455,41.341522],[2.164538,41.341522],[2.164526,41.341522],[2.164514,41.341522],[2.164502,41.341522],[2.16449,41.341531],[2.164467,41.341521],[2.164443,41.341521],[2.164431,41.34153],[2.164407,41.34153],[2.164395,41.341539],[2.164383,41.341539],[2.164371,41.341539],[2.164347,41.341538],[2.164335,41.341547],[2.164311,41.341547],[2.164275,41.341538],[2.164263,41.341547],[2.164251,41.341547],[2.164227,41.341547],[2.164215,41.341547],[2.164191,41.341555],[2.164191,41.341555],[2.164179,41.341564],[2.164179,41.341564],[2.164167,41.341573],[2.164167,41.341573],[2.164155,41.341573],[2.164155,41.341564],[2.164143,41.341564],[2.164107,41.341573],[2.164083,41.341573],[2.164071,41.341582],[2.164047,41.341581],[2.164035,41.341581],[2.164023,41.34159],[2.164011,41.34159],[2.164,41.34159],[2.163988,41.34159],[2.163964,41.34159],[2.16394,41.341599],[2.16394,41.341599],[2.163928,41.341608],[2.163928,41.341608],[2.163916,41.341607],[2.163904,41.341607],[2.163892,41.341616],[2.16388,41.341616],[2.163868,41.341616],[2.163856,41.341625],[2.163856,41.341625],[2.163844,41.341625],[2.163832,41.341625],[2.163808,41.341625],[2.163796,41.341625],[2.163772,41.341624],[2.16376,41.341633],[2.163748,41.341642],[2.163736,41.341642],[2.163724,41.341651],[2.163712,41.341651],[2.1637,41.341651],[2.163652,41.341669],[2.16364,41.341668],[2.163628,41.341668],[2.163628,41.341668],[2.163628,41.341668],[2.163616,41.341668],[2.163616,41.341677],[2.163616,41.341686],[2.163616,41.341704],[2.163627,41.34174],[2.163627,41.341758],[2.163627,41.341776],[2.163627,41.341785],[2.163638,41.341813],[2.16365,41.341831],[2.163662,41.341849],[2.163673,41.341858],[2.163697,41.341858],[2.163721,41.341858],[2.163721,41.341858],[2.163745,41.341849],[2.163757,41.341849],[2.163781,41.341841],[2.163805,41.341832],[2.163841,41.341832],[2.163877,41.341832],[2.163901,41.341833],[2.163925,41.341833],[2.163948,41.341842],[2.16396,41.34186],[2.16396,41.341878],[2.163972,41.341887],[2.163984,41.341905],[2.163995,41.341914],[2.163995,41.341932],[2.164007,41.34195],[2.164018,41.341977],[2.16403,41.341996],[2.164042,41.342014],[2.164042,41.342032],[2.164042,41.342041],[2.164053,41.342059],[2.164053,41.342059],[2.164053,41.342077],[2.164053,41.342086],[2.164065,41.342095],[2.164065,41.342095],[2.164077,41.342104],[2.164077,41.342113],[2.164064,41.342131],[2.164208,41.342105],[2.164242,41.342231],[2.16253,41.342498],[2.162495,41.342381],[2.162639,41.342355],[2.162639,41.342346],[2.162651,41.342328],[2.162652,41.342319],[2.16264,41.342301],[2.16264,41.342292],[2.162628,41.342283],[2.162628,41.342265],[2.162629,41.342247],[2.162617,41.342229],[2.162605,41.342201],[2.162605,41.342183],[2.162605,41.342183],[2.162594,41.342147],[2.162594,41.342129],[2.162583,41.342102],[2.162583,41.342084],[2.162595,41.342075],[2.162595,41.342066],[2.162619,41.342048],[2.162643,41.34204],[2.162667,41.34204],[2.162691,41.342031],[2.162727,41.342022],[2.162763,41.342022],[2.162787,41.342014],[2.162823,41.342014],[2.162835,41.342005],[2.162835,41.341996],[2.162835,41.341987],[2.162835,41.341987],[2.162835,41.341978],[2.162824,41.341933],[2.162824,41.341915],[2.162812,41.341897],[2.162813,41.341879],[2.162813,41.341861],[2.162778,41.341806],[2.162766,41.341797],[2.162718,41.341797],[2.162706,41.341806],[2.162706,41.341806],[2.162694,41.341815],[2.16267,41.341815],[2.162634,41.341814],[2.162598,41.341823],[2.162574,41.341832],[2.16255,41.341841],[2.162514,41.341849],[2.162502,41.341849],[2.16249,41.341849],[2.162466,41.341858],[2.162442,41.341867],[2.162418,41.341867],[2.162382,41.341866],[2.162358,41.341875],[2.162358,41.341875],[2.162346,41.341884],[2.162322,41.341893],[2.162298,41.341893],[2.162275,41.341893],[2.162227,41.34191],[2.162203,41.34191],[2.162167,41.341919],[2.162143,41.341919],[2.162119,41.341928],[2.162119,41.341928],[2.162071,41.341936],[2.162023,41.341945],[2.161999,41.341945],[2.161963,41.341945],[2.161939,41.341944],[2.161915,41.341953],[2.161891,41.341953],[2.161867,41.341953],[2.161855,41.341962],[2.161843,41.341962],[2.16176,41.34197],[2.161712,41.341979],[2.161688,41.341988],[2.161676,41.341987],[2.161652,41.341996],[2.161628,41.342005],[2.161604,41.342014],[2.16158,41.342014],[2.161556,41.342023],[2.161544,41.342032],[2.161532,41.342031],[2.16152,41.342031],[2.161508,41.34204],[2.161496,41.34204],[2.161472,41.34204],[2.16146,41.342031],[2.161448,41.342031],[2.161412,41.342031],[2.161388,41.34203],[2.161364,41.34203],[2.161328,41.342039],[2.161292,41.342048],[2.161268,41.342057],[2.161245,41.342056],[2.161221,41.342065],[2.161208,41.342074],[2.161184,41.342083],[2.161149,41.342083],[2.161125,41.342083],[2.161101,41.342082],[2.161077,41.342082],[2.161053,41.342082],[2.161041,41.342091],[2.161029,41.342091],[2.161029,41.342109],[2.161029,41.342118],[2.16104,41.342136],[2.16104,41.342154],[2.161052,41.342172],[2.161052,41.34219],[2.161063,41.342217],[2.161087,41.342235],[2.161098,41.342262],[2.16111,41.342281],[2.161122,41.342299],[2.161134,41.342317],[2.161145,41.342371],[2.161157,41.342389],[2.161168,41.342434],[2.161168,41.342461],[2.161168,41.34247],[2.161167,41.342488],[2.161167,41.342497],[2.161167,41.342506],[2.161167,41.342515],[2.161179,41.342533],[2.161178,41.342551],[2.161166,41.34256],[2.161166,41.34256],[2.161178,41.342596],[2.160685,41.342782],[2.159484,41.343251],[2.15946,41.343232],[2.159401,41.34325],[2.159329,41.343267],[2.159281,41.343267],[2.159269,41.343267],[2.159233,41.343258],[2.159209,41.343249],[2.159138,41.343203],[2.158439,41.342757],[2.158439,41.342766],[2.158403,41.342747],[2.158427,41.342729],[2.158403,41.342711],[2.158392,41.342702],[2.15838,41.342684],[2.158368,41.342675],[2.158356,41.342648],[2.158333,41.342639],[2.158321,41.34263],[2.158297,41.34262],[2.158285,41.342611],[2.158262,41.342593],[2.15825,41.342584],[2.158226,41.342584],[2.158202,41.342584],[2.158178,41.342583],[2.158142,41.342592],[2.158106,41.342592],[2.158094,41.342592],[2.15807,41.342592],[2.158046,41.342601],[2.15801,41.3426],[2.157987,41.3426],[2.157987,41.3426],[2.157951,41.3426],[2.157915,41.3426],[2.157867,41.34259],[2.15782,41.342572],[2.157796,41.342563],[2.157724,41.342535],[2.157689,41.342526],[2.157641,41.342498],[2.157606,41.34248],[2.15757,41.342462],[2.157522,41.342444],[2.157475,41.342416],[2.157439,41.342398],[2.157392,41.342371],[2.157332,41.342352],[2.15732,41.342352],[2.157309,41.342343],[2.157261,41.342325],[2.157237,41.342306],[2.157225,41.342297],[2.157202,41.342288],[2.15719,41.342288],[2.157142,41.342261],[2.157083,41.342233],[2.157046,41.342278],[2.157153,41.342324],[2.157093,41.342404],[2.157045,41.342386],[2.156855,41.342295],[2.156916,41.342214],[2.156928,41.342223],[2.156964,41.342178],[2.15694,41.342169],[2.156917,41.34216],[2.156881,41.342142],[2.156833,41.342123],[2.156809,41.342141],[2.156821,41.34215],[2.156785,41.342177],[2.156749,41.342159],[2.156774,41.342123],[2.156773,41.342132],[2.156786,41.342114],[2.156786,41.342123],[2.156798,41.342105],[2.156786,41.342105],[2.156774,41.342096],[2.156762,41.342087],[2.156738,41.342077],[2.156726,41.342077],[2.156714,41.342068],[2.156703,41.342068],[2.156691,41.342059],[2.156679,41.34205],[2.156631,41.342032],[2.156596,41.342013],[2.156596,41.342013],[2.156548,41.341995],[2.156524,41.341986],[2.156513,41.341968],[2.156501,41.341968],[2.156489,41.341959],[2.156465,41.341949],[2.156453,41.341949],[2.156441,41.34194],[2.156418,41.341922],[2.156394,41.341922],[2.156382,41.341913],[2.15637,41.341904],[2.156322,41.341885],[2.156287,41.341858],[2.156275,41.341858],[2.156251,41.34184],[2.156228,41.341822],[2.156228,41.341804],[2.156204,41.341776],[2.156193,41.341758],[2.156193,41.341749],[2.156181,41.341731],[2.156169,41.341722],[2.156169,41.341704],[2.156158,41.341686],[2.156146,41.341668],[2.156134,41.341659],[2.156122,41.341641],[2.156111,41.341623],[2.156087,41.341613],[2.156087,41.341595],[2.156075,41.341577],[2.156064,41.341568],[2.156064,41.34155],[2.156064,41.341532],[2.156052,41.341514],[2.156041,41.341496],[2.156029,41.341478],[2.156017,41.34146],[2.156005,41.341451],[2.156005,41.341451],[2.155982,41.341414],[2.15597,41.341396],[2.155958,41.341387],[2.155947,41.341369],[2.155935,41.341351],[2.155923,41.341315],[2.155912,41.341297],[2.155888,41.341279],[2.155877,41.341233],[2.155865,41.341215],[2.155853,41.341197],[2.155853,41.341197],[2.155842,41.34117],[2.155806,41.341143],[2.155783,41.341116],[2.155771,41.341089],[2.155747,41.341061],[2.155748,41.341052],[2.155736,41.341043],[2.155736,41.341025],[2.155724,41.341016],[2.155712,41.340998],[2.155701,41.340989],[2.155689,41.340971],[2.155677,41.340962],[2.155677,41.340953],[2.155677,41.340944],[2.155666,41.340926],[2.155654,41.340917],[2.155654,41.340899],[2.15563,41.340862],[2.155547,41.340817],[2.15556,41.34079],[2.155548,41.340772],[2.155548,41.340763],[2.155536,41.340754],[2.155536,41.340745],[2.155537,41.340718],[2.155525,41.340699],[2.155513,41.340681],[2.155502,41.340663],[2.15549,41.340645],[2.15549,41.340627],[2.155478,41.340609],[2.155467,41.340591],[2.155455,41.340582],[2.155455,41.340564],[2.155443,41.340546],[2.155443,41.340537],[2.155432,41.340528],[2.15542,41.340519],[2.155408,41.340509],[2.155396,41.340482],[2.155385,41.340473],[2.155385,41.340455],[2.155385,41.340446],[2.155385,41.340437],[2.155385,41.340428],[2.155373,41.340419],[2.155325,41.340428],[2.155326,41.34041],[2.155361,41.34041],[2.155338,41.340401],[2.155326,41.340383],[2.155326,41.340374],[2.155314,41.340347],[2.155303,41.340329],[2.155303,41.340319],[2.155291,41.340301],[2.155279,41.340283],[2.155268,41.340265],[2.155256,41.340247],[2.155244,41.340229],[2.155233,41.340211],[2.155221,41.340193],[2.155209,41.340175],[2.155197,41.340157],[2.155186,41.340129],[2.155186,41.340111],[2.155174,41.340093],[2.155163,41.340075],[2.155151,41.340057],[2.155139,41.340039],[2.155104,41.339994],[2.155104,41.339967],[2.155104,41.339958],[2.155104,41.339949],[2.155093,41.33994],[2.155081,41.339922],[2.155069,41.339912],[2.155069,41.339903],[2.155057,41.339894],[2.155057,41.339885],[2.155034,41.339849],[2.15501,41.339822],[2.154987,41.339795],[2.154987,41.339777],[2.154975,41.339759],[2.154952,41.33974],[2.154928,41.339722],[2.154916,41.339704],[2.154893,41.339677],[2.154881,41.33965],[2.154881,41.339641],[2.154882,41.339623],[2.15487,41.339614],[2.15487,41.339605],[2.154858,41.339587],[2.154846,41.339569],[2.154847,41.33956],[2.154835,41.33955],[2.154835,41.339523],[2.154823,41.339514],[2.154823,41.339505],[2.154788,41.339469],[2.154776,41.33946],[2.154764,41.33946],[2.154752,41.339451],[2.154752,41.339451],[2.154741,41.339433],[2.154718,41.339369],[2.154694,41.339324],[2.154682,41.339306],[2.154671,41.339297],[2.154671,41.339288],[2.154659,41.33927],[2.154647,41.339252],[2.154636,41.339234],[2.154624,41.339234],[2.154612,41.339225],[2.1546,41.339224],[2.154576,41.339206],[2.154565,41.339179],[2.154553,41.33917],[2.154541,41.339161],[2.154541,41.339152],[2.154529,41.339125],[2.154518,41.339107],[2.154506,41.339098],[2.154494,41.339089],[2.154494,41.33908],[2.154482,41.33907],[2.154471,41.339061],[2.154459,41.339061],[2.154447,41.339061],[2.154435,41.339061],[2.154423,41.339061],[2.154411,41.339061],[2.154411,41.339061],[2.154399,41.339052],[2.154387,41.339034],[2.154375,41.339016],[2.154364,41.338979],[2.15434,41.338961],[2.15434,41.338952],[2.154341,41.338943],[2.154329,41.338943],[2.154329,41.338934],[2.154329,41.338925],[2.154341,41.338916],[2.154341,41.338916],[2.154353,41.338907],[2.154365,41.338898],[2.154377,41.338899],[2.154377,41.33889],[2.154389,41.33889],[2.154401,41.338881],[2.154401,41.338872],[2.154401,41.338872],[2.154401,41.338863],[2.154401,41.338854],[2.154402,41.338845],[2.154402,41.338836],[2.15439,41.338818],[2.154355,41.338772],[2.154343,41.338745],[2.154331,41.338727],[2.15432,41.338709],[2.15432,41.3387],[2.154308,41.338691],[2.154296,41.338673],[2.154297,41.338655],[2.154273,41.338628],[2.154261,41.338618],[2.154249,41.3386],[2.154238,41.338591],[2.154226,41.338573],[2.154226,41.338564],[2.154214,41.338546],[2.154203,41.338528],[2.154191,41.33851],[2.154191,41.338501],[2.154179,41.338483],[2.154167,41.338465],[2.154167,41.338465],[2.154168,41.338456],[2.154156,41.338456],[2.154144,41.338437],[2.154132,41.338419],[2.154132,41.33841],[2.154121,41.338401],[2.154121,41.338401],[2.154109,41.338401],[2.154097,41.338383],[2.154109,41.338383],[2.154109,41.338365],[2.154097,41.338365],[2.154097,41.338356],[2.154085,41.338347],[2.154097,41.338338],[2.154097,41.338338],[2.154098,41.338329],[2.154086,41.338311],[2.154086,41.338302],[2.154062,41.338275],[2.154051,41.338266],[2.154039,41.338247],[2.154039,41.338238],[2.154027,41.33822],[2.154015,41.338211],[2.154004,41.338193],[2.153992,41.338184],[2.15398,41.338166],[2.153968,41.338157],[2.153968,41.338148],[2.153957,41.338139],[2.153957,41.338121],[2.153945,41.338112],[2.153933,41.338085],[2.153922,41.338075],[2.15391,41.338066],[2.153898,41.338039],[2.153898,41.338039],[2.153886,41.33803],[2.153886,41.33803],[2.153886,41.338021],[2.153875,41.338003],[2.153863,41.337985],[2.153863,41.337976],[2.153851,41.337958],[2.153852,41.33794],[2.153852,41.337931],[2.15384,41.337913],[2.153828,41.337904],[2.153816,41.337895],[2.153816,41.337886],[2.153805,41.337867],[2.153805,41.337849],[2.153793,41.33784],[2.153793,41.337831],[2.153781,41.337822],[2.153782,41.337813],[2.15377,41.337804],[2.153758,41.337813],[2.153746,41.337813],[2.153746,41.337822],[2.153734,41.337822],[2.153722,41.337822],[2.15371,41.337822],[2.153698,41.337831],[2.153686,41.337831],[2.153674,41.337839],[2.153674,41.33783],[2.153662,41.33783],[2.15365,41.337821],[2.153638,41.337821],[2.153638,41.337812],[2.153626,41.337803],[2.153614,41.337803],[2.153603,41.337794],[2.153591,41.337758],[2.153579,41.33774],[2.153579,41.337731],[2.15358,41.337722],[2.15358,41.337722],[2.153592,41.337713],[2.153592,41.337704],[2.153604,41.337695],[2.153604,41.337686],[2.153616,41.337686],[2.153628,41.337677],[2.153628,41.337677],[2.15364,41.337677],[2.153652,41.337677],[2.153652,41.337668],[2.153664,41.337668],[2.153664,41.337659],[2.153664,41.33765],[2.153664,41.337641],[2.153664,41.337632],[2.153664,41.337623],[2.153653,41.337614],[2.153653,41.337605],[2.153641,41.337596],[2.153641,41.337587],[2.153629,41.337578],[2.153617,41.337569],[2.153618,41.337551],[2.153606,41.337542],[2.153594,41.337533],[2.153594,41.337515],[2.153582,41.337505],[2.15357,41.337505],[2.153571,41.337496],[2.153571,41.337487],[2.153559,41.337469],[2.153559,41.33746],[2.153547,41.337451],[2.153535,41.337442],[2.153535,41.337433],[2.153524,41.337424],[2.153512,41.337415],[2.1535,41.337406],[2.1535,41.337397],[2.1535,41.337379],[2.153488,41.33737],[2.153489,41.337361],[2.153477,41.337343],[2.153465,41.337333],[2.153453,41.337324],[2.153441,41.337315],[2.15343,41.337297],[2.15343,41.337279],[2.153418,41.33727],[2.153418,41.337261],[2.153406,41.337252],[2.153407,41.337234],[2.153407,41.337225],[2.153395,41.337216],[2.153383,41.337207],[2.153372,41.337171],[2.15336,41.337171],[2.153348,41.337152],[2.153348,41.337143],[2.153348,41.337143],[2.153348,41.337134],[2.153336,41.337125],[2.153337,41.337107],[2.153325,41.337107],[2.153313,41.337098],[2.153301,41.337098],[2.153289,41.33708],[2.153301,41.33708],[2.153289,41.337071],[2.153289,41.337062],[2.153278,41.337044],[2.153278,41.337035],[2.153266,41.337035],[2.153266,41.337026],[2.153266,41.337026],[2.153266,41.337017],[2.153254,41.337008],[2.153254,41.337008],[2.153242,41.336999],[2.153242,41.33699],[2.153231,41.336971],[2.153231,41.336971],[2.153231,41.336962],[2.153231,41.336944],[2.153219,41.336926],[2.153208,41.336917],[2.153184,41.336872],[2.153172,41.336863],[2.153161,41.336845],[2.153149,41.336818],[2.153137,41.3368],[2.153126,41.336782],[2.153126,41.336764],[2.153114,41.336754],[2.153102,41.336727],[2.153091,41.336718],[2.153079,41.336709],[2.153079,41.3367],[2.153067,41.336691],[2.153067,41.336682],[2.153043,41.336664],[2.153044,41.336655],[2.153032,41.336637],[2.153032,41.336628],[2.15302,41.336619],[2.153009,41.336592],[2.153009,41.336583],[2.152997,41.336555],[2.152974,41.33651],[2.152962,41.336492],[2.15295,41.336474],[2.15295,41.336465],[2.152939,41.336447],[2.152939,41.336438],[2.152927,41.336429],[2.152915,41.33642],[2.152903,41.33642],[2.152891,41.33642],[2.152879,41.336419],[2.152867,41.336419],[2.152843,41.336428],[2.152831,41.336428],[2.152819,41.336428],[2.152807,41.336437],[2.152795,41.336437],[2.152784,41.336428],[2.152772,41.336428],[2.15276,41.336419],[2.15276,41.336401],[2.152737,41.336364],[2.152737,41.336364],[2.152737,41.336355],[2.152737,41.336346],[2.152737,41.336337],[2.152725,41.336328],[2.152725,41.336319],[2.152725,41.336319],[2.152725,41.33631],[2.152737,41.33631],[2.152737,41.336301],[2.152773,41.336293],[2.152785,41.336284],[2.152785,41.336284],[2.152798,41.336275],[2.152798,41.336275],[2.152798,41.336266],[2.152798,41.336257],[2.152798,41.336239],[2.152798,41.33623],[2.152798,41.33623],[2.152798,41.336221],[2.152798,41.336221],[2.152775,41.336184],[2.152775,41.336175],[2.152763,41.336166],[2.152763,41.336166],[2.152751,41.336148],[2.152751,41.336139],[2.15274,41.336121],[2.15274,41.336112],[2.152728,41.336103],[2.152716,41.336085],[2.152716,41.336085],[2.152716,41.336076],[2.152716,41.336076],[2.152716,41.336076],[2.152716,41.336076],[2.152705,41.336076],[2.152693,41.336067],[2.152693,41.336067],[2.152681,41.336058],[2.152681,41.336058],[2.152681,41.336058],[2.152681,41.336049],[2.152681,41.336031],[2.152681,41.336031],[2.152669,41.336022],[2.152669,41.336013],[2.152658,41.336012],[2.152646,41.335985],[2.152634,41.335967],[2.152634,41.335958],[2.152623,41.33594],[2.152623,41.33594],[2.152599,41.335922],[2.152599,41.335913],[2.152587,41.335913],[2.152587,41.335913],[2.152599,41.335904],[2.152599,41.335904],[2.152587,41.335895],[2.152587,41.335895],[2.152587,41.335886],[2.152576,41.335877],[2.152564,41.335868],[2.152564,41.335859],[2.152552,41.335841],[2.15254,41.335822],[2.152541,41.335813],[2.152529,41.335813],[2.152517,41.335804],[2.152517,41.335804],[2.152517,41.335795],[2.152505,41.335786],[2.152505,41.335786],[2.152505,41.335786],[2.152493,41.335777],[2.152481,41.335777],[2.152481,41.335777],[2.152481,41.335777],[2.152481,41.335768],[2.152482,41.33575],[2.15247,41.33575],[2.152458,41.335741],[2.152482,41.335732],[2.15247,41.335714],[2.152447,41.335687],[2.152447,41.335678],[2.152435,41.335669],[2.152423,41.335659],[2.152411,41.335641],[2.1524,41.335632],[2.1524,41.335623],[2.1524,41.335605],[2.152388,41.335596],[2.152388,41.335596],[2.152376,41.335587],[2.152376,41.335587],[2.152365,41.335551],[2.152353,41.335524],[2.152353,41.335515],[2.152341,41.335506],[2.15233,41.335479],[2.152306,41.335451],[2.152295,41.335433],[2.152295,41.335406],[2.152295,41.335406],[2.152283,41.335388],[2.152283,41.335379],[2.152283,41.33537],[2.152272,41.335352],[2.15226,41.335343],[2.152248,41.335334],[2.152248,41.335325],[2.152236,41.335325],[2.152236,41.335316],[2.152236,41.335316],[2.152236,41.335307],[2.152225,41.335298],[2.152225,41.335298],[2.152225,41.335289],[2.152225,41.335289],[2.152225,41.33528],[2.152225,41.33528],[2.152225,41.33528],[2.152225,41.335271],[2.152225,41.335262],[2.152213,41.335253],[2.15219,41.335234],[2.152178,41.335207],[2.152178,41.335207],[2.152166,41.335198],[2.152166,41.335189],[2.152155,41.335162],[2.152143,41.335144],[2.152131,41.335117],[2.152131,41.335117],[2.15212,41.335108],[2.15212,41.335108],[2.152108,41.335108],[2.152096,41.335081],[2.152096,41.335063],[2.152084,41.335053],[2.152084,41.335044],[2.152073,41.335035],[2.152073,41.335035],[2.152061,41.335035],[2.152049,41.335026],[2.152037,41.335026],[2.152037,41.335035],[2.152001,41.335044],[2.151977,41.335053],[2.151965,41.335053],[2.151965,41.335053],[2.151953,41.335052],[2.151953,41.335052],[2.151941,41.335043],[2.151918,41.335016],[2.151894,41.33498],[2.151882,41.334962],[2.151882,41.334953],[2.151871,41.334953],[2.151871,41.334944],[2.151871,41.334935],[2.151883,41.334935],[2.151883,41.334926],[2.151895,41.334926],[2.151895,41.334926],[2.151907,41.334926],[2.151907,41.334917],[2.151919,41.334917],[2.151919,41.334917],[2.151919,41.334917],[2.151919,41.334917],[2.151943,41.334908],[2.151943,41.334908],[2.151955,41.334899],[2.151955,41.334899],[2.151955,41.33489],[2.151955,41.334881],[2.151955,41.334863],[2.151955,41.334854],[2.151956,41.334845],[2.151956,41.334836],[2.151944,41.334827],[2.151944,41.334818],[2.151932,41.3348],[2.151932,41.3348],[2.15192,41.334791],[2.151909,41.334782],[2.151909,41.334782],[2.151909,41.334764],[2.151909,41.334764],[2.151909,41.334755],[2.151897,41.334755],[2.151897,41.334746],[2.151885,41.334746],[2.151885,41.334737],[2.151862,41.334709],[2.15185,41.334691],[2.15185,41.334691],[2.151838,41.334682],[2.151838,41.334673],[2.151826,41.334664],[2.151826,41.334664],[2.151815,41.334655],[2.151815,41.334637],[2.151803,41.334628],[2.151803,41.334619],[2.151803,41.33461],[2.151803,41.33461],[2.151791,41.334601],[2.151792,41.334592],[2.15178,41.334592],[2.15178,41.334583],[2.151768,41.334583],[2.151768,41.334583],[2.151768,41.334583],[2.151768,41.334583],[2.151756,41.334583],[2.151756,41.334583],[2.151756,41.334583],[2.151756,41.334574],[2.151756,41.334565],[2.151756,41.334556],[2.151733,41.334528],[2.151721,41.334519],[2.151721,41.33451],[2.151721,41.334501],[2.151721,41.334501],[2.151721,41.334501],[2.151721,41.334492],[2.151709,41.334483],[2.151697,41.334474],[2.151686,41.334465],[2.151686,41.334447],[2.151662,41.334411],[2.151663,41.334393],[2.151639,41.334393],[2.151639,41.334384],[2.151651,41.334375],[2.151627,41.334347],[2.151616,41.334338],[2.151604,41.334329],[2.151604,41.33432],[2.151604,41.334311],[2.151604,41.334311],[2.151604,41.334302],[2.151604,41.334302],[2.151592,41.334293],[2.151592,41.334284],[2.151593,41.334275],[2.151581,41.334275],[2.151569,41.334266],[2.151569,41.334257],[2.151569,41.334248],[2.151557,41.33423],[2.151545,41.334221],[2.151545,41.334221],[2.151534,41.334203],[2.151534,41.334194],[2.151534,41.334185],[2.151522,41.334176],[2.151522,41.334167],[2.15151,41.334166],[2.15151,41.334166],[2.151498,41.334166],[2.151498,41.334166],[2.151499,41.334148],[2.151487,41.33413],[2.151475,41.334103],[2.151475,41.334094],[2.151464,41.334076],[2.151452,41.334067],[2.15144,41.334049],[2.15144,41.33404],[2.151428,41.334031],[2.151428,41.334022],[2.151429,41.334013],[2.151417,41.334004],[2.151417,41.333995],[2.151405,41.333977],[2.151405,41.333977],[2.151393,41.333967],[2.151393,41.333958],[2.151393,41.333958],[2.151382,41.333949],[2.151382,41.33394],[2.151382,41.33394],[2.151382,41.33394],[2.15137,41.333922],[2.15137,41.333913],[2.151358,41.333895],[2.151359,41.333886],[2.151347,41.333868],[2.151335,41.333859],[2.151323,41.33385],[2.151323,41.333832],[2.151312,41.333814],[2.1513,41.333796],[2.151288,41.333768],[2.151288,41.333759],[2.151277,41.33375],[2.151277,41.333741],[2.151265,41.333741],[2.151265,41.333741],[2.151253,41.333741],[2.151253,41.333732],[2.151241,41.333732],[2.151241,41.333732],[2.151241,41.333732],[2.151229,41.333732],[2.151229,41.333732],[2.151217,41.333732],[2.151217,41.333741],[2.151217,41.333741],[2.151205,41.333741],[2.151205,41.333741],[2.151193,41.33375],[2.151193,41.33375],[2.151181,41.33375],[2.151181,41.33375],[2.151181,41.33375],[2.151169,41.33375],[2.151169,41.33375],[2.151169,41.33375],[2.151157,41.333749],[2.151145,41.333749],[2.151145,41.33374],[2.151145,41.33374],[2.15111,41.333713],[2.151086,41.333686],[2.151063,41.333659],[2.151063,41.333659],[2.151063,41.33365],[2.151063,41.333641],[2.151063,41.333641],[2.151075,41.333632],[2.151075,41.333632],[2.151087,41.333623],[2.151099,41.333614],[2.151099,41.333614],[2.151111,41.333614],[2.151111,41.333614],[2.151123,41.333605],[2.151135,41.333596],[2.151147,41.333587],[2.151159,41.333587],[2.151159,41.333587],[2.151159,41.333578],[2.151159,41.333578],[2.15116,41.333569],[2.151148,41.33356],[2.151148,41.333542],[2.151136,41.333542],[2.151124,41.333515],[2.151124,41.333506],[2.151125,41.333497],[2.151113,41.333488],[2.151113,41.333479],[2.151089,41.333452],[2.151078,41.333434],[2.151078,41.333434],[2.151078,41.333425],[2.151078,41.333425],[2.151066,41.333416],[2.151054,41.333397],[2.151031,41.333379],[2.151031,41.33337],[2.151031,41.333361],[2.151031,41.333361],[2.151007,41.333343],[2.151007,41.333334],[2.150984,41.333316],[2.150984,41.333316],[2.150972,41.333298],[2.150972,41.333298],[2.150984,41.333289],[2.150984,41.333289],[2.150984,41.333289],[2.150972,41.33328],[2.15096,41.333271],[2.150948,41.333262],[2.150937,41.333243],[2.150937,41.333243],[2.150937,41.333243],[2.150925,41.333234],[2.150925,41.333234],[2.150937,41.333216],[2.150937,41.333207],[2.150937,41.333198],[2.150937,41.333198],[2.150925,41.333189],[2.150925,41.333189],[2.150925,41.333189],[2.150926,41.33318],[2.150914,41.333171],[2.150914,41.333171],[2.150902,41.333171],[2.15089,41.333162],[2.150902,41.333153],[2.15089,41.333135],[2.150867,41.333117],[2.150855,41.333099],[2.150843,41.333063],[2.150843,41.333063],[2.150738,41.332927],[2.150714,41.3329],[2.150714,41.332872],[2.150703,41.332854],[2.150691,41.332827],[2.150668,41.332791],[2.150644,41.332746],[2.150621,41.332719],[2.150597,41.332682],[2.150574,41.332646],[2.150562,41.332619],[2.150539,41.332583],[2.150504,41.332529],[2.15048,41.33251],[2.150468,41.33251],[2.150432,41.332501],[2.150373,41.332483],[2.150349,41.332473],[2.150302,41.332419],[2.150302,41.332401],[2.150291,41.332383],[2.150303,41.332356],[2.150315,41.332329],[2.150339,41.332311],[2.150351,41.332293],[2.150352,41.332284],[2.150364,41.332275],[2.150352,41.332266],[2.15034,41.33223],[2.150317,41.332203],[2.150293,41.332167],[2.150258,41.33213],[2.150223,41.332085],[2.150199,41.33204],[2.150188,41.332004],[2.150164,41.331977],[2.150141,41.331949],[2.150117,41.331922],[2.150106,41.331895],[2.150094,41.331877],[2.150082,41.331859],[2.150082,41.33185],[2.150083,41.331832],[2.150059,41.331814],[2.150047,41.331805],[2.150023,41.331786],[2.150012,41.331786],[2.15,41.331768],[2.15,41.331759],[2.149988,41.33175],[2.149977,41.331714],[2.149953,41.331669],[2.149918,41.331624],[2.149883,41.331569],[2.149848,41.331515],[2.149801,41.331434],[2.149754,41.331352],[2.149743,41.331334],[2.149731,41.331316],[2.149707,41.331307],[2.149683,41.331289],[2.14966,41.331279],[2.149577,41.331234],[2.149565,41.331225],[2.149553,41.331207],[2.14953,41.331161],[2.149495,41.331107],[2.149495,41.331089],[2.149483,41.33108],[2.149483,41.331062],[2.149495,41.331035],[2.149508,41.331017],[2.14952,41.33099],[2.149532,41.330972],[2.149532,41.330954],[2.149533,41.330927],[2.149521,41.330909],[2.149486,41.330882],[2.149462,41.330864],[2.149438,41.330827],[2.149415,41.3308],[2.149415,41.330791],[2.14938,41.330728],[2.149321,41.330646],[2.149275,41.330565],[2.149216,41.330465],[2.149193,41.330438],[2.149158,41.330375],[2.149099,41.330284],[2.149052,41.330203],[2.149005,41.330131],[2.148958,41.330058],[2.148947,41.33004],[2.148935,41.330013],[2.148935,41.330013],[2.148923,41.330004],[2.148923,41.330004],[2.148912,41.329995],[2.1489,41.329995],[2.148888,41.329995],[2.148864,41.329994],[2.148852,41.329985],[2.14884,41.329985],[2.14884,41.329985],[2.148804,41.329994],[2.14878,41.330003],[2.148756,41.330012],[2.148708,41.33002],[2.148684,41.33002],[2.148684,41.33002],[2.148552,41.330064],[2.147688,41.330364],[2.145899,41.33099],[2.146086,41.331289],[2.145846,41.331368],[2.147286,41.333694],[2.144284,41.334743],[2.145314,41.336427],[2.145614,41.336321],[2.145626,41.336321],[2.145611,41.336555],[2.149554,41.336665],[2.149566,41.336665],[2.149566,41.336674],[2.14961,41.336927],[2.149631,41.337134],[2.14974,41.337973],[2.149806,41.338369],[2.149883,41.338946],[2.149948,41.339433],[2.149981,41.339659],[2.150035,41.340056],[2.1502,41.341228],[2.150254,41.341669],[2.150342,41.342256],[2.150407,41.342743],[2.15092,41.346484],[2.151028,41.346476],[2.151028,41.346467],[2.151088,41.346468],[2.151088,41.346468],[2.151183,41.346459],[2.151183,41.346459],[2.151243,41.346451],[2.151243,41.34646],[2.151865,41.34641],[2.151855,41.346257],[2.151831,41.346257],[2.15181,41.346068],[2.151822,41.346068],[2.1518,41.345914],[2.151788,41.345914],[2.151766,41.345797],[2.151766,41.345761],[2.151778,41.345743],[2.151791,41.345725],[2.151815,41.345716],[2.151827,41.345716],[2.151838,41.345726],[2.15185,41.345726],[2.151862,41.345744],[2.151885,41.34578],[2.151896,41.345906],[2.151884,41.345906],[2.151906,41.346059],[2.15193,41.34606],[2.151951,41.346249],[2.151939,41.346249],[2.151961,41.346402],[2.152571,41.346353],[2.152571,41.346353],[2.152631,41.346344],[2.152631,41.346353],[2.152739,41.346336],[2.15264,41.345632],[2.152832,41.345616],[2.152844,41.345607],[2.152964,41.345599],[2.152964,41.345599],[2.153011,41.345599],[2.152858,41.34449],[2.153217,41.344466],[2.153009,41.342987],[2.15301,41.342942],[2.153108,41.342735],[2.153312,41.342701],[2.153371,41.342737],[2.153763,41.342965],[2.153964,41.343075],[2.15769,41.345192],[2.157678,41.34521],[2.160407,41.346761],[2.161499,41.347382],[2.162496,41.347947],[2.162875,41.348166],[2.163243,41.348367],[2.163147,41.348466],[2.163075,41.34842],[2.163039,41.348447],[2.163383,41.348638],[2.163696,41.348524],[2.163672,41.348487],[2.163636,41.348505],[2.163566,41.348397],[2.166905,41.347142],[2.167139,41.347495],[2.167386,41.347875],[2.167608,41.34821],[2.167925,41.348698],[2.168101,41.348961],[2.170622,41.352807],[2.170927,41.353269],[2.171525,41.354183],[2.172041,41.35497],[2.172815,41.356147],[2.17305,41.3565],[2.17305,41.356518],[2.17305,41.356527],[2.173037,41.356536],[2.172953,41.356589],[2.169902,41.358648],[2.17002,41.358838],[2.170195,41.359119],[2.170301,41.359272],[2.170606,41.359734],[2.170934,41.36025],[2.175006,41.358748],[2.17533,41.358624],[2.175354,41.358615],[2.175378,41.358615],[2.175402,41.358616],[2.175426,41.358625],[2.17545,41.358634],[2.175462,41.358643],[2.175638,41.358914],[2.17586,41.359249],[2.176095,41.35962],[2.176131,41.359612],[2.176741,41.360553],[2.176176,41.360765],[2.176164,41.360738],[2.17536,41.361038],[2.174903,41.361206],[2.174531,41.361339],[2.174038,41.361515],[2.17369,41.361648],[2.173843,41.361883],[2.173482,41.362034],[2.175987,41.365321],[2.176828,41.365021],[2.177224,41.364871],[2.178065,41.364571],[2.179278,41.36412],[2.178997,41.363676],[2.179309,41.363562],[2.179708,41.364168],[2.180236,41.364991],[2.180716,41.365751],[2.180752,41.365797],[2.180752,41.365815],[2.180751,41.365833],[2.180739,41.36586],[2.180727,41.365878],[2.180715,41.365887],[2.180703,41.365895],[2.18033,41.366028],[2.179826,41.366222],[2.179673,41.365978],[2.176514,41.367136],[2.17669,41.367398],[2.176391,41.367423],[2.176512,41.368253],[2.176568,41.368568],[2.176677,41.369389],[2.177036,41.369355],[2.177114,41.369824],[2.176755,41.369849],[2.177085,41.372148],[2.177372,41.372123],[2.177455,41.37216],[2.17762,41.372359],[2.17762,41.372359],[2.17762,41.372359],[2.17762,41.372359],[2.177596,41.372368],[2.177524,41.372403],[2.177452,41.372439],[2.177356,41.372483],[2.177319,41.372501],[2.177283,41.37251],[2.177089,41.372751],[2.176945,41.372795],[2.176525,41.372892]]],[[[2.175214,41.349841],[2.17519,41.34985],[2.175178,41.349868],[2.175166,41.349876],[2.175154,41.349894],[2.175154,41.349903],[2.175165,41.349922],[2.175165,41.349931],[2.175177,41.349949],[2.175189,41.349967],[2.175212,41.349976],[2.175236,41.349985],[2.175248,41.349994],[2.175248,41.349994],[2.175224,41.350003],[2.175188,41.350012],[2.175188,41.35003],[2.175188,41.350039],[2.175187,41.350057],[2.175199,41.350066],[2.175211,41.350075],[2.175223,41.350084],[2.175235,41.350084],[2.175247,41.350093],[2.175258,41.350111],[2.175246,41.350129],[2.175234,41.350138],[2.175222,41.350138],[2.175198,41.350156],[2.175198,41.350174],[2.175198,41.350192],[2.175197,41.35021],[2.175197,41.350228],[2.175197,41.350246],[2.175209,41.350264],[2.175233,41.350273],[2.175232,41.350291],[2.175208,41.3503],[2.175208,41.350309],[2.175232,41.350327],[2.175232,41.350354],[2.175243,41.350372],[2.175243,41.350381],[2.175255,41.3504],[2.175254,41.350436],[2.175266,41.350472],[2.175277,41.350508],[2.175277,41.350544],[2.175289,41.350562],[2.1753,41.350589],[2.175312,41.350607],[2.175324,41.350616],[2.175336,41.350634],[2.175359,41.350653],[2.175371,41.350671],[2.175371,41.35068],[2.175383,41.350698],[2.175382,41.350716],[2.175394,41.350743],[2.175394,41.350761],[2.175394,41.35077],[2.175394,41.350779],[2.175393,41.350797],[2.175405,41.350806],[2.175417,41.350842],[2.175428,41.350869],[2.175452,41.350896],[2.175475,41.350924],[2.175499,41.350951],[2.175511,41.350969],[2.175522,41.350978],[2.175546,41.350996],[2.175558,41.351014],[2.175582,41.351023],[2.175605,41.351051],[2.175629,41.351069],[2.175641,41.351078],[2.175653,41.351087],[2.175676,41.351105],[2.175688,41.351123],[2.1757,41.351123],[2.175724,41.351124],[2.175736,41.351124],[2.175748,41.351124],[2.17576,41.351133],[2.175771,41.35116],[2.175771,41.351169],[2.175759,41.351178],[2.175771,41.351196],[2.175783,41.351205],[2.175794,41.351214],[2.175806,41.351232],[2.175818,41.35125],[2.175842,41.351259],[2.175865,41.351269],[2.175877,41.351287],[2.175877,41.351296],[2.175877,41.351314],[2.175877,41.351332],[2.175888,41.351341],[2.1759,41.351359],[2.175912,41.351377],[2.175912,41.351395],[2.175911,41.351413],[2.175923,41.35144],[2.175935,41.351458],[2.175946,41.351494],[2.17597,41.351522],[2.17597,41.35154],[2.175981,41.351549],[2.175993,41.351558],[2.176017,41.351558],[2.176029,41.351567],[2.176041,41.351585],[2.176052,41.351612],[2.176052,41.35163],[2.176064,41.351648],[2.176064,41.351675],[2.176051,41.351693],[2.176039,41.351702],[2.176027,41.351711],[2.176015,41.351729],[2.176003,41.351756],[2.175991,41.351774],[2.17599,41.351792],[2.176002,41.35181],[2.176026,41.351819],[2.176038,41.351837],[2.176037,41.351864],[2.176037,41.351882],[2.176037,41.3519],[2.176037,41.351918],[2.176036,41.351927],[2.176036,41.351945],[2.176048,41.351955],[2.176048,41.351973],[2.17606,41.351982],[2.176048,41.352],[2.176047,41.352009],[2.176035,41.352018],[2.176023,41.352026],[2.176023,41.352044],[2.176023,41.352053],[2.176023,41.352071],[2.176034,41.35209],[2.176034,41.352108],[2.176046,41.352117],[2.176046,41.352135],[2.176046,41.352153],[2.176045,41.352162],[2.176045,41.35218],[2.176045,41.352207],[2.176057,41.352234],[2.17608,41.35227],[2.176091,41.352306],[2.176115,41.352342],[2.17615,41.352379],[2.176174,41.352406],[2.176197,41.352433],[2.176209,41.35246],[2.176233,41.352478],[2.176244,41.352496],[2.176256,41.352506],[2.176268,41.352524],[2.176292,41.352533],[2.176304,41.352551],[2.176315,41.352569],[2.176339,41.352578],[2.176375,41.352596],[2.176386,41.352615],[2.17641,41.352633],[2.176422,41.352642],[2.176434,41.35266],[2.176433,41.352687],[2.176433,41.352714],[2.176445,41.352732],[2.176456,41.352759],[2.17648,41.352777],[2.176492,41.352795],[2.176503,41.352823],[2.176527,41.35285],[2.176539,41.352868],[2.17655,41.352886],[2.176562,41.352904],[2.176586,41.352931],[2.176597,41.352949],[2.176609,41.352967],[2.176609,41.352985],[2.176609,41.353003],[2.17662,41.353031],[2.17662,41.353058],[2.176632,41.353076],[2.176655,41.353094],[2.176667,41.353103],[2.176679,41.353112],[2.176691,41.353121],[2.176703,41.353139],[2.176714,41.353148],[2.176714,41.353166],[2.176714,41.353184],[2.176714,41.353211],[2.176725,41.353229],[2.176737,41.353257],[2.176737,41.353275],[2.176748,41.353293],[2.176772,41.353311],[2.176784,41.353329],[2.176808,41.353347],[2.176819,41.353365],[2.176843,41.353392],[2.176855,41.353411],[2.176866,41.353429],[2.176878,41.353456],[2.17689,41.353474],[2.176901,41.353492],[2.176913,41.35351],[2.176925,41.353537],[2.176948,41.353564],[2.17696,41.353591],[2.176983,41.353628],[2.177019,41.353664],[2.177042,41.353709],[2.177078,41.353745],[2.177101,41.353791],[2.177136,41.353827],[2.17716,41.353863],[2.177183,41.35389],[2.177195,41.353908],[2.177219,41.353927],[2.17723,41.353954],[2.177242,41.353972],[2.177242,41.35399],[2.177254,41.354008],[2.177253,41.354035],[2.177277,41.354053],[2.177288,41.35408],[2.177312,41.354116],[2.177336,41.354135],[2.177347,41.354153],[2.177371,41.35418],[2.177371,41.354189],[2.177383,41.354207],[2.177394,41.354225],[2.177406,41.354252],[2.177418,41.35427],[2.177429,41.354288],[2.177441,41.354306],[2.177453,41.354316],[2.177476,41.354343],[2.177488,41.354361],[2.177488,41.354379],[2.177488,41.354397],[2.177499,41.354424],[2.177511,41.354451],[2.177523,41.354478],[2.177522,41.354496],[2.177534,41.354514],[2.177546,41.354541],[2.177557,41.35456],[2.177569,41.354587],[2.177581,41.354614],[2.177592,41.354632],[2.177604,41.354659],[2.177628,41.354686],[2.177639,41.354713],[2.177651,41.354731],[2.177674,41.354759],[2.177686,41.354777],[2.17771,41.354804],[2.177721,41.354822],[2.177733,41.35484],[2.177757,41.354867],[2.177768,41.354894],[2.17778,41.35493],[2.177803,41.354958],[2.177827,41.354994],[2.177838,41.355021],[2.17785,41.355039],[2.177862,41.355066],[2.177873,41.355093],[2.177885,41.355111],[2.177897,41.35512],[2.177921,41.355139],[2.177932,41.355157],[2.177944,41.355175],[2.177968,41.355184],[2.17798,41.355211],[2.178003,41.355229],[2.178015,41.355247],[2.178015,41.355265],[2.178015,41.355283],[2.178002,41.355292],[2.178002,41.355301],[2.178002,41.35531],[2.178002,41.355328],[2.178026,41.355338],[2.178038,41.355338],[2.17805,41.355347],[2.178061,41.355356],[2.178073,41.355374],[2.178097,41.355401],[2.178108,41.355428],[2.178132,41.355455],[2.178144,41.355482],[2.178167,41.35551],[2.178179,41.355546],[2.178214,41.355573],[2.17825,41.3556],[2.178273,41.355619],[2.178285,41.355637],[2.178297,41.355664],[2.178308,41.355682],[2.178332,41.355709],[2.178355,41.355736],[2.178367,41.355754],[2.178379,41.355772],[2.178391,41.355791],[2.17839,41.355809],[2.178402,41.355836],[2.178402,41.355863],[2.178413,41.355881],[2.178425,41.355908],[2.178437,41.355935],[2.178448,41.355953],[2.17846,41.355971],[2.178472,41.355989],[2.178495,41.356016],[2.178507,41.356044],[2.178531,41.356062],[2.178542,41.356089],[2.178566,41.356107],[2.17859,41.356125],[2.178613,41.356143],[2.178625,41.356152],[2.178649,41.356171],[2.178661,41.356189],[2.178672,41.356207],[2.178684,41.356234],[2.178696,41.356243],[2.178696,41.356261],[2.178719,41.356288],[2.178731,41.356306],[2.178731,41.356324],[2.178742,41.356342],[2.178754,41.356361],[2.178754,41.356379],[2.178766,41.356388],[2.178778,41.356397],[2.178789,41.356415],[2.178813,41.356424],[2.178837,41.356442],[2.178837,41.356451],[2.178848,41.356469],[2.178836,41.356487],[2.178836,41.356505],[2.178836,41.356523],[2.178847,41.356541],[2.178859,41.35655],[2.178871,41.35656],[2.178883,41.356569],[2.178907,41.356578],[2.178919,41.356587],[2.17893,41.356596],[2.178942,41.356614],[2.178954,41.356632],[2.178954,41.35665],[2.178965,41.356668],[2.178965,41.356686],[2.178977,41.356704],[2.178989,41.356723],[2.179,41.356741],[2.179012,41.356768],[2.179036,41.356786],[2.179047,41.356813],[2.179071,41.35684],[2.179082,41.356867],[2.179094,41.356885],[2.179106,41.356913],[2.179129,41.35694],[2.179141,41.356958],[2.179165,41.356985],[2.179176,41.357003],[2.1792,41.357021],[2.179212,41.357048],[2.179235,41.357076],[2.179247,41.357094],[2.17927,41.35713],[2.179294,41.357157],[2.179306,41.357175],[2.179317,41.357193],[2.179341,41.357229],[2.179353,41.357257],[2.179364,41.357293],[2.179376,41.357329],[2.179387,41.357356],[2.179411,41.357374],[2.179423,41.357392],[2.179446,41.357401],[2.17947,41.357429],[2.179482,41.357447],[2.179493,41.357465],[2.179505,41.357483],[2.179505,41.357501],[2.179505,41.357519],[2.179504,41.357537],[2.179504,41.357546],[2.179504,41.357564],[2.179516,41.357573],[2.17954,41.357582],[2.179564,41.357591],[2.179575,41.357618],[2.179587,41.357637],[2.179587,41.357646],[2.179587,41.357664],[2.179586,41.357673],[2.179598,41.357691],[2.17961,41.357709],[2.179634,41.357727],[2.179645,41.357754],[2.179657,41.357772],[2.179669,41.35779],[2.17968,41.357817],[2.179692,41.357835],[2.179704,41.357854],[2.179715,41.357872],[2.179727,41.357899],[2.179739,41.357926],[2.179762,41.357944],[2.179774,41.357962],[2.179786,41.35798],[2.179809,41.358007],[2.179833,41.358026],[2.179857,41.358044],[2.17988,41.358062],[2.179904,41.35808],[2.179916,41.358098],[2.179928,41.358107],[2.179927,41.358125],[2.179939,41.358153],[2.179939,41.358171],[2.179939,41.358189],[2.179938,41.358216],[2.179938,41.358234],[2.17995,41.358252],[2.179961,41.35827],[2.179985,41.358288],[2.179997,41.358297],[2.180009,41.358315],[2.180033,41.358324],[2.180032,41.358342],[2.180032,41.35836],[2.180032,41.358378],[2.180044,41.358396],[2.180043,41.358405],[2.180055,41.358424],[2.180067,41.358442],[2.180079,41.358451],[2.180091,41.358469],[2.180114,41.358487],[2.180126,41.358505],[2.180138,41.358523],[2.180149,41.358541],[2.180149,41.358568],[2.180161,41.358586],[2.180172,41.358614],[2.180184,41.358632],[2.180196,41.35865],[2.180207,41.358677],[2.180231,41.358686],[2.180243,41.358704],[2.180267,41.358713],[2.180278,41.358731],[2.18029,41.358741],[2.180302,41.358759],[2.180326,41.358777],[2.180337,41.358804],[2.180337,41.358831],[2.180349,41.358867],[2.18036,41.358903],[2.180384,41.35893],[2.180383,41.358957],[2.180395,41.358984],[2.180407,41.359003],[2.180418,41.35903],[2.18043,41.359057],[2.180453,41.359084],[2.180465,41.359102],[2.180477,41.35912],[2.1805,41.359147],[2.180512,41.359165],[2.180536,41.359193],[2.180559,41.359211],[2.180571,41.359229],[2.180595,41.359247],[2.180607,41.359265],[2.18063,41.359292],[2.180642,41.35931],[2.180665,41.359338],[2.180677,41.359365],[2.180701,41.359392],[2.180712,41.359419],[2.180724,41.359446],[2.180723,41.359473],[2.180735,41.3595],[2.180747,41.359518],[2.180758,41.359546],[2.18077,41.359564],[2.180782,41.359582],[2.180806,41.3596],[2.180817,41.359618],[2.180841,41.359636],[2.180853,41.359663],[2.180876,41.35969],[2.1809,41.359727],[2.180911,41.359745],[2.180923,41.359763],[2.180947,41.359781],[2.180958,41.359808],[2.18097,41.359826],[2.18097,41.359844],[2.180982,41.359853],[2.180982,41.359871],[2.180993,41.359889],[2.181017,41.359908],[2.181017,41.359917],[2.181029,41.359926],[2.181052,41.359944],[2.181064,41.359953],[2.181088,41.359971],[2.181112,41.359989],[2.181111,41.360016],[2.181123,41.360035],[2.181134,41.360071],[2.181146,41.360107],[2.181157,41.360143],[2.181193,41.360197],[2.181228,41.360242],[2.181298,41.360396],[2.18138,41.36055],[2.181426,41.360622],[2.181461,41.360694],[2.181555,41.360857],[2.181649,41.36102],[2.181695,41.361101],[2.181778,41.36121],[2.181848,41.361319],[2.181907,41.361418],[2.181965,41.361509],[2.182036,41.361608],[2.182094,41.361699],[2.182188,41.361835],[2.18227,41.36197],[2.182329,41.362061],[2.182376,41.36216],[2.182446,41.362242],[2.182505,41.362323],[2.182563,41.362432],[2.182634,41.362531],[2.182728,41.362658],[2.182775,41.362722],[2.18281,41.362794],[2.18288,41.362902],[2.182951,41.36302],[2.182998,41.363092],[2.183033,41.363165],[2.183056,41.363192],[2.18308,41.36321],[2.183115,41.363228],[2.183139,41.363238],[2.183175,41.363247],[2.183223,41.363247],[2.183294,41.363257],[2.183366,41.363266],[2.183414,41.363266],[2.183438,41.363276],[2.183449,41.363294],[2.183461,41.363303],[2.183473,41.363321],[2.183473,41.363339],[2.183435,41.36351],[2.183422,41.363591],[2.183397,41.363681],[2.183371,41.363834],[2.183345,41.363996],[2.183319,41.364122],[2.183294,41.364256],[2.183269,41.364355],[2.183232,41.364454],[2.183145,41.364661],[2.183083,41.364867],[2.183286,41.364905],[2.183055,41.365201],[2.183007,41.365218],[2.182888,41.36519],[2.182864,41.365154],[2.182904,41.364857],[2.182534,41.364783],[2.182522,41.364773],[2.182403,41.364746],[2.182321,41.364628],[2.182121,41.364311],[2.180902,41.36242],[2.180163,41.361289],[2.17994,41.360945],[2.179706,41.360565],[2.179095,41.359642],[2.17804,41.357986],[2.177759,41.357569],[2.17709,41.35652],[2.176739,41.355968],[2.17627,41.355244],[2.175261,41.353696],[2.175156,41.353533],[2.174616,41.352692],[2.174511,41.352529],[2.174464,41.352448],[2.173479,41.350927],[2.172541,41.349479],[2.172424,41.349289],[2.1721,41.349404],[2.172029,41.349286],[2.171994,41.349232],[2.171913,41.34906],[2.171902,41.349006],[2.171868,41.348853],[2.172215,41.34881],[2.171933,41.347475],[2.17182,41.346943],[2.171673,41.346302],[2.171549,41.345725],[2.171537,41.34568],[2.171289,41.344525],[2.171397,41.344508],[2.171457,41.344499],[2.171469,41.344499],[2.171481,41.3445],[2.171492,41.344509],[2.171504,41.344518],[2.171516,41.344536],[2.171516,41.344563],[2.17155,41.344689],[2.171562,41.344698],[2.171585,41.344716],[2.171597,41.344726],[2.171609,41.344726],[2.171621,41.344726],[2.171669,41.344726],[2.171693,41.344726],[2.171705,41.344717],[2.171801,41.344646],[2.172248,41.344316],[2.172308,41.344262],[2.172333,41.344217],[2.172345,41.34419],[2.172346,41.344127],[2.172346,41.344082],[2.172335,41.344028],[2.172302,41.343839],[2.172303,41.34374],[2.172269,41.343622],[2.172246,41.343505],[2.172177,41.343298],[2.172154,41.343225],[2.172076,41.342774],[2.172007,41.342549],[2.171986,41.342341],[2.171952,41.342179],[2.171929,41.342098],[2.171896,41.341881],[2.171885,41.341854],[2.171873,41.341818],[2.171861,41.341791],[2.171839,41.341719],[2.171827,41.341656],[2.171805,41.341547],[2.171793,41.341511],[2.171795,41.34134],[2.171784,41.341286],[2.171761,41.341223],[2.171738,41.341169],[2.171727,41.341105],[2.171727,41.341069],[2.171716,41.341024],[2.17167,41.340898],[2.171658,41.340844],[2.171636,41.340726],[2.171613,41.340636],[2.171602,41.340609],[2.171602,41.340555],[2.171603,41.340528],[2.171545,41.340384],[2.171533,41.340347],[2.171522,41.34032],[2.171522,41.340302],[2.171534,41.340284],[2.171558,41.340276],[2.171582,41.340258],[2.171606,41.340258],[2.171654,41.340249],[2.171869,41.340242],[2.172049,41.340234],[2.172072,41.340234],[2.172084,41.340234],[2.172108,41.340225],[2.172121,41.340208],[2.172121,41.340199],[2.172133,41.340181],[2.172133,41.340172],[2.172088,41.339982],[2.172065,41.33991],[2.172054,41.339829],[2.172019,41.339711],[2.171927,41.339467],[2.171916,41.339413],[2.171894,41.339251],[2.171804,41.338818],[2.171793,41.33871],[2.171782,41.338665],[2.171722,41.338673],[2.171722,41.338664],[2.171662,41.338673],[2.171662,41.338682],[2.171614,41.338691],[2.171602,41.338681],[2.171004,41.338749],[2.171004,41.338758],[2.170992,41.338758],[2.170946,41.33856],[2.17097,41.33856],[2.170995,41.338515],[2.171007,41.33847],[2.171031,41.338443],[2.171056,41.338416],[2.171068,41.338362],[2.171092,41.338345],[2.171105,41.338336],[2.171105,41.338318],[2.171094,41.338191],[2.171004,41.337812],[2.170969,41.337713],[2.170958,41.337632],[2.170936,41.337515],[2.170913,41.337451],[2.170914,41.337343],[2.170904,41.337181],[2.170905,41.337127],[2.170893,41.337082],[2.17087,41.337001],[2.170826,41.33673],[2.170804,41.336604],[2.17077,41.336469],[2.170736,41.336315],[2.170713,41.336261],[2.170689,41.336207],[2.170678,41.336171],[2.170633,41.335945],[2.17061,41.335855],[2.17061,41.335837],[2.170587,41.335819],[2.170575,41.335801],[2.170563,41.335783],[2.170552,41.335737],[2.17054,41.335692],[2.170541,41.335665],[2.170541,41.335629],[2.170553,41.335611],[2.170554,41.335584],[2.170542,41.335539],[2.170543,41.33553],[2.170567,41.335512],[2.170615,41.335477],[2.170663,41.335441],[2.170699,41.335405],[2.170712,41.335396],[2.170712,41.335378],[2.170737,41.335297],[2.170749,41.335234],[2.17075,41.335216],[2.170738,41.335189],[2.170727,41.335153],[2.170727,41.335144],[2.170739,41.335126],[2.170751,41.335117],[2.170763,41.335108],[2.170787,41.335109],[2.170883,41.3351],[2.170978,41.335092],[2.171038,41.335092],[2.171062,41.335084],[2.171062,41.335075],[2.171062,41.335066],[2.171063,41.335048],[2.171051,41.334993],[2.171029,41.334858],[2.171029,41.334831],[2.171054,41.334795],[2.170955,41.334101],[2.170141,41.334194],[2.170141,41.334194],[2.170209,41.33451],[2.170221,41.334519],[2.170268,41.334546],[2.170268,41.334564],[2.170268,41.334564],[2.170268,41.334582],[2.170256,41.334591],[2.170232,41.3346],[2.170208,41.334618],[2.170172,41.334627],[2.170148,41.334627],[2.1701,41.334617],[2.170088,41.334608],[2.170064,41.33459],[2.170053,41.334563],[2.170041,41.334518],[2.170019,41.334437],[2.169973,41.334238],[2.169974,41.334202],[2.169986,41.334157],[2.169998,41.334139],[2.170011,41.334121],[2.170035,41.334094],[2.170059,41.334086],[2.170107,41.334068],[2.170131,41.334059],[2.170275,41.334042],[2.170694,41.333982],[2.171124,41.333931],[2.171137,41.333922],[2.171125,41.333886],[2.171102,41.333787],[2.171103,41.33376],[2.171069,41.333633],[2.171057,41.333561],[2.171034,41.333489],[2.171001,41.333336],[2.171001,41.333318],[2.17099,41.333255],[2.17099,41.333255],[2.17099,41.333255],[2.170978,41.333254],[2.170967,41.333164],[2.170956,41.33311],[2.170933,41.333047],[2.170933,41.333029],[2.170922,41.332957],[2.170899,41.332885],[2.170865,41.33274],[2.170865,41.332731],[2.170842,41.332614],[2.170831,41.332578],[2.17082,41.332506],[2.170808,41.332497],[2.170786,41.33237],[2.170752,41.332244],[2.17074,41.332199],[2.170717,41.332118],[2.170695,41.331991],[2.170683,41.331964],[2.170672,41.331883],[2.170638,41.331784],[2.170638,41.331748],[2.170615,41.331675],[2.170604,41.331621],[2.170593,41.331585],[2.170593,41.33154],[2.170582,41.331504],[2.170559,41.331432],[2.170559,41.331414],[2.170536,41.331342],[2.170536,41.331297],[2.170525,41.331279],[2.170513,41.331224],[2.170491,41.331143],[2.170491,41.331143],[2.170468,41.331026],[2.170457,41.33099],[2.170457,41.330945],[2.170446,41.3309],[2.170446,41.330891],[2.170423,41.330818],[2.1704,41.330746],[2.170389,41.330692],[2.170377,41.330665],[2.170378,41.33062],[2.170378,41.33062],[2.170366,41.330602],[2.170366,41.330593],[2.170366,41.330584],[2.170355,41.330539],[2.170344,41.330494],[2.170332,41.330448],[2.170332,41.33043],[2.170321,41.330385],[2.170309,41.330376],[2.170309,41.330358],[2.170298,41.330322],[2.170287,41.330277],[2.170287,41.330259],[2.170275,41.330223],[2.170264,41.330178],[2.170253,41.330115],[2.170253,41.330088],[2.170241,41.33006],[2.17023,41.330042],[2.17023,41.330015],[2.170218,41.329988],[2.170219,41.329961],[2.170207,41.329934],[2.170208,41.329907],[2.170196,41.329862],[2.170196,41.329844],[2.170197,41.329835],[2.170185,41.329808],[2.170173,41.329772],[2.170174,41.329736],[2.170162,41.3297],[2.170151,41.329654],[2.17014,41.329591],[2.170128,41.329564],[2.170117,41.329528],[2.170106,41.329474],[2.170094,41.329402],[2.170072,41.329312],[2.170049,41.32923],[2.170038,41.329167],[2.170026,41.329131],[2.170003,41.329041],[2.170004,41.329014],[2.169947,41.328806],[2.169947,41.328779],[2.169936,41.328725],[2.169891,41.328518],[2.169879,41.328509],[2.169868,41.328418],[2.169845,41.328319],[2.169822,41.328247],[2.169823,41.328211],[2.169788,41.328094],[2.169777,41.32803],[2.169766,41.327985],[2.169743,41.327922],[2.169732,41.327859],[2.169697,41.327769],[2.169698,41.327724],[2.169663,41.327597],[2.169641,41.327489],[2.169629,41.327453],[2.169618,41.32739],[2.169595,41.327308],[2.169573,41.327191],[2.169573,41.327191],[2.169573,41.327191],[2.16955,41.327101],[2.169527,41.327011],[2.169505,41.32692],[2.169482,41.326821],[2.169448,41.326677],[2.169448,41.326659],[2.169437,41.326614],[2.169426,41.32656],[2.169403,41.326478],[2.169392,41.326397],[2.169392,41.326388],[2.169356,41.32637],[2.169369,41.326325],[2.169381,41.326271],[2.169406,41.326226],[2.169431,41.326163],[2.169431,41.326145],[2.169443,41.326109],[2.169456,41.326064],[2.169468,41.326019],[2.169481,41.325984],[2.169493,41.325939],[2.169517,41.325912],[2.169518,41.325894],[2.16953,41.325867],[2.169543,41.325804],[2.169567,41.325741],[2.169568,41.325687],[2.16958,41.325651],[2.169593,41.325624],[2.169593,41.325624],[2.169605,41.325588],[2.169605,41.32557],[2.16963,41.325534],[2.16963,41.325516],[2.169642,41.325507],[2.169654,41.325471],[2.169655,41.325435],[2.169679,41.325426],[2.169679,41.325399],[2.169679,41.32539],[2.169692,41.325355],[2.169716,41.325301],[2.169729,41.325256],[2.169765,41.325211],[2.16979,41.325139],[2.16979,41.325121],[2.169815,41.325049],[2.169827,41.325031],[2.16984,41.325004],[2.169853,41.324923],[2.169865,41.324869],[2.169865,41.324869],[2.16989,41.324824],[2.169902,41.324771],[2.169915,41.324726],[2.169927,41.32469],[2.16994,41.324636],[2.169952,41.3246],[2.169952,41.3246],[2.169965,41.324528],[2.16999,41.324474],[2.170014,41.32442],[2.170039,41.324357],[2.170051,41.32433],[2.170064,41.32424],[2.170113,41.32416],[2.170138,41.324097],[2.170138,41.324079],[2.170138,41.324079],[2.170138,41.324061],[2.170151,41.324025],[2.170164,41.323953],[2.170176,41.323908],[2.170188,41.323881],[2.170201,41.323836],[2.170201,41.323836],[2.170201,41.323818],[2.170213,41.3238],[2.170214,41.323773],[2.170226,41.323755],[2.170251,41.323656],[2.170275,41.323656],[2.170287,41.323629],[2.170264,41.323611],[2.170288,41.323584],[2.170288,41.323575],[2.170276,41.323557],[2.1703,41.323548],[2.170325,41.323513],[2.170337,41.323486],[2.170337,41.323468],[2.170337,41.323441],[2.17035,41.323387],[2.170374,41.32336],[2.170375,41.323333],[2.170363,41.323306],[2.170387,41.323288],[2.1704,41.323252],[2.170412,41.323234],[2.170412,41.323198],[2.170424,41.323189],[2.170424,41.323171],[2.170437,41.323144],[2.170437,41.323135],[2.170449,41.323108],[2.170461,41.32309],[2.170461,41.323081],[2.170474,41.323054],[2.170486,41.323027],[2.170498,41.323],[2.170499,41.322973],[2.170511,41.322946],[2.170523,41.32291],[2.170524,41.322892],[2.170536,41.322856],[2.170548,41.322857],[2.170548,41.322839],[2.170561,41.322794],[2.170598,41.322704],[2.170598,41.322677],[2.17061,41.322641],[2.170623,41.322596],[2.170647,41.322578],[2.170647,41.322578],[2.170648,41.322542],[2.170648,41.322524],[2.17066,41.322479],[2.170684,41.322452],[2.170697,41.322416],[2.170685,41.322407],[2.17071,41.322362],[2.17071,41.322353],[2.170771,41.322228],[2.170784,41.322174],[2.170796,41.322165],[2.170796,41.322129],[2.170809,41.322066],[2.170809,41.322057],[2.170833,41.322021],[2.170833,41.322012],[2.170857,41.322003],[2.170846,41.321967],[2.17087,41.32194],[2.170883,41.32185],[2.170895,41.32185],[2.170895,41.321841],[2.17092,41.321805],[2.170896,41.321796],[2.170921,41.321742],[2.170933,41.321688],[2.170946,41.321634],[2.170958,41.321607],[2.170971,41.321563],[2.170971,41.321563],[2.170983,41.321527],[2.171019,41.321482],[2.17102,41.321437],[2.171032,41.321437],[2.171044,41.321419],[2.171032,41.32141],[2.171057,41.321365],[2.171057,41.321347],[2.171081,41.321302],[2.171106,41.321257],[2.171118,41.321239],[2.171106,41.32123],[2.171119,41.321185],[2.171144,41.321113],[2.171144,41.321095],[2.171156,41.321059],[2.171156,41.321041],[2.171192,41.321042],[2.171204,41.321024],[2.171181,41.320997],[2.171181,41.320979],[2.171169,41.320969],[2.171194,41.320925],[2.171206,41.320925],[2.171218,41.320907],[2.17123,41.32088],[2.171243,41.320844],[2.171243,41.320835],[2.171255,41.320799],[2.171293,41.320655],[2.171305,41.32061],[2.171318,41.320583],[2.17133,41.320565],[2.171355,41.320484],[2.171379,41.320421],[2.171392,41.320386],[2.171404,41.320368],[2.171404,41.32035],[2.171416,41.320323],[2.171429,41.320287],[2.171503,41.320062],[2.171528,41.319981],[2.171541,41.319954],[2.171541,41.319918],[2.171566,41.319864],[2.171566,41.319846],[2.171591,41.319765],[2.171616,41.319685],[2.17164,41.319622],[2.171665,41.319577],[2.171677,41.319559],[2.171689,41.31955],[2.171689,41.319541],[2.171677,41.319541],[2.17169,41.319478],[2.171703,41.319415],[2.171727,41.319388],[2.171751,41.319361],[2.171739,41.319352],[2.171739,41.319343],[2.17174,41.319307],[2.171764,41.319271],[2.171826,41.31911],[2.171838,41.319083],[2.171851,41.319038],[2.171851,41.319038],[2.171925,41.318822],[2.171987,41.318642],[2.172025,41.318517],[2.172037,41.318481],[2.172049,41.318463],[2.172063,41.318355],[2.172111,41.318319],[2.172111,41.31831],[2.172099,41.318292],[2.172136,41.318229],[2.172137,41.318175],[2.172149,41.31813],[2.172198,41.318031],[2.17221,41.318013],[2.172273,41.317807],[2.172273,41.317807],[2.172347,41.317627],[2.172396,41.317492],[2.172409,41.317447],[2.172398,41.317375],[2.172374,41.317366],[2.172338,41.317357],[2.172326,41.317348],[2.172302,41.317348],[2.172291,41.317338],[2.172291,41.317338],[2.172291,41.317329],[2.172291,41.317311],[2.172291,41.317266],[2.172292,41.317221],[2.172304,41.317194],[2.172317,41.317158],[2.172353,41.317132],[2.172365,41.317114],[2.172413,41.317087],[2.172461,41.31706],[2.172485,41.317052],[2.172545,41.317043],[2.172605,41.317034],[2.172653,41.317044],[2.172689,41.317044],[2.172724,41.317053],[2.172748,41.317062],[2.172784,41.317081],[2.172807,41.31709],[2.172855,41.317135],[2.17289,41.317163],[2.172914,41.317199],[2.172925,41.317226],[2.172937,41.317253],[2.172948,41.317289],[2.172948,41.317325],[2.172936,41.317343],[2.172911,41.317406],[2.172886,41.317469],[2.172837,41.317613],[2.172787,41.317756],[2.172725,41.317918],[2.172675,41.318089],[2.172576,41.318412],[2.172365,41.319023],[2.172166,41.319625],[2.172092,41.319841],[2.172029,41.320057],[2.17193,41.320335],[2.171843,41.320605],[2.171707,41.320991],[2.17157,41.321369],[2.171446,41.321746],[2.171322,41.322133],[2.171197,41.322519],[2.171061,41.322914],[2.170937,41.323256],[2.170825,41.323606],[2.170763,41.323795],[2.170701,41.323975],[2.170626,41.324199],[2.170552,41.324424],[2.170453,41.324684],[2.170366,41.324954],[2.170279,41.325188],[2.170205,41.32543],[2.170117,41.325718],[2.170018,41.326005],[2.169981,41.326131],[2.169931,41.326257],[2.169894,41.326338],[2.169894,41.326365],[2.169894,41.326392],[2.169893,41.326455],[2.169904,41.326509],[2.169915,41.326572],[2.169962,41.32669],[2.169985,41.326762],[2.169984,41.326807],[2.169983,41.326861],[2.169983,41.326915],[2.169982,41.326951],[2.169993,41.327041],[2.170004,41.327131],[2.170015,41.327185],[2.17005,41.327267],[2.170119,41.327465],[2.170188,41.327673],[2.1702,41.327709],[2.170324,41.328241],[2.170449,41.328783],[2.170607,41.329478],[2.170766,41.330172],[2.170936,41.330876],[2.171094,41.331589],[2.171241,41.332256],[2.171388,41.332924],[2.17149,41.333357],[2.171513,41.333465],[2.171637,41.334007],[2.171682,41.334223],[2.171728,41.334431],[2.17175,41.334548],[2.171785,41.334656],[2.171853,41.334882],[2.171888,41.334972],[2.171911,41.335054],[2.171934,41.335099],[2.171946,41.335153],[2.171945,41.335171],[2.171945,41.335189],[2.171933,41.335207],[2.171921,41.335225],[2.171909,41.335243],[2.171908,41.33527],[2.171908,41.335297],[2.171908,41.335324],[2.171919,41.335342],[2.171931,41.335378],[2.171942,41.335405],[2.171942,41.335441],[2.171954,41.335468],[2.171953,41.335495],[2.171953,41.335522],[2.171964,41.335549],[2.171976,41.335577],[2.171976,41.335586],[2.171988,41.335595],[2.171988,41.335613],[2.171987,41.335622],[2.171987,41.335649],[2.171987,41.335676],[2.171998,41.335694],[2.171998,41.335712],[2.17201,41.33573],[2.172022,41.335748],[2.172033,41.335775],[2.172045,41.335793],[2.172045,41.335811],[2.172045,41.335829],[2.172044,41.335847],[2.172056,41.335874],[2.172056,41.335901],[2.172055,41.335928],[2.172055,41.335946],[2.172067,41.335965],[2.172067,41.335974],[2.172066,41.335992],[2.172066,41.336001],[2.172066,41.336019],[2.172066,41.336037],[2.172066,41.336055],[2.172077,41.336082],[2.172089,41.336091],[2.172101,41.3361],[2.172113,41.336109],[2.172113,41.336118],[2.172124,41.336136],[2.172124,41.336145],[2.172124,41.336163],[2.172124,41.336172],[2.172124,41.336199],[2.172123,41.336217],[2.172123,41.336235],[2.172135,41.336244],[2.172135,41.336262],[2.172147,41.336271],[2.172134,41.336298],[2.172122,41.336307],[2.172122,41.336325],[2.17211,41.336334],[2.17211,41.336343],[2.17211,41.336361],[2.172121,41.336379],[2.172133,41.336397],[2.172133,41.336415],[2.172133,41.336433],[2.172144,41.336461],[2.172144,41.336479],[2.172144,41.336497],[2.172143,41.336515],[2.172143,41.336533],[2.172155,41.33656],[2.172167,41.336569],[2.172179,41.336578],[2.17219,41.336578],[2.172202,41.336587],[2.172202,41.336605],[2.17219,41.336614],[2.17219,41.336632],[2.17219,41.33665],[2.172213,41.336668],[2.172213,41.336686],[2.172213,41.336704],[2.172213,41.336713],[2.172212,41.33674],[2.172212,41.336767],[2.172212,41.336794],[2.172223,41.336812],[2.172235,41.33683],[2.172247,41.336849],[2.172259,41.336858],[2.17227,41.336867],[2.17227,41.336885],[2.17227,41.336894],[2.172282,41.336912],[2.172293,41.336939],[2.172293,41.336948],[2.172293,41.336966],[2.172293,41.336975],[2.172269,41.336984],[2.172269,41.336993],[2.172257,41.337002],[2.172257,41.33702],[2.172268,41.337029],[2.17228,41.337038],[2.172292,41.337047],[2.172316,41.337047],[2.172328,41.337065],[2.172328,41.337074],[2.172327,41.337092],[2.172327,41.33711],[2.172315,41.337119],[2.172303,41.337128],[2.172291,41.337137],[2.172291,41.337146],[2.172303,41.337164],[2.172302,41.337182],[2.172302,41.337191],[2.172314,41.337209],[2.172326,41.337218],[2.172338,41.337228],[2.172349,41.337237],[2.172349,41.337246],[2.172349,41.337264],[2.172349,41.337282],[2.172349,41.3373],[2.172336,41.337318],[2.172336,41.337336],[2.172336,41.337345],[2.172336,41.337354],[2.172348,41.337372],[2.17236,41.337381],[2.172383,41.337399],[2.172383,41.337417],[2.172359,41.337426],[2.172347,41.337444],[2.172347,41.337462],[2.172346,41.33748],[2.172358,41.337489],[2.172358,41.337507],[2.172358,41.337516],[2.172358,41.337534],[2.172369,41.337543],[2.172381,41.33757],[2.172393,41.337588],[2.172417,41.337597],[2.17244,41.337598],[2.17244,41.337616],[2.172452,41.337634],[2.172452,41.337652],[2.17244,41.337661],[2.172439,41.337679],[2.172427,41.337697],[2.172439,41.337715],[2.172451,41.337733],[2.172462,41.337751],[2.172474,41.33776],[2.172474,41.337778],[2.172474,41.337796],[2.172485,41.337823],[2.172497,41.337841],[2.172509,41.337859],[2.172533,41.337878],[2.172544,41.337896],[2.172556,41.337914],[2.172556,41.337932],[2.172567,41.33795],[2.172567,41.337968],[2.172555,41.337995],[2.172543,41.338013],[2.17253,41.33804],[2.172518,41.338067],[2.172518,41.338085],[2.172518,41.338112],[2.172529,41.338148],[2.172529,41.338175],[2.172541,41.338193],[2.172552,41.338211],[2.172564,41.33822],[2.172576,41.338229],[2.172588,41.338247],[2.172587,41.338274],[2.172575,41.338292],[2.172575,41.338301],[2.172575,41.338328],[2.172574,41.338355],[2.172574,41.338382],[2.172574,41.3384],[2.172574,41.338418],[2.172585,41.338445],[2.172597,41.338463],[2.17262,41.338491],[2.172632,41.338509],[2.172656,41.338536],[2.172668,41.338545],[2.172667,41.338563],[2.172667,41.338572],[2.172667,41.33859],[2.172667,41.338608],[2.172666,41.338635],[2.172654,41.338653],[2.172654,41.33868],[2.172642,41.338698],[2.172641,41.338716],[2.172653,41.338725],[2.172653,41.338743],[2.172677,41.338752],[2.172689,41.33877],[2.1727,41.338779],[2.172712,41.338789],[2.172712,41.338807],[2.1727,41.338825],[2.1727,41.338843],[2.172699,41.338852],[2.172699,41.338879],[2.172711,41.338897],[2.172722,41.338933],[2.172734,41.338969],[2.172734,41.338996],[2.172745,41.339023],[2.172745,41.339041],[2.172757,41.33905],[2.172745,41.339068],[2.172744,41.339077],[2.172732,41.339095],[2.172744,41.339122],[2.172744,41.33914],[2.172743,41.339167],[2.172743,41.339194],[2.172755,41.339212],[2.172754,41.33923],[2.172766,41.339257],[2.172766,41.339275],[2.172777,41.339302],[2.172777,41.33932],[2.172777,41.339366],[2.172788,41.339411],[2.1728,41.339429],[2.1728,41.339447],[2.172823,41.339456],[2.172835,41.339465],[2.172847,41.339474],[2.172859,41.339492],[2.172871,41.339501],[2.17287,41.339519],[2.17287,41.339537],[2.17287,41.339546],[2.17287,41.339564],[2.17287,41.339582],[2.172869,41.3396],[2.172869,41.339618],[2.172869,41.339636],[2.172869,41.339654],[2.172868,41.339672],[2.172868,41.33969],[2.172868,41.339699],[2.172868,41.339717],[2.172868,41.339726],[2.172879,41.339745],[2.172879,41.339754],[2.172891,41.339772],[2.172903,41.339781],[2.172903,41.339799],[2.172914,41.339808],[2.172914,41.339817],[2.172914,41.339835],[2.172914,41.339862],[2.172926,41.339871],[2.172937,41.33988],[2.172949,41.339889],[2.172961,41.339898],[2.172973,41.339916],[2.172973,41.339925],[2.172984,41.339943],[2.172984,41.339962],[2.172972,41.33997],[2.172972,41.339988],[2.172972,41.339997],[2.172972,41.340006],[2.172971,41.340033],[2.172971,41.340051],[2.172971,41.340069],[2.172959,41.340096],[2.172958,41.340114],[2.172958,41.340123],[2.172982,41.340133],[2.172994,41.340133],[2.173018,41.340142],[2.173018,41.340151],[2.173018,41.34016],[2.172994,41.340169],[2.172982,41.340169],[2.172969,41.340196],[2.172969,41.340205],[2.172969,41.340214],[2.172981,41.340223],[2.172993,41.340232],[2.173005,41.340241],[2.173016,41.34025],[2.173028,41.340268],[2.173028,41.340286],[2.173028,41.340295],[2.173028,41.340313],[2.173027,41.34034],[2.173027,41.340367],[2.173039,41.340394],[2.17305,41.340412],[2.173062,41.340439],[2.173062,41.340457],[2.173073,41.340485],[2.173085,41.340512],[2.173085,41.340539],[2.173096,41.340557],[2.173084,41.340566],[2.173084,41.340575],[2.173084,41.340584],[2.173072,41.340602],[2.173084,41.340611],[2.173095,41.34062],[2.173095,41.340638],[2.173095,41.340647],[2.173083,41.340665],[2.173083,41.340683],[2.173083,41.340692],[2.173094,41.34071],[2.173106,41.340728],[2.17313,41.340755],[2.173141,41.340773],[2.173153,41.3408],[2.173165,41.340828],[2.173164,41.340864],[2.173163,41.340909],[2.173163,41.340927],[2.173151,41.340954],[2.173151,41.340981],[2.17315,41.341017],[2.17315,41.341035],[2.17315,41.341062],[2.173161,41.34108],[2.173173,41.341098],[2.173185,41.341134],[2.173184,41.341161],[2.173184,41.341188],[2.173195,41.341215],[2.173195,41.341242],[2.173195,41.341269],[2.173207,41.341278],[2.173218,41.341287],[2.17323,41.341305],[2.17323,41.341314],[2.173242,41.341342],[2.173253,41.341369],[2.173265,41.341396],[2.173265,41.341423],[2.173276,41.34145],[2.173276,41.341477],[2.173288,41.341495],[2.173287,41.341522],[2.173299,41.341549],[2.173311,41.341567],[2.173322,41.341585],[2.173334,41.341603],[2.173334,41.341621],[2.173345,41.341649],[2.173345,41.341667],[2.173345,41.341685],[2.173357,41.341712],[2.173356,41.341748],[2.173356,41.341766],[2.173355,41.341793],[2.173355,41.341811],[2.173367,41.341838],[2.173367,41.341865],[2.173366,41.341892],[2.173378,41.341919],[2.173378,41.341937],[2.173377,41.341964],[2.173389,41.341991],[2.173401,41.342009],[2.173412,41.342027],[2.173424,41.342045],[2.173436,41.342055],[2.173448,41.342073],[2.173447,41.342091],[2.173459,41.342136],[2.173458,41.342181],[2.173458,41.342199],[2.173458,41.342226],[2.173469,41.342253],[2.173469,41.34228],[2.17348,41.342307],[2.17348,41.342325],[2.17348,41.342352],[2.17348,41.34237],[2.173479,41.342388],[2.173479,41.342406],[2.173479,41.342424],[2.173479,41.342433],[2.173479,41.34246],[2.17349,41.342469],[2.173502,41.342478],[2.173514,41.342496],[2.173514,41.342505],[2.173526,41.342524],[2.173525,41.342542],[2.173525,41.342551],[2.173525,41.342569],[2.173525,41.342578],[2.173525,41.342596],[2.173536,41.342614],[2.17356,41.342632],[2.173572,41.342641],[2.173596,41.34265],[2.173596,41.342659],[2.173607,41.342677],[2.173607,41.342686],[2.173607,41.342704],[2.173607,41.342713],[2.173607,41.342731],[2.173606,41.34274],[2.173606,41.342758],[2.173606,41.342767],[2.173606,41.342785],[2.173606,41.342794],[2.173618,41.342803],[2.173629,41.342813],[2.173641,41.342813],[2.173641,41.342822],[2.173617,41.34283],[2.173605,41.342839],[2.173617,41.342857],[2.173605,41.342875],[2.173605,41.342893],[2.173604,41.342911],[2.173616,41.342939],[2.173628,41.342966],[2.173627,41.342993],[2.173639,41.34302],[2.173639,41.343038],[2.17365,41.343056],[2.173662,41.343065],[2.173686,41.343083],[2.173686,41.343092],[2.173686,41.343101],[2.173661,41.343119],[2.173661,41.343137],[2.173649,41.343164],[2.173637,41.343173],[2.173637,41.343191],[2.173637,41.3432],[2.173636,41.343209],[2.173672,41.343218],[2.173684,41.343245],[2.173672,41.343263],[2.173671,41.343281],[2.173659,41.343299],[2.173659,41.343308],[2.173659,41.343326],[2.173659,41.343344],[2.173658,41.343362],[2.17367,41.343371],[2.173682,41.343371],[2.173706,41.343381],[2.173706,41.34339],[2.173706,41.343399],[2.173694,41.343417],[2.173693,41.343426],[2.173681,41.343443],[2.173681,41.343479],[2.173692,41.343516],[2.173692,41.343534],[2.173716,41.343561],[2.173727,41.34357],[2.173739,41.34357],[2.173751,41.343588],[2.173763,41.343597],[2.173763,41.343615],[2.173763,41.343624],[2.173738,41.343642],[2.173726,41.343651],[2.173726,41.34366],[2.173738,41.343669],[2.17375,41.343687],[2.173762,41.343687],[2.173774,41.343705],[2.173761,41.343714],[2.173761,41.343732],[2.173761,41.34375],[2.173773,41.343768],[2.173784,41.343786],[2.173784,41.343804],[2.173784,41.343813],[2.173784,41.343841],[2.173784,41.343859],[2.173783,41.343886],[2.173783,41.343904],[2.173783,41.343922],[2.173783,41.343931],[2.173783,41.34394],[2.173794,41.343958],[2.173794,41.343967],[2.173818,41.343976],[2.17383,41.343985],[2.173853,41.344003],[2.173853,41.344003],[2.173865,41.344012],[2.173877,41.34403],[2.173877,41.344048],[2.173865,41.344057],[2.173841,41.344075],[2.17384,41.344093],[2.17384,41.344111],[2.173852,41.34412],[2.173852,41.344138],[2.173863,41.344156],[2.173875,41.344174],[2.173887,41.344193],[2.173887,41.344202],[2.173887,41.34422],[2.173886,41.344229],[2.173886,41.344247],[2.173898,41.344256],[2.173898,41.344265],[2.17391,41.344283],[2.173921,41.344301],[2.173921,41.344319],[2.173909,41.344328],[2.173909,41.344337],[2.173909,41.344346],[2.173921,41.344364],[2.173945,41.344364],[2.173956,41.344364],[2.173968,41.344373],[2.17398,41.344391],[2.173992,41.3444],[2.173992,41.344409],[2.17398,41.344427],[2.173979,41.344445],[2.173979,41.344463],[2.173967,41.344481],[2.173943,41.34449],[2.173931,41.344508],[2.173931,41.344517],[2.173942,41.344526],[2.173954,41.344535],[2.173966,41.344535],[2.17399,41.344545],[2.17399,41.344563],[2.173989,41.34459],[2.174001,41.344599],[2.174001,41.344617],[2.173977,41.344626],[2.173965,41.344634],[2.173953,41.344652],[2.173953,41.34467],[2.173952,41.344688],[2.173976,41.344698],[2.174,41.344707],[2.174012,41.344716],[2.174012,41.344725],[2.174,41.344734],[2.173999,41.344752],[2.173975,41.344761],[2.173987,41.344779],[2.173987,41.344788],[2.173987,41.344806],[2.173986,41.344833],[2.173986,41.34486],[2.173998,41.344878],[2.17401,41.344896],[2.174021,41.344914],[2.174021,41.344932],[2.174021,41.34495],[2.174009,41.344968],[2.17402,41.344977],[2.174044,41.344977],[2.174056,41.344986],[2.174068,41.344996],[2.174068,41.345014],[2.174068,41.345032],[2.174067,41.345041],[2.174067,41.345068],[2.174067,41.345086],[2.174067,41.345104],[2.174066,41.345131],[2.174066,41.345149],[2.174066,41.345158],[2.17409,41.345176],[2.174101,41.345185],[2.174125,41.345194],[2.174137,41.345203],[2.174137,41.345221],[2.174149,41.345239],[2.174148,41.345257],[2.174148,41.345275],[2.174148,41.345293],[2.174148,41.345311],[2.174148,41.34532],[2.174159,41.345347],[2.174159,41.345365],[2.174159,41.345383],[2.174159,41.345402],[2.17417,41.345438],[2.174182,41.345465],[2.174181,41.345483],[2.174181,41.345501],[2.174169,41.345519],[2.174169,41.345537],[2.174169,41.345546],[2.174168,41.345564],[2.17418,41.345573],[2.174192,41.345573],[2.174204,41.345582],[2.174216,41.345591],[2.174204,41.345609],[2.174204,41.345618],[2.174203,41.345636],[2.174215,41.345645],[2.174215,41.345654],[2.174215,41.345672],[2.174203,41.345681],[2.174191,41.34569],[2.174202,41.345708],[2.174202,41.345717],[2.174202,41.345726],[2.174178,41.345735],[2.174178,41.345753],[2.174166,41.345762],[2.174166,41.345771],[2.174178,41.345789],[2.174189,41.345798],[2.174201,41.345807],[2.174213,41.345825],[2.174213,41.345843],[2.174213,41.345852],[2.1742,41.34587],[2.1742,41.345888],[2.174224,41.345897],[2.174248,41.345907],[2.174248,41.345916],[2.174247,41.345934],[2.174247,41.345961],[2.174247,41.345979],[2.174258,41.346015],[2.174258,41.346051],[2.174258,41.346069],[2.174257,41.346087],[2.174257,41.346123],[2.174269,41.34615],[2.17428,41.346177],[2.174292,41.346195],[2.174304,41.346213],[2.174303,41.346231],[2.174303,41.34624],[2.174303,41.346258],[2.174303,41.346276],[2.174303,41.346294],[2.174302,41.346312],[2.174314,41.346321],[2.174326,41.346339],[2.174326,41.346349],[2.174326,41.346367],[2.174325,41.346385],[2.174337,41.346403],[2.174349,41.346412],[2.174361,41.346421],[2.174361,41.346439],[2.17436,41.346457],[2.174372,41.346466],[2.174372,41.346475],[2.174372,41.346493],[2.174372,41.346502],[2.174383,41.34652],[2.174383,41.346538],[2.174383,41.346547],[2.174383,41.346565],[2.174383,41.346574],[2.174383,41.346583],[2.174382,41.346601],[2.174382,41.34661],[2.174382,41.346619],[2.174394,41.346637],[2.174406,41.346646],[2.174418,41.346646],[2.174441,41.346656],[2.174453,41.346674],[2.174441,41.346683],[2.174441,41.346701],[2.174441,41.346719],[2.174441,41.346728],[2.174452,41.346746],[2.174452,41.346764],[2.174464,41.346773],[2.174464,41.346791],[2.174463,41.346809],[2.174451,41.346818],[2.174451,41.346836],[2.174451,41.346845],[2.174451,41.346854],[2.174475,41.346863],[2.174487,41.346863],[2.174511,41.346863],[2.174534,41.346863],[2.174546,41.346873],[2.174546,41.346882],[2.174534,41.346899],[2.174522,41.346908],[2.174522,41.346917],[2.174522,41.346935],[2.174522,41.346944],[2.174509,41.346953],[2.174497,41.346971],[2.174485,41.34698],[2.174485,41.346989],[2.174497,41.347007],[2.174509,41.347025],[2.174508,41.347034],[2.174508,41.347052],[2.174508,41.347061],[2.174508,41.347079],[2.17452,41.347089],[2.174543,41.347107],[2.174555,41.347125],[2.174555,41.347134],[2.174567,41.347143],[2.174591,41.347152],[2.174602,41.347161],[2.174614,41.34717],[2.174626,41.347179],[2.174626,41.347188],[2.174602,41.347206],[2.174602,41.347215],[2.17459,41.347233],[2.174589,41.347242],[2.174589,41.34726],[2.174589,41.347278],[2.174589,41.347296],[2.174577,41.347305],[2.174577,41.347314],[2.174576,41.347332],[2.174576,41.34735],[2.174576,41.347377],[2.174587,41.347404],[2.174587,41.347422],[2.174587,41.34744],[2.174599,41.347449],[2.174611,41.347467],[2.174634,41.347477],[2.174646,41.347486],[2.17467,41.347504],[2.17467,41.347522],[2.174669,41.34754],[2.174657,41.347558],[2.174657,41.347567],[2.174657,41.347585],[2.174645,41.347603],[2.174657,41.347612],[2.174656,41.34763],[2.174668,41.347648],[2.174692,41.347657],[2.174704,41.347675],[2.174703,41.347684],[2.174703,41.347711],[2.174703,41.347729],[2.174691,41.347747],[2.174678,41.347765],[2.174666,41.347783],[2.174666,41.34781],[2.174666,41.347828],[2.174666,41.347846],[2.174677,41.347855],[2.174701,41.347864],[2.174713,41.347865],[2.174725,41.347874],[2.174737,41.347892],[2.174736,41.34791],[2.174748,41.347928],[2.174748,41.347955],[2.174759,41.347982],[2.174759,41.348],[2.174759,41.348018],[2.174759,41.348036],[2.174759,41.348054],[2.174746,41.348063],[2.174746,41.348081],[2.174734,41.348099],[2.174734,41.348117],[2.174734,41.348126],[2.174745,41.348144],[2.174757,41.348153],[2.174781,41.348162],[2.174793,41.34818],[2.174804,41.348207],[2.174816,41.348226],[2.174816,41.348244],[2.174816,41.348253],[2.174804,41.348262],[2.174792,41.348279],[2.174791,41.348288],[2.174791,41.348306],[2.174803,41.348325],[2.174815,41.348343],[2.174826,41.348361],[2.174838,41.348379],[2.17485,41.348406],[2.174873,41.348424],[2.174897,41.348451],[2.174909,41.348469],[2.174908,41.348487],[2.174896,41.348496],[2.174884,41.348514],[2.174872,41.348532],[2.174872,41.348541],[2.174871,41.348577],[2.174871,41.348604],[2.174859,41.348649],[2.174858,41.348685],[2.174857,41.348739],[2.174857,41.348793],[2.174868,41.348811],[2.17488,41.348839],[2.174892,41.348848],[2.174916,41.348857],[2.174927,41.348875],[2.174939,41.348893],[2.174939,41.348902],[2.174915,41.348902],[2.174903,41.348911],[2.174903,41.348929],[2.174903,41.348947],[2.174902,41.348974],[2.174914,41.349001],[2.174926,41.349028],[2.174937,41.349055],[2.174937,41.349073],[2.174949,41.3491],[2.17496,41.349136],[2.174972,41.349163],[2.174995,41.349191],[2.175007,41.349218],[2.175019,41.349227],[2.175018,41.349254],[2.175018,41.349263],[2.175018,41.349281],[2.175018,41.349299],[2.175017,41.349317],[2.175017,41.349353],[2.175017,41.34938],[2.175016,41.349398],[2.175016,41.349425],[2.175016,41.349452],[2.175028,41.34947],[2.175039,41.349488],[2.175051,41.349497],[2.175063,41.349506],[2.175087,41.349516],[2.175086,41.349534],[2.175086,41.349552],[2.175074,41.349561],[2.175062,41.349569],[2.175062,41.349588],[2.175062,41.349606],[2.175062,41.349615],[2.175073,41.349633],[2.175085,41.349651],[2.175097,41.349669],[2.175108,41.349687],[2.17512,41.349705],[2.17512,41.349723],[2.17512,41.349732],[2.17512,41.34975],[2.175119,41.349768],[2.175119,41.349777],[2.175107,41.349795],[2.175107,41.349804],[2.175119,41.349822],[2.175131,41.349831],[2.175142,41.349831],[2.175166,41.349831],[2.175202,41.349823],[2.175202,41.349832],[2.175214,41.349841]]]]}},{"type":"Feature","properties":{"barri":"la Marina de Port","districte":"Sants-Montjuïc"},"geometry":{"type":"Polygon","coordinates":[[[2.139619,41.365974],[2.140116,41.367266],[2.140579,41.368395],[2.14053,41.368548],[2.139428,41.36772],[2.137664,41.366392],[2.135723,41.364936],[2.133793,41.363507],[2.134095,41.363284],[2.135435,41.362258],[2.134991,41.361517],[2.134862,41.361344],[2.134779,41.361245],[2.134685,41.361145],[2.134567,41.361045],[2.134484,41.360981],[2.133158,41.359998],[2.132969,41.359853],[2.13331,41.359378],[2.132858,41.359195],[2.133369,41.358487],[2.133215,41.358423],[2.133208,41.358026],[2.133192,41.357414],[2.133104,41.356872],[2.132965,41.356493],[2.133185,41.356179],[2.132067,41.355748],[2.133054,41.354305],[2.133895,41.353059],[2.134204,41.353242],[2.136487,41.354169],[2.137628,41.354628],[2.140114,41.355637],[2.141814,41.356343],[2.141948,41.356146],[2.142569,41.355295],[2.142995,41.354704],[2.14336,41.354211],[2.143646,41.354321],[2.143943,41.354431],[2.144205,41.354514],[2.145158,41.354765],[2.146049,41.355186],[2.146215,41.355277],[2.146381,41.355404],[2.146271,41.355611],[2.146184,41.355835],[2.146097,41.356078],[2.146058,41.356303],[2.145851,41.356653],[2.145705,41.356805],[2.145341,41.357225],[2.145184,41.357368],[2.145014,41.357556],[2.144903,41.357771],[2.144829,41.357996],[2.144812,41.358329],[2.144812,41.358356],[2.144811,41.358401],[2.144821,41.358554],[2.144832,41.358672],[2.144818,41.358807],[2.144793,41.358915],[2.144768,41.358995],[2.144719,41.359085],[2.144706,41.35913],[2.145015,41.359295],[2.145193,41.359395],[2.145347,41.359486],[2.145549,41.359596],[2.145691,41.359678],[2.145715,41.359696],[2.145834,41.35976],[2.145858,41.359778],[2.145929,41.359815],[2.145988,41.359842],[2.146119,41.359897],[2.146262,41.359934],[2.146393,41.359971],[2.146512,41.359999],[2.146608,41.360009],[2.146715,41.360019],[2.146835,41.360029],[2.146942,41.36002],[2.147062,41.360021],[2.14717,41.360004],[2.147265,41.359996],[2.147337,41.359978],[2.147469,41.359952],[2.147745,41.359882],[2.147985,41.35983],[2.148213,41.359778],[2.148464,41.359734],[2.148632,41.359718],[2.148812,41.359701],[2.148967,41.359711],[2.149074,41.35973],[2.149169,41.359758],[2.149253,41.359785],[2.1493,41.359813],[2.149324,41.35984],[2.149359,41.359876],[2.149383,41.359912],[2.149406,41.359958],[2.149417,41.359994],[2.149429,41.360039],[2.149416,41.360084],[2.149314,41.360623],[2.149264,41.360731],[2.149215,41.360857],[2.149142,41.360973],[2.149092,41.361081],[2.149019,41.361189],[2.148946,41.361296],[2.148849,41.361413],[2.148764,41.361511],[2.148655,41.361627],[2.148558,41.361708],[2.148413,41.361824],[2.148244,41.361958],[2.148051,41.362118],[2.147942,41.362199],[2.147882,41.362243],[2.147737,41.362359],[2.14758,41.362475],[2.147532,41.362502],[2.147495,41.36252],[2.147435,41.362555],[2.147315,41.362608],[2.147243,41.362644],[2.147122,41.362706],[2.14699,41.362759],[2.146858,41.362803],[2.14675,41.362847],[2.146618,41.362891],[2.14651,41.362936],[2.146378,41.36298],[2.146281,41.363042],[2.146197,41.363104],[2.146136,41.363167],[2.146136,41.363167],[2.14604,41.363211],[2.145956,41.363229],[2.145932,41.363238],[2.14592,41.363238],[2.145872,41.363246],[2.145836,41.363246],[2.145764,41.363254],[2.145645,41.363254],[2.145573,41.363253],[2.145453,41.363252],[2.145345,41.363278],[2.145141,41.363358],[2.144985,41.36342],[2.144817,41.363491],[2.144672,41.363553],[2.14442,41.36365],[2.144215,41.363747],[2.144071,41.363827],[2.143914,41.363952],[2.143769,41.364077],[2.143551,41.364256],[2.143442,41.364345],[2.143346,41.364416],[2.143261,41.364488],[2.143153,41.364541],[2.142972,41.36463],[2.142816,41.364701],[2.142911,41.364719],[2.142923,41.36472],[2.143053,41.364865],[2.142764,41.365007],[2.142752,41.365015],[2.142439,41.365211],[2.142439,41.365211],[2.142415,41.36522],[2.142414,41.365229],[2.142306,41.3653],[2.142125,41.365407],[2.142078,41.365371],[2.142054,41.365353],[2.142042,41.365361],[2.142018,41.365379],[2.142006,41.365379],[2.141994,41.365397],[2.14197,41.365406],[2.141958,41.365415],[2.141946,41.365424],[2.141946,41.365424],[2.141945,41.365442],[2.141945,41.365451],[2.141945,41.365469],[2.142016,41.365559],[2.142063,41.365623],[2.142062,41.365632],[2.142098,41.365695],[2.142109,41.36574],[2.142141,41.366047],[2.142057,41.366055],[2.142033,41.366055],[2.142009,41.366091],[2.142008,41.366109],[2.141996,41.366127],[2.141996,41.366172],[2.141983,41.366226],[2.141983,41.366226],[2.141971,41.366253],[2.14197,41.366298],[2.14197,41.366325],[2.14197,41.366325],[2.141969,41.366352],[2.141969,41.366388],[2.141968,41.366433],[2.141968,41.366469],[2.141967,41.366505],[2.141967,41.366523],[2.141954,41.366586],[2.141954,41.366613],[2.141787,41.366612],[2.141787,41.366612],[2.141776,41.366539],[2.141764,41.366485],[2.14173,41.366368],[2.141684,41.36626],[2.141578,41.366133],[2.141483,41.366051],[2.141376,41.365996],[2.141257,41.36595],[2.141126,41.365913],[2.141031,41.365912],[2.140923,41.365903],[2.139728,41.365867],[2.139619,41.365974]]]}},{"type":"Feature","properties":{"barri":"la Font de la Guatlla","districte":"Sants-Montjuïc"},"geometry":{"type":"Polygon","coordinates":[[[2.148874,41.369565],[2.149005,41.369638],[2.149111,41.369729],[2.149206,41.369828],[2.149264,41.36991],[2.149299,41.369982],[2.149334,41.370055],[2.149391,41.370289],[2.149424,41.370479],[2.149458,41.370632],[2.149481,41.370704],[2.149516,41.370758],[2.149551,41.37084],[2.149598,41.370894],[2.149669,41.370958],[2.149836,41.37104],[2.150383,41.371251],[2.150383,41.37126],[2.150249,41.371421],[2.150056,41.371564],[2.149814,41.371751],[2.149331,41.372117],[2.14851,41.372733],[2.148112,41.373036],[2.147302,41.373651],[2.146189,41.372806],[2.144757,41.371732],[2.14388,41.371068],[2.142365,41.36994],[2.142092,41.369731],[2.140908,41.368839],[2.14053,41.368548],[2.140579,41.368395],[2.140116,41.367266],[2.139619,41.365974],[2.139728,41.365867],[2.140923,41.365903],[2.141031,41.365912],[2.141126,41.365913],[2.141257,41.36595],[2.141376,41.365996],[2.141483,41.366051],[2.141578,41.366133],[2.141684,41.36626],[2.14173,41.366368],[2.141764,41.366485],[2.141776,41.366539],[2.141787,41.366612],[2.141787,41.366612],[2.141954,41.366613],[2.141954,41.366586],[2.141967,41.366523],[2.141967,41.366505],[2.141968,41.366469],[2.141968,41.366433],[2.141969,41.366388],[2.141969,41.366352],[2.14197,41.366325],[2.14197,41.366325],[2.14197,41.366298],[2.141971,41.366253],[2.141983,41.366226],[2.141983,41.366226],[2.141996,41.366172],[2.141996,41.366127],[2.142008,41.366109],[2.142009,41.366091],[2.142033,41.366055],[2.142057,41.366055],[2.142141,41.366047],[2.142344,41.366039],[2.142379,41.366076],[2.142379,41.366085],[2.142415,41.36613],[2.142462,41.366175],[2.14252,41.366266],[2.142544,41.366293],[2.142567,41.366329],[2.142638,41.36642],[2.142697,41.36651],[2.142767,41.36661],[2.142791,41.366637],[2.14279,41.366646],[2.14279,41.366646],[2.142814,41.366664],[2.142814,41.366673],[2.142826,41.366682],[2.142826,41.366691],[2.142838,41.366692],[2.142838,41.366692],[2.14285,41.366683],[2.142886,41.366674],[2.14291,41.366665],[2.14291,41.366665],[2.14291,41.366665],[2.142922,41.366683],[2.142956,41.366782],[2.143026,41.366918],[2.143096,41.367045],[2.143119,41.367099],[2.143119,41.367099],[2.143131,41.367117],[2.143131,41.367117],[2.143155,41.367144],[2.143167,41.367144],[2.143178,41.367144],[2.14331,41.367154],[2.143309,41.367199],[2.14332,41.367272],[2.143343,41.367362],[2.143425,41.367489],[2.143472,41.367543],[2.143591,41.367634],[2.143697,41.367707],[2.143875,41.367789],[2.144113,41.367908],[2.144339,41.368018],[2.144565,41.368128],[2.144767,41.36821],[2.145313,41.368529],[2.145359,41.368638],[2.145429,41.368765],[2.1455,41.368864],[2.145594,41.368955],[2.145677,41.369028],[2.145807,41.369119],[2.145831,41.369137],[2.145866,41.369155],[2.145926,41.369192],[2.145961,41.36921],[2.146116,41.369283],[2.146294,41.369347],[2.146318,41.369357],[2.146485,41.369403],[2.146687,41.369458],[2.146723,41.369468],[2.146878,41.369496],[2.147022,41.369506],[2.147177,41.369516],[2.147404,41.369518],[2.147643,41.369502],[2.147919,41.369468],[2.148194,41.369443],[2.148398,41.369444],[2.148589,41.369464],[2.148743,41.36951],[2.148874,41.369565]]]}},{"type":"Feature","properties":{"barri":"Hostafrancs","districte":"Sants-Montjuïc"},"geometry":{"type":"Polygon","coordinates":[[[2.144843,41.378804],[2.143334,41.379936],[2.142899,41.380266],[2.142792,41.380175],[2.14265,41.380075],[2.14252,41.379975],[2.142224,41.379748],[2.1422,41.379739],[2.142188,41.37973],[2.142176,41.379711],[2.142165,41.379702],[2.142106,41.379639],[2.142107,41.379504],[2.142085,41.37936],[2.142051,41.37926],[2.141992,41.379152],[2.141981,41.379116],[2.141993,41.379089],[2.14209,41.378999],[2.142175,41.37891],[2.14232,41.378767],[2.142405,41.378695],[2.142346,41.378659],[2.142215,41.378586],[2.142156,41.378549],[2.142144,41.378549],[2.142144,41.378549],[2.142144,41.378549],[2.142132,41.37854],[2.142132,41.37854],[2.142132,41.37854],[2.14212,41.37854],[2.142108,41.378531],[2.142096,41.378522],[2.142097,41.378513],[2.142097,41.378513],[2.142097,41.378513],[2.142085,41.378513],[2.142085,41.378513],[2.142085,41.378513],[2.142085,41.378504],[2.142085,41.378504],[2.142085,41.378504],[2.142085,41.378504],[2.142073,41.378504],[2.142073,41.378495],[2.142061,41.378495],[2.142061,41.378495],[2.142061,41.378486],[2.142061,41.378486],[2.142061,41.378477],[2.142049,41.378477],[2.142049,41.378467],[2.142049,41.378467],[2.142049,41.378467],[2.142049,41.378458],[2.142049,41.378458],[2.142049,41.378458],[2.14205,41.378449],[2.142038,41.37844],[2.142038,41.378431],[2.142038,41.378431],[2.142038,41.378422],[2.142038,41.378413],[2.142038,41.378413],[2.141978,41.378413],[2.141978,41.378413],[2.14193,41.378413],[2.141883,41.378412],[2.14187,41.378421],[2.141847,41.378421],[2.141847,41.378421],[2.141835,41.378421],[2.141835,41.378421],[2.141818,41.376953],[2.14183,41.376953],[2.141878,41.376953],[2.141878,41.376953],[2.141902,41.376953],[2.141914,41.376953],[2.141938,41.376953],[2.141962,41.376954],[2.142095,41.376837],[2.142119,41.376811],[2.142143,41.376784],[2.142155,41.376775],[2.142276,41.376659],[2.142277,41.376614],[2.142062,41.376603],[2.141823,41.376592],[2.141763,41.376583],[2.141739,41.376583],[2.141154,41.376542],[2.14101,41.376532],[2.140485,41.376492],[2.140486,41.376429],[2.140467,41.375988],[2.140463,41.375429],[2.140452,41.375312],[2.140452,41.375312],[2.140632,41.375304],[2.140811,41.375297],[2.140824,41.375243],[2.140837,41.375144],[2.140863,41.375045],[2.140887,41.375009],[2.14096,41.374946],[2.140972,41.374929],[2.141044,41.374875],[2.141069,41.37483],[2.141069,41.374785],[2.141058,41.374722],[2.141048,41.374605],[2.141025,41.374515],[2.141025,41.374497],[2.141003,41.374361],[2.140991,41.374334],[2.140992,41.374325],[2.140992,41.374307],[2.140992,41.374298],[2.140992,41.374289],[2.140992,41.37428],[2.140992,41.374271],[2.140992,41.374262],[2.140993,41.374253],[2.140993,41.374226],[2.140993,41.374217],[2.140993,41.374208],[2.140993,41.374199],[2.141005,41.374181],[2.141006,41.374172],[2.141006,41.374163],[2.141006,41.374154],[2.141018,41.3741],[2.141043,41.374046],[2.141043,41.374046],[2.141043,41.374028],[2.141055,41.374019],[2.141056,41.374001],[2.141056,41.373992],[2.141068,41.373974],[2.141068,41.373956],[2.14108,41.373947],[2.141081,41.373929],[2.14113,41.373804],[2.141273,41.373805],[2.141465,41.373797],[2.141466,41.373698],[2.141457,41.373527],[2.141459,41.373311],[2.141448,41.373266],[2.14145,41.373113],[2.14145,41.373113],[2.141451,41.373031],[2.141452,41.372923],[2.141453,41.372887],[2.141453,41.37286],[2.141466,41.372842],[2.141502,41.372816],[2.141623,41.372718],[2.141949,41.37245],[2.14202,41.372495],[2.142472,41.372706],[2.142443,41.372192],[2.142434,41.371931],[2.142435,41.371832],[2.142426,41.371643],[2.142416,41.371471],[2.142404,41.371462],[2.142396,41.371165],[2.142396,41.371156],[2.142377,41.37085],[2.142377,41.370832],[2.142367,41.370696],[2.142358,41.370453],[2.14236,41.370264],[2.142362,41.370102],[2.142365,41.36994],[2.14388,41.371068],[2.144757,41.371732],[2.146189,41.372806],[2.147302,41.373651],[2.147954,41.374143],[2.148355,41.374515],[2.148627,41.374805],[2.148578,41.374895],[2.148552,41.374985],[2.148551,41.375066],[2.148562,41.375147],[2.148585,41.375219],[2.148632,41.375292],[2.148715,41.375355],[2.148834,41.375437],[2.148952,41.375492],[2.149059,41.375538],[2.149131,41.375557],[2.149227,41.375566],[2.148961,41.375772],[2.148237,41.376235],[2.147247,41.376975],[2.147054,41.377127],[2.14593,41.377974],[2.144843,41.378804]]]}},{"type":"Feature","properties":{"barri":"la Bordeta","districte":"Sants-Montjuïc"},"geometry":{"type":"Polygon","coordinates":[[[2.141623,41.372718],[2.141502,41.372816],[2.141466,41.372842],[2.141453,41.37286],[2.141453,41.372887],[2.141452,41.372923],[2.141451,41.373031],[2.14145,41.373113],[2.14145,41.373113],[2.141448,41.373266],[2.141459,41.373311],[2.141457,41.373527],[2.141466,41.373698],[2.141465,41.373797],[2.141273,41.373805],[2.14113,41.373804],[2.141118,41.373804],[2.140974,41.373812],[2.140819,41.37381],[2.140675,41.373818],[2.14064,41.373818],[2.1404,41.373816],[2.140365,41.373816],[2.140317,41.373807],[2.140245,41.373779],[2.140321,41.373491],[2.140334,41.373438],[2.140396,41.373231],[2.140408,41.373204],[2.140027,41.373075],[2.139837,41.37301],[2.139813,41.373001],[2.139599,41.372928],[2.139468,41.372882],[2.139408,41.372863],[2.139254,41.372808],[2.139194,41.372789],[2.139016,41.372734],[2.138849,41.372679],[2.138682,41.372623],[2.138444,41.372541],[2.138277,41.372485],[2.138158,41.372448],[2.137861,41.372356],[2.137959,41.372186],[2.138069,41.371979],[2.138057,41.371979],[2.138045,41.371979],[2.138045,41.371979],[2.137985,41.371961],[2.137962,41.371952],[2.137902,41.371933],[2.137759,41.371887],[2.137497,41.371804],[2.13745,41.371786],[2.137343,41.371749],[2.137283,41.37173],[2.137104,41.371666],[2.136831,41.371583],[2.136747,41.371555],[2.136545,41.371491],[2.136295,41.371408],[2.136116,41.371352],[2.135664,41.371205],[2.135521,41.371159],[2.135318,41.371094],[2.135235,41.371093],[2.13508,41.371074],[2.134888,41.371064],[2.134649,41.371044],[2.134626,41.371044],[2.13459,41.371043],[2.134554,41.371052],[2.134541,41.371079],[2.134529,41.371097],[2.134529,41.371115],[2.134337,41.371132],[2.134026,41.371156],[2.134026,41.371156],[2.133691,41.37119],[2.133691,41.37119],[2.133631,41.37118],[2.133285,41.371115],[2.133285,41.371115],[2.133059,41.371068],[2.132975,41.371049],[2.132868,41.371031],[2.132844,41.371021],[2.132498,41.370947],[2.132212,41.370881],[2.131885,41.371185],[2.131885,41.371185],[2.131873,41.371203],[2.131836,41.371284],[2.131836,41.371284],[2.131824,41.371302],[2.131824,41.371329],[2.131787,41.37141],[2.13175,41.371508],[2.131737,41.371562],[2.131725,41.371562],[2.131725,41.371589],[2.131654,41.371508],[2.131642,41.371499],[2.13163,41.371499],[2.13163,41.37149],[2.131571,41.371426],[2.131571,41.371426],[2.131571,41.371426],[2.131571,41.371426],[2.1315,41.371353],[2.131489,41.371335],[2.131465,41.371308],[2.131453,41.371299],[2.131383,41.371226],[2.131359,41.371199],[2.131288,41.371136],[2.131028,41.370927],[2.130945,41.37089],[2.13059,41.370581],[2.130058,41.370136],[2.129999,41.370081],[2.130083,41.37001],[2.130168,41.369956],[2.13024,41.369894],[2.130313,41.369831],[2.13041,41.369733],[2.130471,41.369679],[2.130519,41.369626],[2.13058,41.369554],[2.130641,41.369473],[2.130689,41.369402],[2.13075,41.36933],[2.13086,41.369178],[2.131043,41.368927],[2.131152,41.368757],[2.13125,41.368595],[2.131433,41.368317],[2.131482,41.368219],[2.131495,41.368201],[2.131629,41.367977],[2.13189,41.367258],[2.132028,41.366782],[2.132308,41.366369],[2.132881,41.365536],[2.132871,41.365365],[2.132896,41.365311],[2.13356,41.363947],[2.13366,41.363614],[2.133793,41.363507],[2.135723,41.364936],[2.137664,41.366392],[2.139428,41.36772],[2.14053,41.368548],[2.140908,41.368839],[2.142092,41.369731],[2.142365,41.36994],[2.142362,41.370102],[2.14236,41.370264],[2.142358,41.370453],[2.142367,41.370696],[2.142377,41.370832],[2.142377,41.37085],[2.142396,41.371156],[2.142396,41.371165],[2.142404,41.371462],[2.142416,41.371471],[2.142426,41.371643],[2.142435,41.371832],[2.142434,41.371931],[2.142443,41.372192],[2.142472,41.372706],[2.14202,41.372495],[2.141949,41.37245],[2.141623,41.372718]]]}},{"type":"Feature","properties":{"barri":"Sants - Badal","districte":"Sants-Montjuïc"},"geometry":{"type":"Polygon","coordinates":[[[2.130302,41.376037],[2.130165,41.376433],[2.130103,41.376594],[2.129967,41.376945],[2.129967,41.376945],[2.12988,41.377205],[2.12962,41.377906],[2.129619,41.377915],[2.129495,41.378274],[2.129433,41.378436],[2.129433,41.378436],[2.129296,41.378849],[2.129157,41.379388],[2.129157,41.379388],[2.12854,41.37906],[2.127578,41.378566],[2.127507,41.37852],[2.126985,41.37821],[2.125739,41.37748],[2.125288,41.377215],[2.12505,41.377078],[2.124422,41.376704],[2.12371,41.376276],[2.122701,41.375673],[2.121792,41.375693],[2.121842,41.375577],[2.122083,41.375416],[2.122348,41.375283],[2.123239,41.374849],[2.123275,41.374822],[2.123493,41.374608],[2.123602,41.374509],[2.123687,41.37442],[2.12376,41.374339],[2.123808,41.374277],[2.123821,41.37425],[2.123906,41.374115],[2.124188,41.373631],[2.124212,41.373595],[2.124224,41.373577],[2.124236,41.373568],[2.124249,41.373559],[2.124261,41.37355],[2.124273,41.373542],[2.124285,41.373533],[2.124297,41.373524],[2.124393,41.37347],[2.124863,41.373222],[2.124935,41.373177],[2.125453,41.372893],[2.125695,41.372724],[2.126009,41.372501],[2.126129,41.372421],[2.126443,41.372216],[2.126575,41.372136],[2.126853,41.37194],[2.126986,41.371842],[2.1273,41.371628],[2.127348,41.371601],[2.127408,41.371575],[2.12795,41.371273],[2.128131,41.371184],[2.128515,41.371043],[2.128876,41.370919],[2.129225,41.370724],[2.129346,41.370626],[2.129443,41.370545],[2.129902,41.370152],[2.129999,41.370081],[2.130058,41.370136],[2.13059,41.370581],[2.130945,41.37089],[2.131028,41.370927],[2.131288,41.371136],[2.131359,41.371199],[2.131383,41.371226],[2.131453,41.371299],[2.131465,41.371308],[2.131489,41.371335],[2.1315,41.371353],[2.131571,41.371426],[2.131571,41.371426],[2.131571,41.371426],[2.131571,41.371426],[2.13163,41.37149],[2.13163,41.371499],[2.131642,41.371499],[2.131654,41.371508],[2.131725,41.371589],[2.131784,41.371644],[2.131831,41.371698],[2.131781,41.371833],[2.131769,41.371869],[2.131682,41.372111],[2.13147,41.372749],[2.13147,41.372749],[2.131395,41.372992],[2.131259,41.373333],[2.131259,41.373333],[2.130973,41.374133],[2.130441,41.375507],[2.130441,41.375516],[2.130302,41.376037]]]}},{"type":"Feature","properties":{"barri":"Sants","districte":"Sants-Montjuïc"},"geometry":{"type":"Polygon","coordinates":[[[2.142038,41.378422],[2.142038,41.378431],[2.142038,41.378431],[2.142038,41.37844],[2.14205,41.378449],[2.142049,41.378458],[2.142049,41.378458],[2.142049,41.378458],[2.142049,41.378467],[2.142049,41.378467],[2.142049,41.378467],[2.142049,41.378477],[2.142061,41.378477],[2.142061,41.378486],[2.142061,41.378486],[2.142061,41.378495],[2.142061,41.378495],[2.142073,41.378495],[2.142073,41.378504],[2.142085,41.378504],[2.142085,41.378504],[2.142085,41.378504],[2.142085,41.378504],[2.142085,41.378513],[2.142085,41.378513],[2.142085,41.378513],[2.142097,41.378513],[2.142097,41.378513],[2.142097,41.378513],[2.142096,41.378522],[2.142108,41.378531],[2.14212,41.37854],[2.142132,41.37854],[2.142132,41.37854],[2.142132,41.37854],[2.142144,41.378549],[2.142144,41.378549],[2.142144,41.378549],[2.142156,41.378549],[2.142215,41.378586],[2.142346,41.378659],[2.142405,41.378695],[2.14232,41.378767],[2.142175,41.37891],[2.14209,41.378999],[2.141993,41.379089],[2.141981,41.379116],[2.141992,41.379152],[2.142051,41.37926],[2.142085,41.37936],[2.142107,41.379504],[2.142106,41.379639],[2.142165,41.379702],[2.142176,41.379711],[2.142188,41.37973],[2.1422,41.379739],[2.142224,41.379748],[2.14252,41.379975],[2.14265,41.380075],[2.142792,41.380175],[2.142899,41.380266],[2.142887,41.380275],[2.142415,41.380632],[2.142319,41.380703],[2.142307,41.380721],[2.142317,41.380838],[2.142416,41.382398],[2.142538,41.384056],[2.142537,41.384146],[2.142557,41.384416],[2.142628,41.385363],[2.142637,41.385615],[2.142305,41.385369],[2.140707,41.384168],[2.140339,41.383958],[2.139057,41.383219],[2.137618,41.382569],[2.137582,41.38256],[2.13719,41.382412],[2.136952,41.382321],[2.136261,41.382072],[2.135869,41.381925],[2.1355,41.381787],[2.134809,41.38153],[2.133547,41.38116],[2.132772,41.380929],[2.132403,41.380818],[2.131784,41.380633],[2.131664,41.380605],[2.130832,41.380275],[2.130713,41.380211],[2.129929,41.3798],[2.129205,41.379416],[2.129157,41.379388],[2.129157,41.379388],[2.129296,41.378849],[2.129433,41.378436],[2.129433,41.378436],[2.129495,41.378274],[2.129619,41.377915],[2.12962,41.377906],[2.12988,41.377205],[2.129967,41.376945],[2.129967,41.376945],[2.130103,41.376594],[2.130165,41.376433],[2.130302,41.376037],[2.130441,41.375516],[2.130441,41.375507],[2.130973,41.374133],[2.131259,41.373333],[2.131259,41.373333],[2.131395,41.372992],[2.13147,41.372749],[2.13147,41.372749],[2.131682,41.372111],[2.131769,41.371869],[2.131781,41.371833],[2.131831,41.371698],[2.131784,41.371644],[2.131725,41.371589],[2.131725,41.371562],[2.131737,41.371562],[2.13175,41.371508],[2.131787,41.37141],[2.131824,41.371329],[2.131824,41.371302],[2.131836,41.371284],[2.131836,41.371284],[2.131873,41.371203],[2.131885,41.371185],[2.131885,41.371185],[2.132212,41.370881],[2.132498,41.370947],[2.132844,41.371021],[2.132868,41.371031],[2.132975,41.371049],[2.133059,41.371068],[2.133285,41.371115],[2.133285,41.371115],[2.133631,41.37118],[2.133691,41.37119],[2.133691,41.37119],[2.134026,41.371156],[2.134026,41.371156],[2.134337,41.371132],[2.134529,41.371115],[2.134529,41.371097],[2.134541,41.371079],[2.134554,41.371052],[2.13459,41.371043],[2.134626,41.371044],[2.134649,41.371044],[2.134888,41.371064],[2.13508,41.371074],[2.135235,41.371093],[2.135318,41.371094],[2.135521,41.371159],[2.135664,41.371205],[2.136116,41.371352],[2.136295,41.371408],[2.136545,41.371491],[2.136747,41.371555],[2.136831,41.371583],[2.137104,41.371666],[2.137283,41.37173],[2.137343,41.371749],[2.13745,41.371786],[2.137497,41.371804],[2.137759,41.371887],[2.137902,41.371933],[2.137962,41.371952],[2.137985,41.371961],[2.138045,41.371979],[2.138045,41.371979],[2.138057,41.371979],[2.138069,41.371979],[2.137959,41.372186],[2.137861,41.372356],[2.138158,41.372448],[2.138277,41.372485],[2.138444,41.372541],[2.138682,41.372623],[2.138849,41.372679],[2.139016,41.372734],[2.139194,41.372789],[2.139254,41.372808],[2.139408,41.372863],[2.139468,41.372882],[2.139599,41.372928],[2.139813,41.373001],[2.139837,41.37301],[2.140027,41.373075],[2.140408,41.373204],[2.140396,41.373231],[2.140334,41.373438],[2.140321,41.373491],[2.140245,41.373779],[2.140317,41.373807],[2.140365,41.373816],[2.1404,41.373816],[2.14064,41.373818],[2.140675,41.373818],[2.140819,41.37381],[2.140974,41.373812],[2.141118,41.373804],[2.14113,41.373804],[2.141081,41.373929],[2.14108,41.373947],[2.141068,41.373956],[2.141068,41.373974],[2.141056,41.373992],[2.141056,41.374001],[2.141055,41.374019],[2.141043,41.374028],[2.141043,41.374046],[2.141043,41.374046],[2.141018,41.3741],[2.141006,41.374154],[2.141006,41.374163],[2.141006,41.374172],[2.141005,41.374181],[2.140993,41.374199],[2.140993,41.374208],[2.140993,41.374217],[2.140993,41.374226],[2.140993,41.374253],[2.140992,41.374262],[2.140992,41.374271],[2.140992,41.37428],[2.140992,41.374289],[2.140992,41.374298],[2.140992,41.374307],[2.140992,41.374325],[2.140991,41.374334],[2.141003,41.374361],[2.141025,41.374497],[2.141025,41.374515],[2.141048,41.374605],[2.141058,41.374722],[2.141069,41.374785],[2.141069,41.37483],[2.141044,41.374875],[2.140972,41.374929],[2.14096,41.374946],[2.140887,41.375009],[2.140863,41.375045],[2.140837,41.375144],[2.140824,41.375243],[2.140811,41.375297],[2.140632,41.375304],[2.140452,41.375312],[2.140452,41.375312],[2.140463,41.375429],[2.140467,41.375988],[2.140486,41.376429],[2.140485,41.376492],[2.14101,41.376532],[2.141154,41.376542],[2.141739,41.376583],[2.141763,41.376583],[2.141823,41.376592],[2.142062,41.376603],[2.142277,41.376614],[2.142276,41.376659],[2.142155,41.376775],[2.142143,41.376784],[2.142119,41.376811],[2.142095,41.376837],[2.141962,41.376954],[2.141938,41.376953],[2.141914,41.376953],[2.141902,41.376953],[2.141878,41.376953],[2.141878,41.376953],[2.14183,41.376953],[2.141818,41.376953],[2.141835,41.378421],[2.141835,41.378421],[2.141847,41.378421],[2.141847,41.378421],[2.14187,41.378421],[2.141883,41.378412],[2.14193,41.378413],[2.141978,41.378413],[2.141978,41.378413],[2.142038,41.378413],[2.142038,41.378413],[2.142038,41.378422]]]}},{"type":"Feature","properties":{"barri":"les Corts","districte":"Les Corts"},"geometry":{"type":"Polygon","coordinates":[[[2.137465,41.391431],[2.136422,41.391594],[2.132479,41.392195],[2.131784,41.392298],[2.130669,41.39247],[2.130225,41.392629],[2.130164,41.392664],[2.13008,41.392682],[2.129973,41.392681],[2.129889,41.392662],[2.129818,41.392644],[2.129758,41.392616],[2.129699,41.392598],[2.129628,41.392552],[2.12958,41.392525],[2.129569,41.392425],[2.12957,41.392398],[2.129582,41.392363],[2.129595,41.392336],[2.12944,41.392235],[2.129334,41.392153],[2.129204,41.392044],[2.129109,41.391945],[2.12898,41.391799],[2.12864,41.391247],[2.128254,41.390596],[2.128022,41.390099],[2.127676,41.389132],[2.127607,41.388898],[2.127476,41.388879],[2.127285,41.388832],[2.127166,41.388804],[2.127071,41.388759],[2.126976,41.388704],[2.126905,41.38864],[2.126881,41.388595],[2.127042,41.388245],[2.127128,41.388056],[2.127128,41.388038],[2.127128,41.388029],[2.12714,41.388029],[2.12714,41.38802],[2.12714,41.38802],[2.127152,41.388012],[2.127152,41.388012],[2.127152,41.388012],[2.127165,41.388003],[2.127165,41.388003],[2.127176,41.388003],[2.127177,41.387994],[2.127189,41.387994],[2.127189,41.387994],[2.127189,41.387985],[2.127201,41.387985],[2.127201,41.387985],[2.127213,41.387985],[2.127225,41.387976],[2.127237,41.387976],[2.127249,41.387976],[2.127261,41.387967],[2.127273,41.387967],[2.127297,41.387968],[2.127309,41.387959],[2.127321,41.387959],[2.127197,41.387372],[2.127186,41.387309],[2.127187,41.387219],[2.127175,41.387183],[2.127166,41.386976],[2.127167,41.386913],[2.127157,41.386759],[2.127158,41.386705],[2.127149,41.386489],[2.127149,41.386471],[2.127152,41.386282],[2.127164,41.386246],[2.127169,41.385895],[2.127223,41.385427],[2.127235,41.385391],[2.127275,41.385112],[2.1273,41.384995],[2.127301,41.384959],[2.127364,41.384734],[2.127376,41.384725],[2.127676,41.383773],[2.128063,41.382533],[2.128113,41.38238],[2.128113,41.38238],[2.128188,41.382155],[2.12856,41.381131],[2.128784,41.380476],[2.128821,41.380386],[2.129145,41.379433],[2.129157,41.379388],[2.129205,41.379416],[2.129929,41.3798],[2.130713,41.380211],[2.130832,41.380275],[2.131664,41.380605],[2.131784,41.380633],[2.132403,41.380818],[2.132772,41.380929],[2.133547,41.38116],[2.134809,41.38153],[2.1355,41.381787],[2.135869,41.381925],[2.136261,41.382072],[2.136952,41.382321],[2.13719,41.382412],[2.137582,41.38256],[2.137618,41.382569],[2.139057,41.383219],[2.140339,41.383958],[2.140707,41.384168],[2.142305,41.385369],[2.142637,41.385615],[2.142637,41.385615],[2.142637,41.385615],[2.142649,41.385651],[2.142756,41.386607],[2.142945,41.38768],[2.143194,41.388718],[2.143524,41.390044],[2.143649,41.390504],[2.143798,41.391028],[2.14396,41.391471],[2.144342,41.392383],[2.144258,41.39241],[2.144186,41.392454],[2.14415,41.392481],[2.144101,41.392525],[2.144065,41.392561],[2.144053,41.39257],[2.142312,41.392134],[2.139367,41.391391],[2.138771,41.391243],[2.137465,41.391431]]]}},{"type":"Feature","properties":{"barri":"la Maternitat i Sant Ramon","districte":"Les Corts"},"geometry":{"type":"Polygon","coordinates":[[[2.129145,41.379433],[2.128821,41.380386],[2.128784,41.380476],[2.12856,41.381131],[2.128188,41.382155],[2.128113,41.38238],[2.128113,41.38238],[2.128063,41.382533],[2.127676,41.383773],[2.127376,41.384725],[2.127364,41.384734],[2.127301,41.384959],[2.1273,41.384995],[2.127275,41.385112],[2.127235,41.385391],[2.127223,41.385427],[2.127169,41.385895],[2.127164,41.386246],[2.127152,41.386282],[2.127149,41.386471],[2.127149,41.386489],[2.127158,41.386705],[2.127157,41.386759],[2.127167,41.386913],[2.127166,41.386976],[2.127175,41.387183],[2.127187,41.387219],[2.127186,41.387309],[2.127197,41.387372],[2.127321,41.387959],[2.127309,41.387959],[2.127297,41.387968],[2.127273,41.387967],[2.127261,41.387967],[2.127249,41.387976],[2.127237,41.387976],[2.127225,41.387976],[2.127213,41.387985],[2.127201,41.387985],[2.127201,41.387985],[2.127189,41.387985],[2.127189,41.387994],[2.127189,41.387994],[2.127177,41.387994],[2.127176,41.388003],[2.127165,41.388003],[2.127165,41.388003],[2.127152,41.388012],[2.127152,41.388012],[2.127152,41.388012],[2.12714,41.38802],[2.12714,41.38802],[2.12714,41.388029],[2.127128,41.388029],[2.127128,41.388038],[2.127128,41.388056],[2.127042,41.388245],[2.125349,41.387818],[2.123346,41.387316],[2.122071,41.387],[2.112059,41.384455],[2.110903,41.384158],[2.10573,41.38283],[2.104395,41.382504],[2.101714,41.381826],[2.101726,41.381772],[2.101936,41.381341],[2.102542,41.380688],[2.102591,41.380644],[2.102651,41.380599],[2.103182,41.380279],[2.103254,41.38027],[2.103338,41.380262],[2.103386,41.380244],[2.103446,41.380236],[2.103482,41.380218],[2.103542,41.380201],[2.103602,41.380183],[2.10365,41.380165],[2.103722,41.380139],[2.10377,41.380112],[2.103818,41.380086],[2.103867,41.380068],[2.103903,41.380041],[2.103963,41.379997],[2.103999,41.37997],[2.104048,41.379943],[2.105497,41.378874],[2.105983,41.379238],[2.106091,41.379176],[2.1075,41.378466],[2.108138,41.378138],[2.108163,41.378093],[2.108224,41.378003],[2.108309,41.377905],[2.108394,41.377815],[2.108503,41.377708],[2.108636,41.377583],[2.108733,41.377485],[2.108818,41.377386],[2.108928,41.377261],[2.108989,41.377171],[2.109062,41.377037],[2.109124,41.376911],[2.109185,41.376804],[2.109223,41.376669],[2.109248,41.376579],[2.109286,41.376426],[2.109299,41.376327],[2.109312,41.376237],[2.109313,41.376192],[2.109314,41.376147],[2.109304,41.375949],[2.113575,41.375856],[2.117367,41.375786],[2.117797,41.37578],[2.119695,41.376902],[2.119731,41.376921],[2.12106,41.377706],[2.121439,41.377988],[2.121488,41.377844],[2.121526,41.377682],[2.121576,41.377574],[2.121651,41.377341],[2.121652,41.37726],[2.121627,41.376449],[2.121619,41.376116],[2.121657,41.375972],[2.121706,41.375882],[2.121792,41.375693],[2.122701,41.375673],[2.12371,41.376276],[2.124422,41.376704],[2.12505,41.377078],[2.125288,41.377215],[2.125739,41.37748],[2.126985,41.37821],[2.127507,41.37852],[2.127578,41.378566],[2.12854,41.37906],[2.129157,41.379388],[2.129145,41.379433]]]}},{"type":"Feature","properties":{"barri":"Pedralbes","districte":"Les Corts"},"geometry":{"type":"Polygon","coordinates":[[[2.103422,41.401106],[2.103326,41.401114],[2.103278,41.401105],[2.103219,41.401104],[2.103183,41.401095],[2.103147,41.401086],[2.103123,41.401086],[2.103087,41.401094],[2.103063,41.401094],[2.103039,41.401094],[2.103003,41.401103],[2.102991,41.401103],[2.102932,41.401093],[2.102908,41.401057],[2.102897,41.400976],[2.102899,41.400877],[2.1029,41.40076],[2.10289,41.40067],[2.102867,41.400597],[2.102832,41.400516],[2.102773,41.400443],[2.102679,41.400326],[2.102549,41.40019],[2.10242,41.400053],[2.102337,41.399954],[2.10229,41.399899],[2.102219,41.399827],[2.102161,41.399745],[2.102126,41.399655],[2.102091,41.399573],[2.102032,41.399501],[2.101974,41.399437],[2.101914,41.399392],[2.101808,41.399283],[2.101738,41.399201],[2.101678,41.399147],[2.101572,41.399083],[2.101489,41.399028],[2.10137,41.398973],[2.101263,41.398918],[2.101168,41.398873],[2.101061,41.398836],[2.10093,41.398772],[2.100823,41.398735],[2.100704,41.39868],[2.100573,41.398616],[2.100526,41.398579],[2.10049,41.398552],[2.100467,41.398507],[2.100457,41.398345],[2.100482,41.398264],[2.100461,41.398074],[2.10045,41.398002],[2.10038,41.397912],[2.100368,41.397867],[2.100322,41.397785],[2.100274,41.397731],[2.100216,41.397658],[2.10018,41.397613],[2.100145,41.397568],[2.100088,41.39736],[2.100066,41.397261],[2.100044,41.397098],[2.10001,41.396972],[2.099963,41.396891],[2.099928,41.396809],[2.099846,41.396701],[2.099752,41.39661],[2.099622,41.396492],[2.099504,41.396383],[2.099385,41.396274],[2.099269,41.396074],[2.099176,41.395876],[2.099117,41.395767],[2.099072,41.395587],[2.099026,41.395415],[2.098968,41.395352],[2.098873,41.395261],[2.098743,41.395179],[2.098624,41.395079],[2.098506,41.394979],[2.098459,41.394906],[2.098413,41.394789],[2.098332,41.394608],[2.098215,41.394436],[2.098086,41.394255],[2.09792,41.394091],[2.097791,41.393955],[2.098022,41.393642],[2.098035,41.393606],[2.098049,41.393426],[2.098483,41.393159],[2.098905,41.392973],[2.098989,41.39292],[2.099122,41.392813],[2.099231,41.392705],[2.099378,41.392463],[2.099475,41.392365],[2.099645,41.392195],[2.099718,41.392115],[2.099791,41.392007],[2.099806,41.391827],[2.099772,41.391647],[2.099775,41.391458],[2.099829,41.390981],[2.099856,41.390792],[2.099945,41.390423],[2.099971,41.39027],[2.10002,41.390144],[2.100167,41.389902],[2.100254,41.389687],[2.100243,41.389588],[2.100198,41.38938],[2.100211,41.389299],[2.100262,41.389101],[2.100312,41.388958],[2.100496,41.388608],[2.100594,41.38841],[2.100704,41.388267],[2.101162,41.38801],[2.101596,41.387788],[2.101885,41.387655],[2.102113,41.387567],[2.102293,41.387514],[2.102258,41.387469],[2.102234,41.387468],[2.10221,41.387459],[2.102198,41.38745],[2.102163,41.387441],[2.102127,41.387414],[2.102068,41.387377],[2.102032,41.387359],[2.102008,41.38735],[2.101973,41.387331],[2.101925,41.387322],[2.10183,41.387294],[2.101746,41.387276],[2.101603,41.387247],[2.101496,41.38722],[2.101448,41.38721],[2.101389,41.387192],[2.101293,41.387155],[2.101246,41.387146],[2.101186,41.387118],[2.101115,41.387081],[2.101345,41.386849],[2.101442,41.386796],[2.101539,41.386724],[2.101576,41.386644],[2.101684,41.386581],[2.101805,41.386492],[2.101878,41.386412],[2.101914,41.386403],[2.10195,41.38634],[2.102011,41.386287],[2.102024,41.386242],[2.102264,41.386118],[2.102289,41.386064],[2.10235,41.385992],[2.102386,41.385947],[2.102495,41.385885],[2.102507,41.385849],[2.10252,41.385822],[2.102604,41.385751],[2.102678,41.385589],[2.102691,41.385553],[2.102895,41.385483],[2.103386,41.384577],[2.103398,41.38455],[2.103351,41.384514],[2.103363,41.384496],[2.103437,41.38437],[2.103342,41.384261],[2.103237,41.384126],[2.103131,41.38399],[2.102931,41.383781],[2.102895,41.383754],[2.10286,41.383717],[2.102812,41.38369],[2.102777,41.383654],[2.102729,41.383626],[2.102682,41.383599],[2.102634,41.383571],[2.102587,41.383544],[2.102528,41.383516],[2.10248,41.383498],[2.102254,41.383424],[2.102182,41.383406],[2.102075,41.383387],[2.10192,41.38335],[2.101669,41.383303],[2.101586,41.383284],[2.101514,41.383265],[2.101443,41.383247],[2.101359,41.383228],[2.101181,41.383173],[2.101714,41.381826],[2.101714,41.381826],[2.104395,41.382504],[2.10573,41.38283],[2.110903,41.384158],[2.112059,41.384455],[2.122071,41.387],[2.123346,41.387316],[2.125349,41.387818],[2.127042,41.388245],[2.126881,41.388595],[2.126905,41.38864],[2.126976,41.388704],[2.127071,41.388759],[2.127166,41.388804],[2.127285,41.388832],[2.127476,41.388879],[2.127607,41.388898],[2.127676,41.389132],[2.128022,41.390099],[2.128254,41.390596],[2.12864,41.391247],[2.12898,41.391799],[2.129109,41.391945],[2.129204,41.392044],[2.129334,41.392153],[2.12944,41.392235],[2.129595,41.392336],[2.129582,41.392363],[2.12957,41.392398],[2.129569,41.392425],[2.12958,41.392525],[2.129366,41.392406],[2.129331,41.392379],[2.129045,41.392313],[2.127352,41.391886],[2.127066,41.391821],[2.12585,41.391515],[2.125647,41.391468],[2.125575,41.391449],[2.123894,41.391031],[2.123406,41.390901],[2.122869,41.390771],[2.122273,41.390623],[2.121773,41.39043],[2.121512,41.390329],[2.121262,41.390228],[2.120893,41.39009],[2.120732,41.39053],[2.120548,41.390808],[2.120403,41.390951],[2.120342,41.391013],[2.120016,41.391272],[2.119919,41.391325],[2.119835,41.39137],[2.119366,41.391573],[2.118562,41.391783],[2.118009,41.391923],[2.117575,41.392217],[2.117563,41.392226],[2.117764,41.392381],[2.117988,41.392598],[2.118188,41.392879],[2.118363,41.393196],[2.118431,41.393458],[2.118475,41.393764],[2.118447,41.39407],[2.118371,41.394403],[2.118296,41.394592],[2.118162,41.39478],[2.118016,41.394959],[2.117799,41.395128],[2.11763,41.395244],[2.117365,41.395368],[2.116825,41.395499],[2.11596,41.395727],[2.115816,41.395788],[2.115611,41.395877],[2.114852,41.396295],[2.113309,41.397156],[2.113128,41.397263],[2.112701,41.397008],[2.112677,41.396998],[2.112181,41.396544],[2.111933,41.396362],[2.111648,41.396189],[2.111078,41.395896],[2.110911,41.395832],[2.109939,41.395176],[2.109781,41.395328],[2.109612,41.395506],[2.109575,41.395578],[2.109537,41.395695],[2.109536,41.395776],[2.109535,41.395866],[2.109498,41.395911],[2.109651,41.396128],[2.109733,41.396264],[2.109744,41.3963],[2.109732,41.396354],[2.109718,41.396444],[2.109693,41.396579],[2.109668,41.39666],[2.109643,41.396705],[2.109631,41.396732],[2.109594,41.396776],[2.109509,41.396857],[2.109425,41.396937],[2.109351,41.397036],[2.109338,41.397144],[2.109325,41.397189],[2.109301,41.397224],[2.109289,41.397242],[2.109265,41.397269],[2.10924,41.397287],[2.109144,41.39734],[2.109047,41.397421],[2.109023,41.397438],[2.108999,41.397465],[2.10895,41.397555],[2.108949,41.397564],[2.108949,41.397573],[2.108949,41.397591],[2.108961,41.3976],[2.108972,41.397636],[2.108972,41.397663],[2.10896,41.39769],[2.108899,41.397789],[2.108874,41.397834],[2.108788,41.398013],[2.108714,41.398193],[2.108701,41.398247],[2.108712,41.398283],[2.108748,41.39831],[2.10865,41.398453],[2.108421,41.398569],[2.108349,41.398604],[2.108337,41.398613],[2.108289,41.39864],[2.108277,41.398658],[2.108252,41.398676],[2.108228,41.398738],[2.108191,41.398819],[2.108166,41.398846],[2.108154,41.398855],[2.108142,41.398873],[2.108094,41.398909],[2.108069,41.398944],[2.107997,41.399007],[2.107948,41.399043],[2.107851,41.399132],[2.107779,41.399203],[2.107767,41.399212],[2.107742,41.39923],[2.10767,41.399248],[2.107634,41.399256],[2.107502,41.3993],[2.107418,41.399336],[2.107358,41.399371],[2.107309,41.399407],[2.107261,41.399461],[2.107199,41.399586],[2.107162,41.399667],[2.107125,41.399739],[2.107125,41.399739],[2.107077,41.399801],[2.10698,41.399846],[2.106944,41.399872],[2.106896,41.39989],[2.106848,41.399917],[2.106848,41.399917],[2.106775,41.399988],[2.106763,41.399988],[2.106763,41.399988],[2.106751,41.399997],[2.106751,41.399997],[2.106751,41.399997],[2.106739,41.400006],[2.106739,41.400006],[2.106727,41.400006],[2.106727,41.400006],[2.106727,41.400015],[2.106715,41.400015],[2.106715,41.400015],[2.106703,41.400024],[2.106703,41.400024],[2.106703,41.400024],[2.106691,41.400033],[2.106691,41.400033],[2.106679,41.400032],[2.106679,41.400032],[2.106667,41.400041],[2.106667,41.400041],[2.106667,41.400041],[2.106655,41.40005],[2.106655,41.40005],[2.106643,41.40005],[2.106643,41.40005],[2.106642,41.400059],[2.10663,41.400059],[2.10663,41.400059],[2.106618,41.400068],[2.106618,41.400068],[2.106618,41.400068],[2.106606,41.400068],[2.106606,41.400077],[2.106594,41.400077],[2.106594,41.400077],[2.106582,41.400086],[2.106582,41.400086],[2.106582,41.400086],[2.10657,41.400086],[2.10657,41.400095],[2.106558,41.400095],[2.106558,41.400095],[2.106558,41.400095],[2.106546,41.400104],[2.106546,41.400104],[2.106534,41.400103],[2.106534,41.400112],[2.106522,41.400112],[2.106522,41.400112],[2.106522,41.400112],[2.10651,41.400121],[2.10651,41.400121],[2.106498,41.400121],[2.106498,41.400121],[2.106486,41.40013],[2.106486,41.40013],[2.106486,41.40013],[2.106474,41.40013],[2.106474,41.400139],[2.106462,41.400139],[2.106462,41.400139],[2.10645,41.400139],[2.10645,41.400148],[2.10645,41.400148],[2.106438,41.400148],[2.106438,41.400157],[2.106426,41.400157],[2.106426,41.400157],[2.106414,41.400157],[2.106414,41.400166],[2.106414,41.400166],[2.106402,41.400165],[2.106402,41.400165],[2.10639,41.400174],[2.10639,41.400174],[2.106378,41.400174],[2.106378,41.400174],[2.106378,41.400183],[2.106366,41.400183],[2.106366,41.400183],[2.106354,41.400183],[2.106354,41.400192],[2.106342,41.400192],[2.106342,41.400192],[2.106342,41.400192],[2.106329,41.400201],[2.106329,41.400201],[2.106318,41.400201],[2.106318,41.400201],[2.106306,41.400201],[2.106305,41.40021],[2.106293,41.40021],[2.106293,41.40021],[2.106293,41.40021],[2.106281,41.400219],[2.106281,41.400219],[2.106269,41.400218],[2.106269,41.400218],[2.106257,41.400227],[2.106257,41.400227],[2.106257,41.400227],[2.105572,41.400483],[2.105572,41.400492],[2.105572,41.400492],[2.10556,41.400492],[2.10556,41.400492],[2.105548,41.400501],[2.105548,41.400501],[2.105548,41.400501],[2.105536,41.400501],[2.105536,41.40051],[2.105524,41.40051],[2.105524,41.40051],[2.105524,41.400519],[2.105512,41.400519],[2.105512,41.400519],[2.1055,41.400528],[2.1055,41.400528],[2.1055,41.400528],[2.105487,41.400537],[2.105487,41.400537],[2.105487,41.400537],[2.105475,41.400546],[2.105475,41.400546],[2.105475,41.400546],[2.105463,41.400554],[2.105463,41.400554],[2.105463,41.400563],[2.105451,41.400563],[2.105451,41.400563],[2.105451,41.400572],[2.105439,41.400572],[2.105439,41.400572],[2.105439,41.400581],[2.105427,41.400581],[2.105427,41.400581],[2.105427,41.40059],[2.105415,41.40059],[2.105415,41.40059],[2.105403,41.400599],[2.105403,41.400599],[2.105391,41.400599],[2.105391,41.400599],[2.105391,41.400599],[2.105379,41.400608],[2.105379,41.400608],[2.105367,41.400608],[2.105367,41.400608],[2.105355,41.400608],[2.105355,41.400608],[2.104911,41.400685],[2.104587,41.400773],[2.104407,41.400825],[2.103998,41.400957],[2.103998,41.400957],[2.103998,41.400957],[2.103962,41.400966],[2.103914,41.400984],[2.103842,41.401001],[2.10377,41.401019],[2.103686,41.401045],[2.103614,41.401063],[2.103518,41.401089],[2.103422,41.401106]]]}},{"type":"Feature","properties":{"barri":"Vallvidrera, el Tibidabo i les Planes","districte":"Sarrià-Sant Gervasi"},"geometry":{"type":"MultiPolygon","coordinates":[[[[2.072559,41.435468],[2.072523,41.435486],[2.072523,41.435504],[2.072783,41.435749],[2.072923,41.435993],[2.073005,41.436102],[2.0731,41.436157],[2.073289,41.436348],[2.073335,41.436447],[2.073034,41.436607],[2.072615,41.436558],[2.072103,41.436401],[2.071817,41.436327],[2.071769,41.436299],[2.071663,41.436172],[2.071185,41.435304],[2.071057,41.435051],[2.070978,41.434744],[2.070935,41.434401],[2.070997,41.434194],[2.071182,41.433872],[2.071357,41.433351],[2.07148,41.433081],[2.072237,41.432043],[2.073118,41.430663],[2.073444,41.430503],[2.0736,41.430423],[2.073721,41.43037],[2.073913,41.4303],[2.074118,41.430211],[2.074336,41.430069],[2.07442,41.430006],[2.074457,41.429944],[2.074493,41.429917],[2.07453,41.42989],[2.07465,41.429846],[2.074879,41.429758],[2.074975,41.429714],[2.075059,41.429678],[2.075264,41.429617],[2.07542,41.429573],[2.07548,41.429556],[2.07554,41.429511],[2.075637,41.42944],[2.075722,41.42935],[2.075807,41.429252],[2.075831,41.429234],[2.075916,41.429181],[2.076097,41.42911],[2.076217,41.429066],[2.076301,41.429022],[2.07647,41.428906],[2.076617,41.428709],[2.075461,41.428357],[2.074591,41.428107],[2.073994,41.427985],[2.073815,41.42793],[2.07353,41.427801],[2.073221,41.427682],[2.073138,41.427627],[2.072995,41.427527],[2.0732,41.427457],[2.073224,41.427412],[2.073214,41.427295],[2.073133,41.427078],[2.0731,41.426888],[2.073089,41.426852],[2.073066,41.426753],[2.073008,41.426671],[2.072973,41.42659],[2.072953,41.426293],[2.072918,41.426211],[2.072812,41.426129],[2.072717,41.426057],[2.072634,41.425975],[2.072576,41.425875],[2.072541,41.425785],[2.072542,41.425758],[2.072616,41.425623],[2.072652,41.425588],[2.072724,41.425534],[2.072773,41.425498],[2.072786,41.425436],[2.072787,41.425373],[2.072763,41.425327],[2.072718,41.425183],[2.072706,41.425156],[2.073008,41.424987],[2.073056,41.424978],[2.073188,41.424943],[2.073427,41.424945],[2.073535,41.424928],[2.073643,41.424902],[2.073943,41.424859],[2.074027,41.424842],[2.074063,41.424824],[2.074147,41.424807],[2.074267,41.424808],[2.074399,41.424791],[2.074542,41.424783],[2.074614,41.424811],[2.074673,41.424829],[2.074769,41.424848],[2.074804,41.424866],[2.074923,41.424912],[2.075162,41.424995],[2.075329,41.424997],[2.075413,41.424979],[2.075449,41.424962],[2.075509,41.424944],[2.075617,41.424936],[2.075701,41.424928],[2.075952,41.424966],[2.076047,41.424975],[2.076071,41.424985],[2.076179,41.425003],[2.076322,41.425005],[2.07637,41.425023],[2.076465,41.425042],[2.076561,41.425043],[2.076633,41.425052],[2.076764,41.425044],[2.076776,41.425044],[2.076896,41.425045],[2.077135,41.425047],[2.077219,41.425039],[2.077411,41.425004],[2.077604,41.424943],[2.077987,41.424946],[2.078118,41.424938],[2.07831,41.424894],[2.07884,41.424683],[2.079237,41.424542],[2.079681,41.424473],[2.079812,41.424483],[2.079908,41.424466],[2.080052,41.424467],[2.080231,41.424486],[2.080278,41.424514],[2.080361,41.424569],[2.080541,41.424579],[2.080591,41.424408],[2.080956,41.424006],[2.080584,41.424057],[2.080548,41.424057],[2.080358,41.423983],[2.08024,41.423829],[2.08023,41.42373],[2.080257,41.423469],[2.080247,41.423361],[2.080165,41.423189],[2.080072,41.423062],[2.079059,41.422748],[2.078701,41.422664],[2.078057,41.422523],[2.07795,41.422487],[2.077914,41.422477],[2.077698,41.422494],[2.077602,41.422493],[2.077197,41.422417],[2.076061,41.422309],[2.075442,41.42207],[2.075336,41.421979],[2.075385,41.421908],[2.075481,41.421845],[2.075674,41.421757],[2.075855,41.42165],[2.076024,41.421543],[2.076109,41.42149],[2.07629,41.421383],[2.076362,41.421348],[2.076519,41.421259],[2.076651,41.421206],[2.07682,41.421135],[2.076953,41.421019],[2.077028,41.420804],[2.076994,41.420695],[2.076995,41.420623],[2.077007,41.420578],[2.076996,41.420515],[2.076961,41.420434],[2.076938,41.420416],[2.076942,41.420146],[2.07693,41.4201],[2.076955,41.420038],[2.076956,41.419957],[2.076945,41.419902],[2.076851,41.419794],[2.076829,41.419613],[2.076831,41.419532],[2.076855,41.419487],[2.076904,41.419425],[2.076952,41.419389],[2.077072,41.419354],[2.077121,41.419318],[2.077194,41.419247],[2.077278,41.41923],[2.07735,41.419194],[2.077447,41.419078],[2.07752,41.419024],[2.077557,41.418935],[2.077569,41.418917],[2.077607,41.418809],[2.077656,41.418701],[2.077646,41.418602],[2.077992,41.418641],[2.078183,41.418705],[2.07848,41.418825],[2.078755,41.418863],[2.078684,41.418781],[2.078614,41.418637],[2.078603,41.418574],[2.078604,41.418529],[2.07864,41.418484],[2.078737,41.41844],[2.078761,41.418422],[2.078773,41.418395],[2.078762,41.418368],[2.078727,41.418295],[2.07868,41.418187],[2.078669,41.41816],[2.078646,41.418052],[2.078647,41.418006],[2.078672,41.417926],[2.078744,41.417908],[2.078792,41.417882],[2.078914,41.417765],[2.079036,41.417604],[2.079086,41.417461],[2.079198,41.417101],[2.079236,41.417011],[2.079261,41.41693],[2.079263,41.416786],[2.079287,41.416751],[2.079482,41.416518],[2.079555,41.416446],[2.079736,41.416331],[2.079809,41.41625],[2.079745,41.415655],[2.079638,41.415636],[2.079507,41.415599],[2.079459,41.415572],[2.079424,41.415518],[2.079342,41.415391],[2.079248,41.415282],[2.079047,41.415136],[2.079023,41.4151],[2.079024,41.415073],[2.079036,41.415046],[2.079121,41.414975],[2.079061,41.414938],[2.078582,41.414979],[2.077343,41.414627],[2.07732,41.41451],[2.077309,41.414456],[2.07731,41.414438],[2.077262,41.41441],[2.077179,41.414392],[2.077119,41.414346],[2.077072,41.414301],[2.077072,41.414283],[2.077001,41.414246],[2.076895,41.414137],[2.076848,41.414074],[2.076837,41.414029],[2.07673,41.413965],[2.076707,41.413929],[2.0766,41.413874],[2.076552,41.413873],[2.076517,41.413828],[2.076493,41.413774],[2.076387,41.413647],[2.076305,41.413547],[2.076283,41.413439],[2.076224,41.413348],[2.076119,41.41314],[2.076039,41.412932],[2.075992,41.412833],[2.075981,41.412797],[2.075969,41.412788],[2.075993,41.412761],[2.076041,41.412743],[2.076042,41.412725],[2.075958,41.41268],[2.075817,41.412561],[2.075544,41.412388],[2.075437,41.412342],[2.075317,41.412323],[2.075258,41.412305],[2.075114,41.412303],[2.074888,41.412257],[2.074732,41.412246],[2.074541,41.4122],[2.07447,41.412163],[2.074376,41.412045],[2.074246,41.411927],[2.074139,41.411881],[2.073948,41.411871],[2.073553,41.411877],[2.073445,41.411858],[2.073315,41.411785],[2.073233,41.411685],[2.073057,41.411422],[2.07295,41.411394],[2.072914,41.411349],[2.072843,41.41133],[2.072807,41.411303],[2.072641,41.411239],[2.072605,41.411211],[2.072594,41.411175],[2.07251,41.411157],[2.072391,41.411147],[2.072284,41.41111],[2.072224,41.411073],[2.072178,41.410983],[2.072142,41.410955],[2.072156,41.410829],[2.072145,41.410739],[2.072099,41.410622],[2.072076,41.410586],[2.071958,41.410432],[2.071866,41.41017],[2.071658,41.409681],[2.071612,41.409546],[2.071578,41.40942],[2.071508,41.409293],[2.071438,41.409184],[2.071392,41.409049],[2.071358,41.408913],[2.071359,41.408823],[2.071347,41.408805],[2.071348,41.40876],[2.071373,41.408697],[2.071434,41.408581],[2.071568,41.408447],[2.071629,41.408357],[2.071702,41.408268],[2.071738,41.408223],[2.071836,41.408107],[2.071958,41.407891],[2.072044,41.40773],[2.072059,41.407541],[2.071929,41.407405],[2.071526,41.407185],[2.070951,41.407208],[2.070317,41.40723],[2.069997,41.407029],[2.070181,41.40667],[2.070268,41.406446],[2.070501,41.406042],[2.07105,41.405281],[2.071465,41.404726],[2.071745,41.404377],[2.07206,41.404091],[2.072189,41.403462],[2.072791,41.40316],[2.073747,41.403294],[2.074889,41.402907],[2.075043,41.402989],[2.075329,41.4031],[2.075603,41.403174],[2.075853,41.403203],[2.076404,41.403189],[2.076968,41.403095],[2.077352,41.402999],[2.077772,41.402867],[2.077868,41.402886],[2.077975,41.402914],[2.07807,41.402941],[2.078213,41.403006],[2.078356,41.403043],[2.078475,41.40308],[2.078594,41.403117],[2.078677,41.403171],[2.078736,41.403217],[2.078784,41.403271],[2.078901,41.403398],[2.078948,41.403489],[2.078995,41.403561],[2.079042,41.403625],[2.079136,41.403734],[2.079183,41.40377],[2.07923,41.403815],[2.079313,41.40387],[2.079408,41.403934],[2.079586,41.404052],[2.07974,41.404171],[2.079941,41.404344],[2.080059,41.404462],[2.080117,41.404543],[2.080164,41.404643],[2.080198,41.404742],[2.080232,41.404877],[2.080255,41.404977],[2.080312,41.405148],[2.080285,41.405391],[2.080283,41.405544],[2.080281,41.405661],[2.080362,41.405869],[2.08042,41.40596],[2.080575,41.406006],[2.08067,41.406052],[2.080765,41.406134],[2.080835,41.406242],[2.080906,41.406333],[2.080977,41.406387],[2.081143,41.40647],[2.08131,41.406525],[2.081453,41.40658],[2.081619,41.406636],[2.08175,41.406691],[2.081833,41.406728],[2.082023,41.406828],[2.082201,41.406929],[2.082332,41.407002],[2.082391,41.407038],[2.082451,41.407084],[2.082498,41.407138],[2.082556,41.407256],[2.082591,41.407328],[2.082636,41.407482],[2.082695,41.407563],[2.082788,41.407762],[2.082859,41.407808],[2.08293,41.407844],[2.083049,41.407899],[2.08318,41.40799],[2.083262,41.408063],[2.083404,41.408172],[2.083546,41.408282],[2.083557,41.408354],[2.083615,41.408489],[2.083638,41.408543],[2.083769,41.408635],[2.083875,41.408726],[2.083958,41.40878],[2.084065,41.408862],[2.0841,41.408889],[2.084135,41.408935],[2.084159,41.408989],[2.084182,41.409052],[2.084181,41.409097],[2.08418,41.40916],[2.084155,41.409214],[2.08413,41.409286],[2.08413,41.409322],[2.084129,41.409358],[2.084189,41.409386],[2.08426,41.409404],[2.084439,41.40946],[2.08457,41.409497],[2.084725,41.409543],[2.084892,41.40958],[2.085035,41.409608],[2.085202,41.409646],[2.085453,41.409711],[2.085691,41.40974],[2.086003,41.409715],[2.086255,41.409654],[2.086543,41.409584],[2.086699,41.409532],[2.08682,41.409497],[2.086892,41.409461],[2.086977,41.409372],[2.087074,41.409273],[2.087159,41.409193],[2.087255,41.409122],[2.087376,41.409042],[2.087485,41.408979],[2.087593,41.408926],[2.08787,41.408847],[2.088062,41.408786],[2.088242,41.408733],[2.088446,41.408672],[2.088674,41.408611],[2.088878,41.408576],[2.089226,41.408507],[2.089598,41.408438],[2.090042,41.40836],[2.09033,41.408317],[2.090449,41.408309],[2.090641,41.408311],[2.090784,41.408312],[2.090904,41.408313],[2.091072,41.408296],[2.091348,41.408235],[2.09154,41.40821],[2.091731,41.408193],[2.091874,41.408221],[2.092054,41.408241],[2.092221,41.408278],[2.092364,41.408279],[2.092508,41.408281],[2.092663,41.408273],[2.092795,41.408247],[2.093107,41.408177],[2.093323,41.408143],[2.093623,41.408091],[2.093827,41.408048],[2.094007,41.408004],[2.094103,41.407978],[2.094235,41.407943],[2.094355,41.407935],[2.094558,41.407927],[2.09475,41.407929],[2.095013,41.407931],[2.095157,41.407923],[2.095276,41.407915],[2.095492,41.40789],[2.095648,41.407846],[2.095648,41.407846],[2.095815,41.407883],[2.095959,41.407902],[2.096126,41.40794],[2.096173,41.407949],[2.096197,41.407958],[2.096221,41.407967],[2.096328,41.408031],[2.096446,41.408113],[2.096517,41.408159],[2.09666,41.408241],[2.096694,41.408358],[2.096787,41.408575],[2.096869,41.408702],[2.096951,41.408802],[2.097081,41.408929],[2.097223,41.409047],[2.09727,41.409084],[2.09733,41.409111],[2.097449,41.409121],[2.097605,41.409131],[2.097808,41.409115],[2.097964,41.409098],[2.098156,41.409064],[2.098408,41.409011],[2.09866,41.40895],[2.098828,41.408907],[2.099008,41.408863],[2.099441,41.408704],[2.099682,41.408607],[2.100283,41.408414],[2.100366,41.408405],[2.100486,41.408388],[2.100606,41.408371],[2.100656,41.408263],[2.100729,41.40812],[2.100913,41.407842],[2.100986,41.407717],[2.101023,41.407654],[2.101059,41.407618],[2.101144,41.407529],[2.101242,41.407403],[2.101303,41.407314],[2.101436,41.407225],[2.10146,41.407207],[2.101521,41.407135],[2.101557,41.40709],[2.101606,41.406992],[2.101607,41.406911],[2.101633,41.406812],[2.101658,41.406713],[2.101671,41.406614],[2.101709,41.406452],[2.101712,41.40629],[2.101713,41.406191],[2.101703,41.406083],[2.101728,41.405993],[2.101753,41.405885],[2.101767,41.405759],[2.101757,41.405606],[2.101759,41.405444],[2.101774,41.405237],[2.101787,41.405156],[2.101812,41.40512],[2.101848,41.405093],[2.101908,41.405067],[2.10198,41.405049],[2.102052,41.405023],[2.102136,41.405005],[2.102244,41.40497],[2.102436,41.404927],[2.102556,41.404891],[2.102688,41.404865],[2.102869,41.404813],[2.103061,41.404715],[2.103206,41.404644],[2.103411,41.404511],[2.103592,41.404404],[2.103653,41.404315],[2.103702,41.404234],[2.103751,41.404126],[2.103789,41.404018],[2.103802,41.403937],[2.103815,41.403838],[2.103829,41.403703],[2.103842,41.403622],[2.103843,41.403541],[2.103844,41.403469],[2.103845,41.403388],[2.103823,41.403289],[2.1038,41.403226],[2.103788,41.403172],[2.103742,41.40309],[2.103719,41.403036],[2.103684,41.402964],[2.103649,41.402846],[2.103626,41.402774],[2.103592,41.402675],[2.103545,41.402602],[2.103487,41.402503],[2.103404,41.402403],[2.10331,41.402294],[2.103216,41.402176],[2.103181,41.402113],[2.103158,41.40205],[2.103135,41.401978],[2.103136,41.401896],[2.103137,41.401806],[2.103162,41.401762],[2.103174,41.401708],[2.103175,41.401654],[2.103152,41.401572],[2.103117,41.401518],[2.103094,41.401464],[2.103083,41.401401],[2.10306,41.401328],[2.103013,41.401256],[2.102955,41.401174],[2.102932,41.401093],[2.102991,41.401103],[2.103003,41.401103],[2.103039,41.401094],[2.103063,41.401094],[2.103087,41.401094],[2.103123,41.401086],[2.103147,41.401086],[2.103183,41.401095],[2.103219,41.401104],[2.103278,41.401105],[2.103326,41.401114],[2.103422,41.401106],[2.103518,41.401089],[2.103614,41.401063],[2.103686,41.401045],[2.10377,41.401019],[2.103842,41.401001],[2.103914,41.400984],[2.103962,41.400966],[2.103998,41.400957],[2.103998,41.400957],[2.103998,41.400957],[2.104407,41.400825],[2.104442,41.40088],[2.104489,41.400907],[2.104644,41.400953],[2.104704,41.400981],[2.104751,41.401017],[2.104798,41.401072],[2.104927,41.401262],[2.104998,41.401344],[2.105068,41.401452],[2.105174,41.401606],[2.105244,41.401751],[2.105267,41.401814],[2.105278,41.401877],[2.105265,41.401913],[2.105241,41.40194],[2.105144,41.402056],[2.105119,41.40211],[2.10513,41.402155],[2.105166,41.402201],[2.105213,41.402228],[2.105284,41.402256],[2.105368,41.402283],[2.105451,41.402311],[2.105534,41.402348],[2.105605,41.402402],[2.105653,41.402457],[2.1057,41.402493],[2.105747,41.402556],[2.105794,41.40262],[2.105817,41.402692],[2.105851,41.402809],[2.105873,41.402945],[2.105883,41.403071],[2.105882,41.40317],[2.105893,41.403224],[2.105941,41.40326],[2.106,41.403279],[2.106072,41.403279],[2.10624,41.403263],[2.10636,41.403246],[2.106563,41.403229],[2.106814,41.403258],[2.106969,41.403295],[2.107112,41.403351],[2.10723,41.403442],[2.107313,41.403505],[2.107383,41.403605],[2.107418,41.403731],[2.107428,41.40383],[2.10745,41.40402],[2.107436,41.404137],[2.107424,41.404164],[2.107423,41.404218],[2.107374,41.404298],[2.107288,41.404478],[2.107275,41.404532],[2.10731,41.404595],[2.107393,41.404641],[2.107476,41.404696],[2.107512,41.404705],[2.107559,41.404732],[2.10763,41.404805],[2.107677,41.404895],[2.107723,41.404986],[2.107828,41.405248],[2.107863,41.405302],[2.107922,41.405375],[2.108028,41.405447],[2.108277,41.405593],[2.108622,41.405758],[2.108764,41.405858],[2.108847,41.40594],[2.108882,41.406013],[2.108904,41.406112],[2.109042,41.406545],[2.109076,41.406663],[2.109075,41.406771],[2.109062,41.406825],[2.109026,41.40686],[2.108977,41.406932],[2.108905,41.406985],[2.10882,41.407021],[2.108712,41.407038],[2.108581,41.407037],[2.10845,41.406982],[2.108355,41.406909],[2.108261,41.406818],[2.108142,41.406727],[2.108036,41.406664],[2.107881,41.406608],[2.107726,41.406544],[2.107607,41.406534],[2.107499,41.406551],[2.107402,41.406605],[2.107063,41.406899],[2.106967,41.406952],[2.106823,41.40696],[2.106704,41.406923],[2.106657,41.406887],[2.106586,41.406787],[2.106528,41.406697],[2.106481,41.406624],[2.10641,41.40657],[2.106338,41.406533],[2.106279,41.406506],[2.106243,41.406478],[2.106172,41.406433],[2.106077,41.406414],[2.105969,41.406431],[2.105813,41.406475],[2.105705,41.406483],[2.105574,41.406473],[2.105466,41.406436],[2.105336,41.406363],[2.105182,41.406227],[2.105076,41.406145],[2.104981,41.406063],[2.104898,41.406027],[2.104802,41.406008],[2.104706,41.406016],[2.104586,41.406069],[2.104394,41.406149],[2.104309,41.406238],[2.104284,41.40631],[2.104271,41.406382],[2.104292,41.406553],[2.10436,41.406878],[2.104405,41.407077],[2.104392,41.407158],[2.104235,41.407264],[2.104163,41.407273],[2.104103,41.407281],[2.104019,41.40729],[2.103731,41.407315],[2.103587,41.40735],[2.103479,41.407403],[2.103382,41.407474],[2.103322,41.407546],[2.103272,41.407644],[2.103235,41.407761],[2.103197,41.407878],[2.103196,41.407995],[2.10323,41.408076],[2.103313,41.408167],[2.103407,41.408258],[2.103466,41.40833],[2.10349,41.408358],[2.103513,41.408412],[2.103536,41.408466],[2.103536,41.408511],[2.103523,41.408574],[2.10346,41.408799],[2.10341,41.408969],[2.103396,41.409068],[2.103419,41.409141],[2.10349,41.409204],[2.103657,41.409269],[2.103824,41.409324],[2.103918,41.409388],[2.103989,41.40946],[2.104024,41.409524],[2.104071,41.409623],[2.104106,41.409696],[2.104141,41.409741],[2.104165,41.409759],[2.104248,41.409805],[2.104427,41.409806],[2.104679,41.409754],[2.104931,41.409702],[2.105291,41.409633],[2.105422,41.409652],[2.105482,41.40967],[2.105517,41.409688],[2.105553,41.409716],[2.105577,41.409743],[2.105647,41.409843],[2.105683,41.409834],[2.105707,41.409825],[2.105767,41.409817],[2.105995,41.409755],[2.105995,41.409746],[2.106488,41.409615],[2.1065,41.409615],[2.106512,41.409615],[2.106512,41.409606],[2.10656,41.409597],[2.106571,41.409625],[2.106571,41.409643],[2.106583,41.40967],[2.106606,41.409706],[2.10663,41.409733],[2.106665,41.40976],[2.106736,41.409806],[2.106784,41.409842],[2.106855,41.409888],[2.106926,41.409925],[2.10695,41.409952],[2.106973,41.409979],[2.106985,41.410006],[2.106984,41.410033],[2.106984,41.410078],[2.106984,41.410096],[2.106971,41.410123],[2.106959,41.410141],[2.106935,41.410168],[2.106922,41.410195],[2.106801,41.410347],[2.106716,41.410418],[2.106559,41.410516],[2.106402,41.410614],[2.106293,41.410694],[2.106052,41.410855],[2.105883,41.410988],[2.105785,41.411132],[2.105784,41.411177],[2.105807,41.411231],[2.105866,41.411295],[2.10595,41.411331],[2.106128,41.411378],[2.106188,41.411414],[2.106235,41.411478],[2.106258,41.41155],[2.106257,41.411613],[2.106256,41.411676],[2.106303,41.41173],[2.106374,41.411767],[2.106398,41.411794],[2.106469,41.411813],[2.10671,41.411688],[2.106916,41.411555],[2.10706,41.411502],[2.10724,41.411449],[2.107372,41.411423],[2.10754,41.411407],[2.107743,41.411408],[2.10803,41.411419],[2.108066,41.41142],[2.108126,41.411429],[2.108221,41.411475],[2.108256,41.411511],[2.108256,41.411565],[2.108243,41.411637],[2.108192,41.411844],[2.108203,41.411925],[2.108225,41.412069],[2.108247,41.412223],[2.108209,41.412376],[2.108208,41.412457],[2.108219,41.412502],[2.108242,41.412538],[2.108289,41.412592],[2.108313,41.412611],[2.108349,41.412629],[2.108587,41.412721],[2.10873,41.412776],[2.108813,41.412831],[2.108908,41.412858],[2.108968,41.412859],[2.109052,41.41285],[2.109088,41.412842],[2.109184,41.41277],[2.109245,41.412708],[2.109282,41.412654],[2.109306,41.4126],[2.109368,41.412502],[2.109428,41.412439],[2.109501,41.412377],[2.109574,41.412314],[2.109706,41.412261],[2.109802,41.412226],[2.109934,41.412209],[2.110029,41.412228],[2.110089,41.412246],[2.110183,41.412355],[2.110205,41.41249],[2.110205,41.412499],[2.110216,41.412571],[2.110239,41.41268],[2.110238,41.412743],[2.110318,41.412968],[2.110365,41.413068],[2.110424,41.413149],[2.110577,41.413313],[2.110742,41.413494],[2.110837,41.413549],[2.110932,41.413577],[2.111004,41.413595],[2.111052,41.413596],[2.111064,41.413578],[2.111124,41.413542],[2.111136,41.413524],[2.111161,41.413488],[2.111174,41.413434],[2.111223,41.413291],[2.111287,41.41303],[2.111348,41.412922],[2.111397,41.412842],[2.111434,41.412788],[2.111555,41.412681],[2.111664,41.412591],[2.111784,41.412502],[2.111893,41.412449],[2.112086,41.412361],[2.112193,41.412343],[2.112277,41.412353],[2.112337,41.412362],[2.11236,41.412381],[2.112408,41.412435],[2.112479,41.412499],[2.112502,41.412526],[2.112632,41.412644],[2.112751,41.412726],[2.112798,41.412744],[2.112858,41.412763],[2.112894,41.412763],[2.112942,41.412763],[2.113001,41.412755],[2.113074,41.412719],[2.113122,41.412684],[2.113316,41.412505],[2.113328,41.412487],[2.113473,41.412371],[2.113606,41.412273],[2.113703,41.41222],[2.113835,41.412167],[2.113955,41.41215],[2.114075,41.412151],[2.114218,41.412188],[2.114289,41.412224],[2.114324,41.412279],[2.114347,41.412378],[2.114381,41.412504],[2.114403,41.412622],[2.114437,41.412757],[2.114472,41.412874],[2.114483,41.41291],[2.11453,41.412965],[2.114601,41.413028],[2.114696,41.413083],[2.114756,41.413093],[2.114815,41.413111],[2.114911,41.413112],[2.115007,41.413113],[2.115078,41.413122],[2.115114,41.413131],[2.115126,41.413132],[2.115198,41.41315],[2.115245,41.413178],[2.115293,41.413214],[2.115456,41.413494],[2.115656,41.413766],[2.115797,41.413938],[2.115903,41.414074],[2.115962,41.41412],[2.116034,41.414147],[2.116106,41.414148],[2.116226,41.414113],[2.116274,41.414086],[2.116322,41.414042],[2.116518,41.413755],[2.11659,41.413683],[2.116711,41.413585],[2.116844,41.413523],[2.11706,41.413462],[2.117215,41.413472],[2.117514,41.413546],[2.117895,41.41363],[2.118075,41.413641],[2.118302,41.413624],[2.11847,41.413581],[2.118687,41.41351],[2.118747,41.413475],[2.118796,41.413403],[2.118775,41.413151],[2.118778,41.412961],[2.118792,41.412835],[2.118817,41.412737],[2.118866,41.412656],[2.118939,41.412584],[2.119119,41.412505],[2.119191,41.412487],[2.119299,41.412452],[2.119395,41.412426],[2.119455,41.412426],[2.119479,41.412435],[2.119503,41.412445],[2.119538,41.412481],[2.11955,41.412499],[2.119561,41.412544],[2.119584,41.412625],[2.119627,41.412968],[2.119626,41.413076],[2.119601,41.413157],[2.11954,41.413237],[2.119382,41.413425],[2.119308,41.413542],[2.119234,41.413749],[2.119146,41.414027],[2.119097,41.414108],[2.118939,41.41435],[2.118864,41.414529],[2.118826,41.4147],[2.118825,41.414781],[2.118849,41.414808],[2.118884,41.414845],[2.118979,41.414891],[2.119158,41.414919],[2.119421,41.414957],[2.119481,41.414957],[2.119612,41.414958],[2.119864,41.414924],[2.120032,41.41489],[2.120104,41.41489],[2.120199,41.414918],[2.120271,41.414954],[2.120294,41.415018],[2.120305,41.415072],[2.12028,41.415126],[2.120183,41.415251],[2.120085,41.415421],[2.120047,41.415529],[2.120022,41.415628],[2.12002,41.41579],[2.120018,41.415925],[2.120041,41.416016],[2.120076,41.41607],[2.120111,41.416115],[2.120159,41.416134],[2.120195,41.416125],[2.120291,41.416099],[2.12052,41.415992],[2.120688,41.41593],[2.120736,41.415922],[2.120772,41.415922],[2.120832,41.415941],[2.120867,41.41595],[2.120915,41.415995],[2.120985,41.416068],[2.121055,41.416258],[2.121077,41.416357],[2.1211,41.416411],[2.121159,41.416493],[2.121289,41.416665],[2.121336,41.416728],[2.121442,41.416846],[2.121489,41.416891],[2.121524,41.416919],[2.12156,41.416928],[2.121596,41.416928],[2.121644,41.416911],[2.121681,41.416866],[2.121729,41.416812],[2.121742,41.416776],[2.121742,41.41674],[2.121743,41.416695],[2.121743,41.416668],[2.121709,41.416578],[2.121698,41.416506],[2.121711,41.416389],[2.121736,41.416344],[2.121772,41.41629],[2.121809,41.416245],[2.121893,41.416192],[2.121965,41.416156],[2.122074,41.41613],[2.12217,41.416095],[2.122206,41.416059],[2.122219,41.415987],[2.122208,41.415942],[2.122197,41.415843],[2.12221,41.415744],[2.122248,41.415645],[2.12232,41.415583],[2.122381,41.415493],[2.122396,41.415304],[2.122409,41.415187],[2.12241,41.415133],[2.122435,41.415079],[2.122471,41.415052],[2.122531,41.415035],[2.122627,41.415045],[2.122721,41.415108],[2.122875,41.415227],[2.123006,41.415336],[2.123089,41.415363],[2.123173,41.415355],[2.123209,41.415337],[2.123271,41.415158],[2.12332,41.415068],[2.123381,41.414987],[2.123406,41.414906],[2.123407,41.414843],[2.123316,41.4145],[2.123212,41.414193],[2.123202,41.414103],[2.123203,41.414031],[2.123227,41.413959],[2.123252,41.413905],[2.123313,41.413852],[2.123397,41.41378],[2.123482,41.413727],[2.123698,41.413657],[2.123878,41.413622],[2.12407,41.413605],[2.124177,41.413633],[2.124308,41.413679],[2.12445,41.41377],[2.124546,41.413807],[2.124772,41.41389],[2.124915,41.413927],[2.125214,41.413956],[2.125524,41.414004],[2.12551,41.414139],[2.125341,41.414291],[2.12528,41.41438],[2.125144,41.414721],[2.125106,41.414856],[2.125129,41.414946],[2.125187,41.415046],[2.125339,41.415317],[2.125421,41.415471],[2.125491,41.415589],[2.125574,41.415661],[2.125645,41.415698],[2.125848,41.415772],[2.12605,41.415845],[2.126169,41.415891],[2.126216,41.415928],[2.126276,41.415973],[2.126322,41.416045],[2.126381,41.416181],[2.126473,41.416398],[2.126566,41.416642],[2.126589,41.416669],[2.126613,41.416687],[2.126637,41.416705],[2.126672,41.416724],[2.126744,41.416751],[2.126792,41.416761],[2.126887,41.416761],[2.127007,41.416753],[2.127163,41.416718],[2.127343,41.416666],[2.127619,41.416623],[2.127847,41.416597],[2.128014,41.41659],[2.128158,41.416591],[2.128277,41.416601],[2.128337,41.41661],[2.128421,41.416638],[2.12848,41.416665],[2.128563,41.416747],[2.12861,41.416819],[2.128691,41.416973],[2.128773,41.417109],[2.128832,41.41719],[2.128914,41.417299],[2.128926,41.417317],[2.128962,41.4173],[2.128962,41.4173],[2.129167,41.417211],[2.129191,41.417202],[2.129263,41.417176],[2.129407,41.417114],[2.129431,41.417105],[2.129455,41.417096],[2.129684,41.41699],[2.129793,41.416945],[2.129804,41.416946],[2.129804,41.416946],[2.129804,41.416946],[2.129853,41.416919],[2.129901,41.416901],[2.130154,41.416795],[2.130406,41.416689],[2.130406,41.416689],[2.130454,41.416671],[2.130695,41.416565],[2.130827,41.416512],[2.130839,41.416503],[2.130839,41.416503],[2.130851,41.416503],[2.130851,41.416503],[2.13096,41.41645],[2.131213,41.416344],[2.131225,41.416335],[2.131249,41.416326],[2.131296,41.416398],[2.131307,41.416407],[2.131331,41.416453],[2.131331,41.416453],[2.131283,41.41647],[2.131283,41.41647],[2.131283,41.41647],[2.131283,41.41647],[2.131271,41.416461],[2.131271,41.416461],[2.131199,41.416488],[2.131199,41.416488],[2.131187,41.416488],[2.131187,41.416488],[2.131187,41.416488],[2.131187,41.416488],[2.131187,41.416497],[2.131126,41.416523],[2.131126,41.416514],[2.131042,41.41655],[2.131031,41.416532],[2.130898,41.416585],[2.130718,41.416664],[2.130657,41.4167],[2.130441,41.416788],[2.1302,41.416895],[2.130031,41.416974],[2.129899,41.417027],[2.129863,41.417045],[2.129791,41.417081],[2.129695,41.417116],[2.129695,41.417116],[2.129647,41.417116],[2.129598,41.417142],[2.129538,41.417169],[2.129538,41.417169],[2.129442,41.417204],[2.129442,41.417204],[2.129105,41.417346],[2.128985,41.417399],[2.128937,41.417416],[2.128925,41.417425],[2.128901,41.417434],[2.128792,41.417478],[2.12878,41.417469],[2.12878,41.417469],[2.128696,41.417505],[2.128672,41.417513],[2.128564,41.417567],[2.128407,41.417638],[2.128275,41.417691],[2.128166,41.417744],[2.128046,41.417797],[2.127926,41.41785],[2.127793,41.417912],[2.127637,41.417974],[2.127456,41.418063],[2.1273,41.418134],[2.127167,41.418187],[2.126939,41.418293],[2.126794,41.418355],[2.126445,41.418514],[2.126252,41.418594],[2.126168,41.418629],[2.125867,41.418771],[2.125663,41.41886],[2.125602,41.418886],[2.125422,41.418957],[2.125386,41.418975],[2.125374,41.418984],[2.125313,41.41901],[2.125241,41.419037],[2.125193,41.419054],[2.125157,41.419072],[2.125121,41.41909],[2.125085,41.419099],[2.124929,41.419151],[2.124845,41.419178],[2.12476,41.419204],[2.124724,41.419213],[2.124712,41.419213],[2.124508,41.419301],[2.12446,41.419328],[2.124387,41.419355],[2.124291,41.419399],[2.124099,41.419478],[2.124038,41.419505],[2.12387,41.419576],[2.123641,41.419673],[2.123376,41.419788],[2.123352,41.419797],[2.123328,41.419806],[2.123028,41.41993],[2.123003,41.419938],[2.122871,41.420001],[2.122534,41.420142],[2.122269,41.420257],[2.122173,41.420292],[2.122149,41.42031],[2.122053,41.420346],[2.121956,41.42039],[2.121824,41.420452],[2.121703,41.420505],[2.121607,41.42054],[2.121559,41.420558],[2.121559,41.420558],[2.121547,41.420549],[2.121547,41.42054],[2.121535,41.420549],[2.121523,41.420549],[2.121451,41.420584],[2.121355,41.420619],[2.121283,41.420655],[2.121295,41.420655],[2.121271,41.420664],[2.121222,41.420681],[2.12121,41.42069],[2.12121,41.42069],[2.121174,41.420708],[2.121162,41.420708],[2.121162,41.420708],[2.121471,41.420846],[2.121507,41.420873],[2.12153,41.420918],[2.121541,41.420981],[2.121516,41.421125],[2.121466,41.421233],[2.121405,41.421349],[2.121308,41.421457],[2.12098,41.421761],[2.120883,41.421877],[2.120773,41.422056],[2.120429,41.42272],[2.12044,41.422801],[2.120532,41.423054],[2.120543,41.423117],[2.120451,41.423747],[2.120472,41.423936],[2.120518,41.424108],[2.121315,41.425384],[2.121349,41.425465],[2.12136,41.425547],[2.121347,41.425619],[2.121323,41.425672],[2.12125,41.425753],[2.121214,41.42578],[2.121273,41.425834],[2.121224,41.42587],[2.121188,41.425888],[2.121116,41.425914],[2.121032,41.425931],[2.12096,41.42594],[2.120888,41.425948],[2.120757,41.425938],[2.119563,41.42574],[2.119286,41.425864],[2.118939,41.425816],[2.118482,41.425966],[2.118061,41.426143],[2.117749,41.426222],[2.117102,41.426271],[2.116813,41.426412],[2.116319,41.426661],[2.115659,41.426773],[2.115466,41.42688],[2.115405,41.426951],[2.115402,41.427185],[2.115435,41.427384],[2.115422,41.427492],[2.115361,41.42759],[2.115082,41.427813],[2.114481,41.428061],[2.11418,41.428149],[2.113759,41.428326],[2.113555,41.428396],[2.113326,41.428502],[2.113004,41.428374],[2.112945,41.428364],[2.112873,41.428382],[2.112463,41.428595],[2.112379,41.428612],[2.112343,41.428612],[2.112259,41.428593],[2.1122,41.428575],[2.112164,41.428557],[2.112022,41.42842],[2.111987,41.428402],[2.111927,41.428375],[2.111868,41.428347],[2.111736,41.428337],[2.111414,41.428308],[2.111162,41.428288],[2.111019,41.428286],[2.110947,41.428295],[2.110155,41.428478],[2.109713,41.42842],[2.109206,41.428732],[2.109002,41.428748],[2.108404,41.428726],[2.107723,41.428639],[2.106682,41.428631],[2.106336,41.428502],[2.105857,41.428562],[2.105808,41.428615],[2.105746,41.428777],[2.105746,41.428786],[2.10553,41.428802],[2.105303,41.428837],[2.104361,41.428532],[2.104041,41.428358],[2.103589,41.428112],[2.103219,41.428073],[2.102977,41.42826],[2.102711,41.428429],[2.102603,41.428473],[2.102519,41.4285],[2.102133,41.428668],[2.102109,41.428686],[2.101938,41.428955],[2.10184,41.429089],[2.101695,41.429223],[2.10138,41.429518],[2.101294,41.429616],[2.10127,41.429643],[2.101258,41.429679],[2.101257,41.429715],[2.101269,41.429715],[2.101269,41.429724],[2.101148,41.429786],[2.100968,41.429839],[2.10068,41.429908],[2.099899,41.43011],[2.099552,41.430134],[2.099145,41.430122],[2.098789,41.430758],[2.098728,41.430893],[2.098853,41.431308],[2.098911,41.431471],[2.098922,41.43157],[2.098944,41.431696],[2.098811,41.431749],[2.09851,41.431927],[2.097656,41.432218],[2.09721,41.432448],[2.09709,41.432502],[2.096992,41.432609],[2.096968,41.432645],[2.096908,41.432671],[2.09686,41.432689],[2.096727,41.432733],[2.096315,41.433108],[2.09623,41.43317],[2.096074,41.433268],[2.095729,41.433094],[2.095588,41.432922],[2.095493,41.432858],[2.095385,41.432848],[2.094836,41.432754],[2.094716,41.432762],[2.094516,41.432553],[2.094326,41.432399],[2.094173,41.43219],[2.09415,41.432154],[2.094067,41.432108],[2.094044,41.432036],[2.093929,41.431711],[2.093834,41.431647],[2.093752,41.431539],[2.093635,41.431312],[2.0936,41.431267],[2.093505,41.431185],[2.0934,41.43104],[2.09334,41.430986],[2.093091,41.430831],[2.093044,41.430794],[2.092997,41.430758],[2.092949,41.430731],[2.092902,41.430685],[2.092856,41.43055],[2.092798,41.430432],[2.092762,41.430387],[2.092704,41.430314],[2.092621,41.430242],[2.092526,41.430187],[2.092502,41.430169],[2.092444,41.43006],[2.092444,41.430024],[2.092445,41.429934],[2.092423,41.429817],[2.092282,41.429608],[2.09214,41.429544],[2.092056,41.429525],[2.091937,41.429525],[2.091758,41.429487],[2.091592,41.429369],[2.091497,41.429287],[2.091426,41.429241],[2.091331,41.429214],[2.091139,41.429185],[2.091116,41.429176],[2.091033,41.429094],[2.091009,41.429067],[2.090999,41.428968],[2.090833,41.428813],[2.090429,41.428648],[2.090162,41.428871],[2.09003,41.428942],[2.0892,41.429215],[2.089104,41.429214],[2.089057,41.429205],[2.089021,41.429186],[2.088974,41.429141],[2.088939,41.429068],[2.088928,41.429005],[2.088905,41.428906],[2.088847,41.428816],[2.088824,41.428743],[2.08879,41.428626],[2.088322,41.428649],[2.088107,41.428675],[2.087675,41.428752],[2.087255,41.428785],[2.086908,41.428836],[2.086452,41.428878],[2.086153,41.428911],[2.086056,41.428938],[2.085936,41.428982],[2.085888,41.42899],[2.085732,41.428998],[2.085576,41.429069],[2.085551,41.429105],[2.08543,41.42923],[2.085393,41.429293],[2.085369,41.429319],[2.084092,41.429886],[2.083888,41.429974],[2.083803,41.430037],[2.083742,41.43009],[2.083705,41.430162],[2.083704,41.430243],[2.083728,41.430288],[2.083857,41.430415],[2.083796,41.430496],[2.083675,41.430648],[2.08342,41.430853],[2.083337,41.430825],[2.083301,41.430816],[2.08305,41.430796],[2.082991,41.430787],[2.082764,41.430758],[2.082668,41.430766],[2.082632,41.430775],[2.082608,41.430784],[2.082595,41.430802],[2.08257,41.430891],[2.082484,41.431035],[2.08246,41.431089],[2.082447,41.431143],[2.082446,41.431188],[2.082458,41.431224],[2.082516,41.431332],[2.082586,41.431477],[2.082501,41.431539],[2.08232,41.431628],[2.0822,41.431663],[2.082104,41.431671],[2.082033,41.431671],[2.081435,41.431576],[2.081388,41.431522],[2.081223,41.431376],[2.081176,41.431322],[2.08114,41.431285],[2.081117,41.43124],[2.081106,41.431204],[2.081106,41.431168],[2.081107,41.431132],[2.081119,41.431105],[2.081192,41.431016],[2.081204,41.430989],[2.081217,41.430962],[2.081218,41.430863],[2.081231,41.430827],[2.081255,41.430764],[2.081256,41.430746],[2.081244,41.430728],[2.08122,41.43071],[2.081173,41.430682],[2.081125,41.430664],[2.081054,41.430645],[2.080982,41.430636],[2.08091,41.430626],[2.080838,41.430625],[2.080766,41.430643],[2.080682,41.43066],[2.08043,41.430721],[2.080358,41.430748],[2.080286,41.430783],[2.080213,41.430819],[2.080177,41.430854],[2.080153,41.430881],[2.08014,41.430908],[2.080128,41.430935],[2.08014,41.430953],[2.080175,41.431016],[2.080186,41.431044],[2.080173,41.431133],[2.080173,41.431161],[2.080231,41.431242],[2.080243,41.431287],[2.080254,41.431332],[2.080265,41.431422],[2.080264,41.431504],[2.080263,41.431558],[2.080213,41.43171],[2.0802,41.431737],[2.080176,41.431764],[2.080128,41.4318],[2.079971,41.431889],[2.079935,41.431906],[2.079887,41.431915],[2.079635,41.43194],[2.079587,41.431939],[2.07948,41.43193],[2.079204,41.431945],[2.07906,41.43198],[2.079024,41.431989],[2.078833,41.431969],[2.078677,41.431959],[2.078593,41.431959],[2.078162,41.432036],[2.078029,41.432071],[2.077921,41.432106],[2.077825,41.432142],[2.077741,41.432177],[2.077547,41.432301],[2.077355,41.43239],[2.077318,41.432426],[2.077221,41.432515],[2.077088,41.432622],[2.076894,41.432774],[2.076714,41.432853],[2.076102,41.432911],[2.075587,41.432934],[2.075396,41.432933],[2.075348,41.43295],[2.075288,41.432959],[2.075179,41.433039],[2.075093,41.433191],[2.074948,41.433298],[2.074899,41.433352],[2.074863,41.433388],[2.07485,41.433442],[2.07485,41.433478],[2.074872,41.433568],[2.07506,41.433849],[2.075072,41.433867],[2.075059,41.43393],[2.075046,41.434002],[2.075045,41.434056],[2.075079,41.434182],[2.075123,41.434462],[2.075134,41.434507],[2.075122,41.434561],[2.074997,41.434866],[2.074776,41.435306],[2.07432,41.435356],[2.074189,41.435355],[2.073949,41.435344],[2.07389,41.435335],[2.073818,41.435298],[2.073783,41.435289],[2.073675,41.435279],[2.073484,41.43525],[2.073328,41.43524],[2.073185,41.435212],[2.073125,41.43522],[2.073089,41.435229],[2.073017,41.435274],[2.073005,41.435282],[2.072859,41.435443],[2.072835,41.435461],[2.072751,41.43547],[2.072607,41.435459],[2.072559,41.435468]]],[[[2.058975,41.435421],[2.058817,41.435555],[2.058313,41.435659],[2.058108,41.435738],[2.057664,41.435806],[2.057677,41.435752],[2.057728,41.435564],[2.057729,41.435501],[2.057672,41.435302],[2.05765,41.435131],[2.057489,41.434679],[2.057478,41.434607],[2.057504,41.434517],[2.057565,41.434409],[2.057883,41.433944],[2.057908,41.43389],[2.057908,41.433836],[2.057897,41.433809],[2.057779,41.433709],[2.057672,41.433627],[2.057637,41.43359],[2.057602,41.433527],[2.057603,41.433446],[2.057627,41.433401],[2.057712,41.433339],[2.057737,41.433294],[2.057762,41.433204],[2.05779,41.432907],[2.057854,41.432646],[2.057854,41.432601],[2.058412,41.4313],[2.058402,41.431183],[2.058442,41.430895],[2.058448,41.430426],[2.058408,41.42994],[2.058398,41.429768],[2.058448,41.429598],[2.058442,41.429183],[2.058325,41.429002],[2.058257,41.428776],[2.057989,41.42827],[2.057695,41.427898],[2.057581,41.42751],[2.057551,41.427122],[2.057675,41.426799],[2.057669,41.426421],[2.057468,41.426212],[2.056792,41.425819],[2.056434,41.425699],[2.055863,41.425487],[2.055301,41.425419],[2.054669,41.425279],[2.053261,41.425006],[2.052881,41.424823],[2.052432,41.424432],[2.05235,41.424278],[2.052339,41.424233],[2.052411,41.424207],[2.052459,41.42418],[2.052483,41.424162],[2.052485,41.424063],[2.052439,41.423928],[2.05244,41.423892],[2.052476,41.423847],[2.052512,41.42382],[2.052597,41.423785],[2.053065,41.423699],[2.053161,41.423663],[2.053719,41.423137],[2.053756,41.423092],[2.053805,41.423011],[2.053926,41.422868],[2.053998,41.422851],[2.054156,41.422735],[2.054228,41.422717],[2.054443,41.422728],[2.054479,41.422701],[2.054554,41.422513],[2.054615,41.422432],[2.054639,41.422414],[2.054975,41.422372],[2.055143,41.42232],[2.055514,41.422287],[2.055551,41.422269],[2.055599,41.422206],[2.05572,41.422117],[2.055781,41.422037],[2.055939,41.421912],[2.056035,41.421877],[2.056083,41.421832],[2.056144,41.421751],[2.056193,41.421734],[2.056217,41.421707],[2.056376,41.421438],[2.056401,41.421411],[2.056449,41.421384],[2.056461,41.421358],[2.056486,41.421277],[2.056487,41.421205],[2.056443,41.420997],[2.056443,41.420961],[2.056374,41.42078],[2.056378,41.420474],[2.056403,41.420438],[2.056524,41.420322],[2.056573,41.420251],[2.056586,41.420197],[2.056575,41.420124],[2.056576,41.420052],[2.056613,41.419945],[2.056628,41.419747],[2.056678,41.419648],[2.056691,41.41954],[2.056839,41.419271],[2.056852,41.419199],[2.056852,41.419136],[2.056865,41.4191],[2.056938,41.41902],[2.057022,41.418966],[2.057083,41.418913],[2.057108,41.418868],[2.057049,41.418804],[2.057074,41.418741],[2.057122,41.41867],[2.057256,41.418527],[2.057306,41.41841],[2.057283,41.418293],[2.05726,41.418275],[2.057225,41.418193],[2.057225,41.418166],[2.057226,41.41813],[2.057179,41.418094],[2.057087,41.417832],[2.057063,41.417796],[2.057053,41.41766],[2.057032,41.417507],[2.056975,41.417263],[2.056977,41.417173],[2.056944,41.416939],[2.056898,41.416848],[2.056911,41.416767],[2.0569,41.416659],[2.056901,41.416632],[2.056949,41.416597],[2.056962,41.416552],[2.056898,41.416002],[2.056221,41.415636],[2.056082,41.415319],[2.055941,41.415156],[2.055715,41.415019],[2.055233,41.414466],[2.054819,41.414156],[2.054642,41.413948],[2.054841,41.413409],[2.054943,41.412968],[2.054991,41.412185],[2.056848,41.410327],[2.057434,41.410331],[2.05877,41.410649],[2.058992,41.410984],[2.058996,41.411533],[2.05907,41.412254],[2.058875,41.41246],[2.058477,41.412691],[2.058296,41.412825],[2.058512,41.412745],[2.059194,41.412778],[2.059576,41.412799],[2.060188,41.412687],[2.060774,41.412728],[2.061477,41.412941],[2.061489,41.41295],[2.061523,41.41304],[2.06157,41.413113],[2.061641,41.413167],[2.061677,41.413194],[2.061736,41.413249],[2.061759,41.413276],[2.061913,41.413386],[2.061948,41.413431],[2.06196,41.413449],[2.062006,41.413584],[2.062053,41.413666],[2.062628,41.413608],[2.063382,41.413569],[2.06349,41.413552],[2.063984,41.414159],[2.064162,41.414287],[2.064219,41.414458],[2.064254,41.414522],[2.064378,41.415027],[2.064705,41.415588],[2.064902,41.416094],[2.06499,41.416635],[2.064719,41.417137],[2.064413,41.417648],[2.06429,41.417837],[2.064575,41.418028],[2.065662,41.418127],[2.066788,41.418055],[2.067242,41.418086],[2.067574,41.418296],[2.06811,41.418462],[2.070034,41.418694],[2.070487,41.418815],[2.07024,41.420155],[2.070169,41.420974],[2.06996,41.421341],[2.069798,41.421763],[2.069869,41.422701],[2.069541,41.423049],[2.069393,41.423354],[2.069678,41.425176],[2.069342,41.425264],[2.067656,41.425989],[2.067041,41.426263],[2.067016,41.426362],[2.067003,41.426416],[2.067014,41.426488],[2.067049,41.426569],[2.067084,41.426623],[2.067118,41.42675],[2.067117,41.426813],[2.067105,41.426849],[2.066971,41.426992],[2.06686,41.427216],[2.066812,41.42727],[2.066799,41.427324],[2.066822,41.427387],[2.066857,41.42745],[2.066927,41.427541],[2.066962,41.427649],[2.066996,41.42774],[2.067114,41.427867],[2.067162,41.427903],[2.067291,41.42803],[2.067445,41.428158],[2.067468,41.428212],[2.067455,41.428293],[2.067442,41.428347],[2.067441,41.428419],[2.067464,41.428545],[2.067498,41.428644],[2.067569,41.428699],[2.067724,41.428736],[2.067772,41.428746],[2.067867,41.428801],[2.067866,41.428846],[2.067888,41.429008],[2.067826,41.429134],[2.067765,41.429214],[2.067739,41.429376],[2.067808,41.429548],[2.067402,41.429535],[2.066656,41.429764],[2.066416,41.429807],[2.065969,41.430082],[2.065541,41.429908],[2.064584,41.429918],[2.064109,41.430463],[2.063657,41.431126],[2.063463,41.432071],[2.063316,41.432322],[2.063312,41.43261],[2.06332,41.432907],[2.063104,41.43295],[2.062903,41.433579],[2.062116,41.433357],[2.060927,41.43368],[2.060025,41.433952],[2.059831,41.434113],[2.059503,41.434479],[2.059367,41.434784],[2.059315,41.435063],[2.059358,41.435388],[2.059119,41.435386],[2.058975,41.435421]]]]}},{"type":"Feature","properties":{"barri":"Sarrià","districte":"Sarrià-Sant Gervasi"},"geometry":{"type":"Polygon","coordinates":[[[2.116844,41.413523],[2.116711,41.413585],[2.11659,41.413683],[2.116518,41.413755],[2.116322,41.414042],[2.116274,41.414086],[2.116226,41.414113],[2.116106,41.414148],[2.116034,41.414147],[2.115962,41.41412],[2.115903,41.414074],[2.115797,41.413938],[2.115656,41.413766],[2.115456,41.413494],[2.115293,41.413214],[2.115245,41.413178],[2.115198,41.41315],[2.115126,41.413132],[2.115114,41.413131],[2.115078,41.413122],[2.115007,41.413113],[2.114911,41.413112],[2.114815,41.413111],[2.114756,41.413093],[2.114696,41.413083],[2.114601,41.413028],[2.11453,41.412965],[2.114483,41.41291],[2.114472,41.412874],[2.114437,41.412757],[2.114403,41.412622],[2.114381,41.412504],[2.114347,41.412378],[2.114324,41.412279],[2.114289,41.412224],[2.114218,41.412188],[2.114075,41.412151],[2.113955,41.41215],[2.113835,41.412167],[2.113703,41.41222],[2.113606,41.412273],[2.113473,41.412371],[2.113328,41.412487],[2.113316,41.412505],[2.113122,41.412684],[2.113074,41.412719],[2.113001,41.412755],[2.112942,41.412763],[2.112894,41.412763],[2.112858,41.412763],[2.112798,41.412744],[2.112751,41.412726],[2.112632,41.412644],[2.112502,41.412526],[2.112479,41.412499],[2.112408,41.412435],[2.11236,41.412381],[2.112337,41.412362],[2.112277,41.412353],[2.112193,41.412343],[2.112086,41.412361],[2.111893,41.412449],[2.111784,41.412502],[2.111664,41.412591],[2.111555,41.412681],[2.111434,41.412788],[2.111397,41.412842],[2.111348,41.412922],[2.111287,41.41303],[2.111223,41.413291],[2.111174,41.413434],[2.111161,41.413488],[2.111136,41.413524],[2.111124,41.413542],[2.111064,41.413578],[2.111052,41.413596],[2.111004,41.413595],[2.110932,41.413577],[2.110837,41.413549],[2.110742,41.413494],[2.110577,41.413313],[2.110424,41.413149],[2.110365,41.413068],[2.110318,41.412968],[2.110238,41.412743],[2.110239,41.41268],[2.110216,41.412571],[2.110205,41.412499],[2.110205,41.41249],[2.110183,41.412355],[2.110089,41.412246],[2.110029,41.412228],[2.109934,41.412209],[2.109802,41.412226],[2.109706,41.412261],[2.109574,41.412314],[2.109501,41.412377],[2.109428,41.412439],[2.109368,41.412502],[2.109306,41.4126],[2.109282,41.412654],[2.109245,41.412708],[2.109184,41.41277],[2.109088,41.412842],[2.109052,41.41285],[2.108968,41.412859],[2.108908,41.412858],[2.108813,41.412831],[2.10873,41.412776],[2.108587,41.412721],[2.108349,41.412629],[2.108313,41.412611],[2.108289,41.412592],[2.108242,41.412538],[2.108219,41.412502],[2.108208,41.412457],[2.108209,41.412376],[2.108247,41.412223],[2.108225,41.412069],[2.108203,41.411925],[2.108192,41.411844],[2.108243,41.411637],[2.108256,41.411565],[2.108256,41.411511],[2.108221,41.411475],[2.108126,41.411429],[2.108066,41.41142],[2.10803,41.411419],[2.107743,41.411408],[2.10754,41.411407],[2.107372,41.411423],[2.10724,41.411449],[2.10706,41.411502],[2.106916,41.411555],[2.10671,41.411688],[2.106469,41.411813],[2.106398,41.411794],[2.106374,41.411767],[2.106303,41.41173],[2.106256,41.411676],[2.106257,41.411613],[2.106258,41.41155],[2.106235,41.411478],[2.106188,41.411414],[2.106128,41.411378],[2.10595,41.411331],[2.105866,41.411295],[2.105807,41.411231],[2.105784,41.411177],[2.105785,41.411132],[2.105883,41.410988],[2.106052,41.410855],[2.106293,41.410694],[2.106402,41.410614],[2.106559,41.410516],[2.106716,41.410418],[2.106801,41.410347],[2.106922,41.410195],[2.106935,41.410168],[2.106959,41.410141],[2.106971,41.410123],[2.106984,41.410096],[2.106984,41.410078],[2.106984,41.410033],[2.106985,41.410006],[2.106973,41.409979],[2.10695,41.409952],[2.106926,41.409925],[2.106855,41.409888],[2.106784,41.409842],[2.106736,41.409806],[2.106665,41.40976],[2.10663,41.409733],[2.106606,41.409706],[2.106583,41.40967],[2.106571,41.409643],[2.106571,41.409625],[2.10656,41.409597],[2.106512,41.409606],[2.106512,41.409615],[2.1065,41.409615],[2.106488,41.409615],[2.105995,41.409746],[2.105995,41.409755],[2.105767,41.409817],[2.105707,41.409825],[2.105683,41.409834],[2.105647,41.409843],[2.105577,41.409743],[2.105553,41.409716],[2.105517,41.409688],[2.105482,41.40967],[2.105422,41.409652],[2.105291,41.409633],[2.104931,41.409702],[2.104679,41.409754],[2.104427,41.409806],[2.104248,41.409805],[2.104165,41.409759],[2.104141,41.409741],[2.104106,41.409696],[2.104071,41.409623],[2.104024,41.409524],[2.103989,41.40946],[2.103918,41.409388],[2.103824,41.409324],[2.103657,41.409269],[2.10349,41.409204],[2.103419,41.409141],[2.103396,41.409068],[2.10341,41.408969],[2.10346,41.408799],[2.103523,41.408574],[2.103536,41.408511],[2.103536,41.408466],[2.103513,41.408412],[2.10349,41.408358],[2.103466,41.40833],[2.103407,41.408258],[2.103313,41.408167],[2.10323,41.408076],[2.103196,41.407995],[2.103197,41.407878],[2.103235,41.407761],[2.103272,41.407644],[2.103322,41.407546],[2.103382,41.407474],[2.103479,41.407403],[2.103587,41.40735],[2.103731,41.407315],[2.104019,41.40729],[2.104103,41.407281],[2.104163,41.407273],[2.104235,41.407264],[2.104392,41.407158],[2.104405,41.407077],[2.10436,41.406878],[2.104292,41.406553],[2.104271,41.406382],[2.104284,41.40631],[2.104309,41.406238],[2.104394,41.406149],[2.104586,41.406069],[2.104706,41.406016],[2.104802,41.406008],[2.104898,41.406027],[2.104981,41.406063],[2.105076,41.406145],[2.105182,41.406227],[2.105336,41.406363],[2.105466,41.406436],[2.105574,41.406473],[2.105705,41.406483],[2.105813,41.406475],[2.105969,41.406431],[2.106077,41.406414],[2.106172,41.406433],[2.106243,41.406478],[2.106279,41.406506],[2.106338,41.406533],[2.10641,41.40657],[2.106481,41.406624],[2.106528,41.406697],[2.106586,41.406787],[2.106657,41.406887],[2.106704,41.406923],[2.106823,41.40696],[2.106967,41.406952],[2.107063,41.406899],[2.107402,41.406605],[2.107499,41.406551],[2.107607,41.406534],[2.107726,41.406544],[2.107881,41.406608],[2.108036,41.406664],[2.108142,41.406727],[2.108261,41.406818],[2.108355,41.406909],[2.10845,41.406982],[2.108581,41.407037],[2.108712,41.407038],[2.10882,41.407021],[2.108905,41.406985],[2.108977,41.406932],[2.109026,41.40686],[2.109062,41.406825],[2.109075,41.406771],[2.109076,41.406663],[2.109042,41.406545],[2.108904,41.406112],[2.108882,41.406013],[2.108847,41.40594],[2.108764,41.405858],[2.108622,41.405758],[2.108277,41.405593],[2.108028,41.405447],[2.107922,41.405375],[2.107863,41.405302],[2.107828,41.405248],[2.107723,41.404986],[2.107677,41.404895],[2.10763,41.404805],[2.107559,41.404732],[2.107512,41.404705],[2.107476,41.404696],[2.107393,41.404641],[2.10731,41.404595],[2.107275,41.404532],[2.107288,41.404478],[2.107374,41.404298],[2.107423,41.404218],[2.107424,41.404164],[2.107436,41.404137],[2.10745,41.40402],[2.107428,41.40383],[2.107418,41.403731],[2.107383,41.403605],[2.107313,41.403505],[2.10723,41.403442],[2.107112,41.403351],[2.106969,41.403295],[2.106814,41.403258],[2.106563,41.403229],[2.10636,41.403246],[2.10624,41.403263],[2.106072,41.403279],[2.106,41.403279],[2.105941,41.40326],[2.105893,41.403224],[2.105882,41.40317],[2.105883,41.403071],[2.105873,41.402945],[2.105851,41.402809],[2.105817,41.402692],[2.105794,41.40262],[2.105747,41.402556],[2.1057,41.402493],[2.105653,41.402457],[2.105605,41.402402],[2.105534,41.402348],[2.105451,41.402311],[2.105368,41.402283],[2.105284,41.402256],[2.105213,41.402228],[2.105166,41.402201],[2.10513,41.402155],[2.105119,41.40211],[2.105144,41.402056],[2.105241,41.40194],[2.105265,41.401913],[2.105278,41.401877],[2.105267,41.401814],[2.105244,41.401751],[2.105174,41.401606],[2.105068,41.401452],[2.104998,41.401344],[2.104927,41.401262],[2.104798,41.401072],[2.104751,41.401017],[2.104704,41.400981],[2.104644,41.400953],[2.104489,41.400907],[2.104442,41.40088],[2.104407,41.400825],[2.104587,41.400773],[2.104911,41.400685],[2.105355,41.400608],[2.105355,41.400608],[2.105367,41.400608],[2.105367,41.400608],[2.105379,41.400608],[2.105379,41.400608],[2.105391,41.400599],[2.105391,41.400599],[2.105391,41.400599],[2.105403,41.400599],[2.105403,41.400599],[2.105415,41.40059],[2.105415,41.40059],[2.105427,41.40059],[2.105427,41.400581],[2.105427,41.400581],[2.105439,41.400581],[2.105439,41.400572],[2.105439,41.400572],[2.105451,41.400572],[2.105451,41.400563],[2.105451,41.400563],[2.105463,41.400563],[2.105463,41.400554],[2.105463,41.400554],[2.105475,41.400546],[2.105475,41.400546],[2.105475,41.400546],[2.105487,41.400537],[2.105487,41.400537],[2.105487,41.400537],[2.1055,41.400528],[2.1055,41.400528],[2.1055,41.400528],[2.105512,41.400519],[2.105512,41.400519],[2.105524,41.400519],[2.105524,41.40051],[2.105524,41.40051],[2.105536,41.40051],[2.105536,41.400501],[2.105548,41.400501],[2.105548,41.400501],[2.105548,41.400501],[2.10556,41.400492],[2.10556,41.400492],[2.105572,41.400492],[2.105572,41.400492],[2.105572,41.400483],[2.106257,41.400227],[2.106257,41.400227],[2.106257,41.400227],[2.106269,41.400218],[2.106269,41.400218],[2.106281,41.400219],[2.106281,41.400219],[2.106293,41.40021],[2.106293,41.40021],[2.106293,41.40021],[2.106305,41.40021],[2.106306,41.400201],[2.106318,41.400201],[2.106318,41.400201],[2.106329,41.400201],[2.106329,41.400201],[2.106342,41.400192],[2.106342,41.400192],[2.106342,41.400192],[2.106354,41.400192],[2.106354,41.400183],[2.106366,41.400183],[2.106366,41.400183],[2.106378,41.400183],[2.106378,41.400174],[2.106378,41.400174],[2.10639,41.400174],[2.10639,41.400174],[2.106402,41.400165],[2.106402,41.400165],[2.106414,41.400166],[2.106414,41.400166],[2.106414,41.400157],[2.106426,41.400157],[2.106426,41.400157],[2.106438,41.400157],[2.106438,41.400148],[2.10645,41.400148],[2.10645,41.400148],[2.10645,41.400139],[2.106462,41.400139],[2.106462,41.400139],[2.106474,41.400139],[2.106474,41.40013],[2.106486,41.40013],[2.106486,41.40013],[2.106486,41.40013],[2.106498,41.400121],[2.106498,41.400121],[2.10651,41.400121],[2.10651,41.400121],[2.106522,41.400112],[2.106522,41.400112],[2.106522,41.400112],[2.106534,41.400112],[2.106534,41.400103],[2.106546,41.400104],[2.106546,41.400104],[2.106558,41.400095],[2.106558,41.400095],[2.106558,41.400095],[2.10657,41.400095],[2.10657,41.400086],[2.106582,41.400086],[2.106582,41.400086],[2.106582,41.400086],[2.106594,41.400077],[2.106594,41.400077],[2.106606,41.400077],[2.106606,41.400068],[2.106618,41.400068],[2.106618,41.400068],[2.106618,41.400068],[2.10663,41.400059],[2.10663,41.400059],[2.106642,41.400059],[2.106643,41.40005],[2.106643,41.40005],[2.106655,41.40005],[2.106655,41.40005],[2.106667,41.400041],[2.106667,41.400041],[2.106667,41.400041],[2.106679,41.400032],[2.106679,41.400032],[2.106691,41.400033],[2.106691,41.400033],[2.106703,41.400024],[2.106703,41.400024],[2.106703,41.400024],[2.106715,41.400015],[2.106715,41.400015],[2.106727,41.400015],[2.106727,41.400006],[2.106727,41.400006],[2.106739,41.400006],[2.106739,41.400006],[2.106751,41.399997],[2.106751,41.399997],[2.106751,41.399997],[2.106763,41.399988],[2.106763,41.399988],[2.106775,41.399988],[2.106848,41.399917],[2.106896,41.39989],[2.106944,41.399872],[2.10698,41.399846],[2.107077,41.399801],[2.107125,41.399739],[2.107125,41.399739],[2.107162,41.399667],[2.107199,41.399586],[2.107261,41.399461],[2.107309,41.399407],[2.107358,41.399371],[2.107418,41.399336],[2.107502,41.3993],[2.107634,41.399256],[2.10767,41.399248],[2.107742,41.39923],[2.107767,41.399212],[2.107779,41.399203],[2.107851,41.399132],[2.107948,41.399043],[2.107997,41.399007],[2.108069,41.398944],[2.108094,41.398909],[2.108142,41.398873],[2.108154,41.398855],[2.108166,41.398846],[2.108191,41.398819],[2.108228,41.398738],[2.108252,41.398676],[2.108277,41.398658],[2.108289,41.39864],[2.108337,41.398613],[2.108349,41.398604],[2.108421,41.398569],[2.10865,41.398453],[2.108748,41.39831],[2.108712,41.398283],[2.108701,41.398247],[2.108714,41.398193],[2.108788,41.398013],[2.108874,41.397834],[2.108899,41.397789],[2.10896,41.39769],[2.108972,41.397663],[2.108972,41.397636],[2.108961,41.3976],[2.108949,41.397591],[2.108949,41.397573],[2.108949,41.397564],[2.10895,41.397555],[2.108999,41.397465],[2.109023,41.397438],[2.109047,41.397421],[2.109144,41.39734],[2.10924,41.397287],[2.109265,41.397269],[2.109289,41.397242],[2.109301,41.397224],[2.109325,41.397189],[2.109338,41.397144],[2.109351,41.397036],[2.109425,41.396937],[2.109509,41.396857],[2.109594,41.396776],[2.109631,41.396732],[2.109643,41.396705],[2.109668,41.39666],[2.109693,41.396579],[2.109718,41.396444],[2.109732,41.396354],[2.109744,41.3963],[2.109733,41.396264],[2.109651,41.396128],[2.109498,41.395911],[2.109535,41.395866],[2.109536,41.395776],[2.109537,41.395695],[2.109575,41.395578],[2.109612,41.395506],[2.109781,41.395328],[2.109939,41.395176],[2.110911,41.395832],[2.111078,41.395896],[2.111648,41.396189],[2.111933,41.396362],[2.112181,41.396544],[2.112677,41.396998],[2.112701,41.397008],[2.113128,41.397263],[2.113309,41.397156],[2.114852,41.396295],[2.115611,41.395877],[2.115816,41.395788],[2.11596,41.395727],[2.116825,41.395499],[2.117365,41.395368],[2.11763,41.395244],[2.117799,41.395128],[2.118016,41.394959],[2.118162,41.39478],[2.118296,41.394592],[2.118371,41.394403],[2.118447,41.39407],[2.118475,41.393764],[2.118431,41.393458],[2.118363,41.393196],[2.118188,41.392879],[2.117988,41.392598],[2.117764,41.392381],[2.117563,41.392226],[2.117575,41.392217],[2.118009,41.391923],[2.118562,41.391783],[2.119366,41.391573],[2.119835,41.39137],[2.119919,41.391325],[2.120016,41.391272],[2.120342,41.391013],[2.120403,41.390951],[2.120548,41.390808],[2.120732,41.39053],[2.120893,41.39009],[2.121262,41.390228],[2.121512,41.390329],[2.121773,41.39043],[2.122273,41.390623],[2.122869,41.390771],[2.123406,41.390901],[2.123894,41.391031],[2.125575,41.391449],[2.125647,41.391468],[2.12585,41.391515],[2.127066,41.391821],[2.127352,41.391886],[2.129045,41.392313],[2.129331,41.392379],[2.129366,41.392406],[2.12958,41.392525],[2.129628,41.392552],[2.129699,41.392598],[2.129758,41.392616],[2.129818,41.392644],[2.129794,41.392661],[2.129673,41.39276],[2.129419,41.392974],[2.129177,41.393161],[2.129165,41.39317],[2.128995,41.393304],[2.128826,41.393429],[2.128633,41.39358],[2.12844,41.393723],[2.12827,41.393857],[2.128149,41.393955],[2.128041,41.394026],[2.128004,41.394062],[2.127908,41.394133],[2.12786,41.394169],[2.127545,41.394401],[2.12728,41.394606],[2.127146,41.394722],[2.127014,41.394811],[2.126264,41.3954],[2.12624,41.395418],[2.126216,41.395436],[2.125974,41.395623],[2.125602,41.395701],[2.125625,41.395791],[2.125683,41.395936],[2.125741,41.396026],[2.1258,41.396117],[2.125894,41.396235],[2.126024,41.396353],[2.126166,41.396471],[2.126356,41.396599],[2.127091,41.397073],[2.127613,41.39741],[2.127957,41.397638],[2.128146,41.397774],[2.127871,41.397781],[2.127632,41.397779],[2.127201,41.397803],[2.127177,41.397803],[2.127153,41.397803],[2.127129,41.397802],[2.127117,41.397811],[2.127093,41.397811],[2.127069,41.397811],[2.127045,41.39782],[2.127033,41.39782],[2.127009,41.397829],[2.126985,41.397828],[2.126961,41.397828],[2.126937,41.397837],[2.126913,41.397846],[2.126889,41.397846],[2.126865,41.397855],[2.126841,41.397854],[2.126817,41.397863],[2.126793,41.397872],[2.126757,41.397881],[2.126721,41.397889],[2.126697,41.397898],[2.126661,41.397907],[2.126589,41.397933],[2.126565,41.397942],[2.126541,41.397942],[2.126517,41.397951],[2.126505,41.39796],[2.126481,41.397969],[2.126457,41.397978],[2.126445,41.397986],[2.126421,41.397995],[2.126397,41.398004],[2.126373,41.398013],[2.126349,41.398022],[2.126325,41.398031],[2.1263,41.398048],[2.126108,41.398146],[2.125975,41.398235],[2.125419,41.398636],[2.125214,41.398779],[2.125057,41.398895],[2.124791,41.399091],[2.124707,41.399153],[2.124586,41.399242],[2.124429,41.399358],[2.124284,41.399465],[2.124151,41.399572],[2.124151,41.399572],[2.124126,41.399599],[2.124066,41.399644],[2.123897,41.399787],[2.123654,41.400001],[2.123557,41.40009],[2.123267,41.400358],[2.123025,41.400582],[2.122879,41.400716],[2.123104,41.400861],[2.12314,41.40088],[2.123164,41.400889],[2.123188,41.400907],[2.123211,41.400925],[2.123247,41.400935],[2.123271,41.400953],[2.123294,41.400971],[2.12333,41.40098],[2.123354,41.400998],[2.123378,41.401008],[2.123793,41.401245],[2.124363,41.401565],[2.124482,41.40162],[2.124648,41.40172],[2.124838,41.401829],[2.125206,41.40203],[2.125145,41.402111],[2.125145,41.402111],[2.125133,41.402111],[2.125133,41.40212],[2.125133,41.40212],[2.125133,41.40212],[2.125121,41.402129],[2.125121,41.402129],[2.125109,41.402138],[2.125109,41.402138],[2.125109,41.402147],[2.125097,41.402156],[2.125097,41.402156],[2.125097,41.402156],[2.125097,41.402165],[2.125085,41.402174],[2.125085,41.402174],[2.125073,41.402173],[2.125073,41.402182],[2.125073,41.402182],[2.125061,41.402191],[2.125061,41.402191],[2.125048,41.4022],[2.125048,41.4022],[2.125048,41.402209],[2.125036,41.402209],[2.125036,41.402209],[2.125036,41.402209],[2.125024,41.402209],[2.125024,41.402209],[2.125024,41.402209],[2.125024,41.402209],[2.125012,41.402218],[2.125012,41.402218],[2.125012,41.402218],[2.125,41.402218],[2.125,41.402218],[2.124988,41.402227],[2.124988,41.402227],[2.124976,41.402227],[2.124976,41.402236],[2.124964,41.402236],[2.124964,41.402236],[2.124964,41.402236],[2.124964,41.402236],[2.124952,41.402245],[2.124952,41.402245],[2.124952,41.402245],[2.12494,41.402254],[2.124928,41.402253],[2.124916,41.402262],[2.124904,41.402262],[2.124904,41.402262],[2.124904,41.402271],[2.124904,41.402271],[2.124892,41.402271],[2.124892,41.402271],[2.124892,41.402271],[2.12488,41.402271],[2.12488,41.40228],[2.124868,41.40228],[2.124868,41.40228],[2.124868,41.402289],[2.124856,41.402289],[2.124856,41.402289],[2.124856,41.402298],[2.124844,41.402298],[2.124832,41.402307],[2.124832,41.402307],[2.124832,41.402307],[2.12482,41.402316],[2.12482,41.402316],[2.12482,41.402316],[2.124808,41.402325],[2.124808,41.402325],[2.124808,41.402325],[2.124795,41.402334],[2.124795,41.402334],[2.124795,41.402343],[2.124795,41.402343],[2.124783,41.402342],[2.124783,41.402351],[2.124783,41.40236],[2.124783,41.40236],[2.124783,41.402405],[2.124782,41.402451],[2.124781,41.402496],[2.124781,41.402532],[2.124781,41.402541],[2.124781,41.40255],[2.124768,41.402558],[2.124768,41.402577],[2.124768,41.402604],[2.124755,41.402648],[2.124755,41.402648],[2.124755,41.402657],[2.124755,41.402666],[2.124743,41.402702],[2.12473,41.402756],[2.124718,41.402792],[2.124717,41.402801],[2.124717,41.40281],[2.124705,41.40281],[2.124705,41.402819],[2.124705,41.402828],[2.124705,41.402828],[2.124705,41.402837],[2.124681,41.402873],[2.124656,41.402927],[2.124644,41.402954],[2.124631,41.402963],[2.124619,41.40299],[2.124726,41.403045],[2.12475,41.403054],[2.124725,41.403144],[2.12464,41.403197],[2.124569,41.403178],[2.124557,41.403187],[2.124557,41.403196],[2.124545,41.403196],[2.124544,41.403205],[2.124532,41.403214],[2.12452,41.403223],[2.12452,41.403223],[2.124508,41.403232],[2.124496,41.403241],[2.124496,41.40325],[2.124484,41.40325],[2.124472,41.403259],[2.124448,41.403277],[2.124399,41.403312],[2.124303,41.403393],[2.124291,41.403402],[2.124218,41.403464],[2.124206,41.403482],[2.124145,41.403545],[2.124145,41.403545],[2.124145,41.403545],[2.124097,41.403598],[2.124036,41.403643],[2.123988,41.403687],[2.123988,41.403697],[2.123963,41.403723],[2.123963,41.403723],[2.123963,41.403732],[2.123927,41.403777],[2.12389,41.403804],[2.12389,41.403804],[2.12389,41.403804],[2.123818,41.403866],[2.123781,41.403911],[2.123769,41.403929],[2.123756,41.403992],[2.123636,41.404054],[2.123611,41.40409],[2.123575,41.404135],[2.123563,41.404144],[2.123563,41.404144],[2.123551,41.404171],[2.123526,41.404188],[2.12349,41.404242],[2.123441,41.404314],[2.123465,41.404323],[2.123465,41.404323],[2.123452,41.40435],[2.123428,41.404386],[2.123403,41.404431],[2.123269,41.404628],[2.12322,41.404727],[2.123171,41.404816],[2.123159,41.404825],[2.123159,41.404843],[2.123122,41.404897],[2.123122,41.404924],[2.123109,41.404942],[2.122984,41.4054],[2.122923,41.405481],[2.122922,41.405499],[2.12291,41.405526],[2.122898,41.405562],[2.122898,41.405571],[2.122885,41.405589],[2.122885,41.405598],[2.122873,41.405625],[2.122861,41.405643],[2.122849,41.40566],[2.122788,41.40575],[2.122787,41.405759],[2.122787,41.405777],[2.122775,41.405786],[2.122775,41.405786],[2.122762,41.405903],[2.122737,41.40593],[2.122664,41.406019],[2.122579,41.406109],[2.122506,41.406207],[2.122433,41.406306],[2.122336,41.406413],[2.122251,41.406521],[2.12219,41.406592],[2.122166,41.406619],[2.122093,41.406709],[2.122008,41.406798],[2.121971,41.406852],[2.121801,41.40704],[2.121943,41.40714],[2.122168,41.407304],[2.122251,41.407376],[2.12231,41.407422],[2.122405,41.407522],[2.122499,41.407612],[2.122617,41.407721],[2.122388,41.407873],[2.122315,41.407944],[2.122291,41.407998],[2.122266,41.408052],[2.122254,41.408061],[2.122254,41.408061],[2.122242,41.408079],[2.122217,41.408133],[2.122168,41.408222],[2.122156,41.40824],[2.122107,41.408339],[2.122094,41.408357],[2.122082,41.408366],[2.122032,41.408537],[2.12202,41.408555],[2.12202,41.408564],[2.121982,41.40868],[2.121933,41.408815],[2.12192,41.408851],[2.121908,41.40886],[2.121883,41.408941],[2.121906,41.408986],[2.12195,41.40932],[2.121961,41.409356],[2.121973,41.409401],[2.121972,41.409428],[2.121972,41.409464],[2.121971,41.409491],[2.121959,41.409536],[2.121958,41.409572],[2.12197,41.409599],[2.12197,41.409617],[2.121981,41.409635],[2.121981,41.409653],[2.121981,41.409671],[2.121981,41.409707],[2.12198,41.409734],[2.12198,41.40977],[2.121991,41.409806],[2.121991,41.409833],[2.12199,41.409869],[2.12199,41.409905],[2.121977,41.409932],[2.121965,41.40995],[2.121953,41.409968],[2.121917,41.409986],[2.121893,41.409995],[2.121881,41.410013],[2.121869,41.410022],[2.121844,41.410039],[2.121832,41.410057],[2.121808,41.410075],[2.121796,41.410102],[2.121784,41.410111],[2.121759,41.410129],[2.121711,41.410165],[2.121663,41.410191],[2.121639,41.4102],[2.121627,41.410209],[2.121591,41.410236],[2.121542,41.410262],[2.121482,41.410307],[2.121446,41.410334],[2.121409,41.41036],[2.121385,41.410378],[2.121361,41.410405],[2.121349,41.410414],[2.121337,41.410432],[2.121325,41.410441],[2.1213,41.410459],[2.121288,41.410477],[2.121276,41.410485],[2.121264,41.410521],[2.121239,41.410557],[2.121239,41.410584],[2.121215,41.410611],[2.12119,41.410638],[2.121178,41.410647],[2.121166,41.410665],[2.121142,41.410683],[2.121118,41.4107],[2.121094,41.410709],[2.121093,41.410718],[2.121081,41.410727],[2.121069,41.410772],[2.121068,41.410808],[2.121056,41.410826],[2.121056,41.410853],[2.121043,41.41088],[2.121019,41.410907],[2.120995,41.410952],[2.120958,41.410987],[2.120946,41.411005],[2.120922,41.411014],[2.120862,41.41105],[2.120789,41.411103],[2.120717,41.411148],[2.120668,41.411183],[2.120572,41.411237],[2.120487,41.411299],[2.120463,41.411317],[2.120415,41.411344],[2.120391,41.411361],[2.120354,41.411397],[2.12033,41.411424],[2.120294,41.411442],[2.12027,41.41146],[2.119564,41.412319],[2.11954,41.412355],[2.119503,41.412409],[2.119479,41.412435],[2.119455,41.412426],[2.119395,41.412426],[2.119299,41.412452],[2.119191,41.412487],[2.119119,41.412505],[2.118939,41.412584],[2.118866,41.412656],[2.118817,41.412737],[2.118792,41.412835],[2.118778,41.412961],[2.118775,41.413151],[2.118796,41.413403],[2.118747,41.413475],[2.118687,41.41351],[2.11847,41.413581],[2.118302,41.413624],[2.118075,41.413641],[2.117895,41.41363],[2.117514,41.413546],[2.117215,41.413472],[2.11706,41.413462],[2.116844,41.413523]]]}},{"type":"Feature","properties":{"barri":"les Tres Torres","districte":"Sarrià-Sant Gervasi"},"geometry":{"type":"Polygon","coordinates":[[[2.135397,41.393181],[2.135125,41.393818],[2.135038,41.394034],[2.134767,41.394681],[2.134754,41.394698],[2.134668,41.394896],[2.134619,41.394986],[2.13457,41.395102],[2.134447,41.395336],[2.134349,41.395488],[2.13424,41.395577],[2.134109,41.395585],[2.134023,41.39572],[2.13395,41.395854],[2.133901,41.395926],[2.133876,41.395971],[2.133779,41.396069],[2.133755,41.396087],[2.133428,41.396427],[2.133088,41.396776],[2.133076,41.396785],[2.133015,41.396856],[2.132979,41.396901],[2.13293,41.396955],[2.132906,41.397008],[2.132869,41.397062],[2.132844,41.397116],[2.132832,41.39717],[2.132807,41.397233],[2.132794,41.397314],[2.132793,41.397395],[2.132792,41.397476],[2.132791,41.397557],[2.132801,41.397638],[2.132813,41.397692],[2.132836,41.397747],[2.132848,41.397774],[2.132859,41.397801],[2.132894,41.397864],[2.132918,41.3979],[2.132988,41.398],[2.133259,41.398335],[2.133365,41.398471],[2.133801,41.398961],[2.134001,41.399178],[2.134155,41.399342],[2.13413,41.399378],[2.13413,41.399378],[2.134057,41.399458],[2.133984,41.399548],[2.133838,41.399754],[2.133716,41.399906],[2.133692,41.399933],[2.133643,41.400004],[2.13357,41.400085],[2.133461,41.400228],[2.133327,41.400407],[2.133327,41.400416],[2.133205,41.400569],[2.133023,41.400801],[2.132938,41.4009],[2.132913,41.400945],[2.132889,41.400981],[2.13273,41.401178],[2.132511,41.401464],[2.132426,41.401563],[2.132377,41.401643],[2.132195,41.401858],[2.132171,41.401903],[2.131988,41.402145],[2.131964,41.402172],[2.131818,41.402351],[2.131769,41.402413],[2.131598,41.402637],[2.13144,41.402834],[2.13144,41.402843],[2.131294,41.40304],[2.131136,41.403246],[2.131063,41.403327],[2.130978,41.403443],[2.130832,41.403631],[2.130673,41.403828],[2.130624,41.403909],[2.130588,41.403936],[2.130588,41.403936],[2.130527,41.404034],[2.130479,41.404088],[2.130418,41.404169],[2.130284,41.404339],[2.130101,41.404572],[2.130004,41.404706],[2.129873,41.404642],[2.129517,41.404441],[2.129422,41.404386],[2.129172,41.40424],[2.12903,41.404167],[2.128709,41.403994],[2.12846,41.403848],[2.127938,41.403546],[2.12751,41.403318],[2.127474,41.4033],[2.127082,41.40308],[2.126869,41.402962],[2.126857,41.402962],[2.126477,41.402743],[2.126358,41.402679],[2.125717,41.402323],[2.125206,41.40203],[2.124838,41.401829],[2.124648,41.40172],[2.124482,41.40162],[2.124363,41.401565],[2.123793,41.401245],[2.123378,41.401008],[2.123354,41.400998],[2.12333,41.40098],[2.123294,41.400971],[2.123271,41.400953],[2.123247,41.400935],[2.123211,41.400925],[2.123188,41.400907],[2.123164,41.400889],[2.12314,41.40088],[2.123104,41.400861],[2.122879,41.400716],[2.123025,41.400582],[2.123267,41.400358],[2.123557,41.40009],[2.123654,41.400001],[2.123897,41.399787],[2.124066,41.399644],[2.124126,41.399599],[2.124151,41.399572],[2.124151,41.399572],[2.124284,41.399465],[2.124429,41.399358],[2.124586,41.399242],[2.124707,41.399153],[2.124791,41.399091],[2.125057,41.398895],[2.125214,41.398779],[2.125419,41.398636],[2.125975,41.398235],[2.126108,41.398146],[2.1263,41.398048],[2.126325,41.398031],[2.126349,41.398022],[2.126373,41.398013],[2.126397,41.398004],[2.126421,41.397995],[2.126445,41.397986],[2.126457,41.397978],[2.126481,41.397969],[2.126505,41.39796],[2.126517,41.397951],[2.126541,41.397942],[2.126565,41.397942],[2.126589,41.397933],[2.126661,41.397907],[2.126697,41.397898],[2.126721,41.397889],[2.126757,41.397881],[2.126793,41.397872],[2.126817,41.397863],[2.126841,41.397854],[2.126865,41.397855],[2.126889,41.397846],[2.126913,41.397846],[2.126937,41.397837],[2.126961,41.397828],[2.126985,41.397828],[2.127009,41.397829],[2.127033,41.39782],[2.127045,41.39782],[2.127069,41.397811],[2.127093,41.397811],[2.127117,41.397811],[2.127129,41.397802],[2.127153,41.397803],[2.127177,41.397803],[2.127201,41.397803],[2.127632,41.397779],[2.127871,41.397781],[2.128146,41.397774],[2.127957,41.397638],[2.127613,41.39741],[2.127091,41.397073],[2.126356,41.396599],[2.126166,41.396471],[2.126024,41.396353],[2.125894,41.396235],[2.1258,41.396117],[2.125741,41.396026],[2.125683,41.395936],[2.125625,41.395791],[2.125602,41.395701],[2.125974,41.395623],[2.126216,41.395436],[2.12624,41.395418],[2.126264,41.3954],[2.127014,41.394811],[2.127146,41.394722],[2.12728,41.394606],[2.127545,41.394401],[2.12786,41.394169],[2.127908,41.394133],[2.128004,41.394062],[2.128041,41.394026],[2.128149,41.393955],[2.12827,41.393857],[2.12844,41.393723],[2.128633,41.39358],[2.128826,41.393429],[2.128995,41.393304],[2.129165,41.39317],[2.129177,41.393161],[2.129419,41.392974],[2.129673,41.39276],[2.129794,41.392661],[2.129818,41.392644],[2.129889,41.392662],[2.129973,41.392681],[2.13008,41.392682],[2.130164,41.392664],[2.130225,41.392629],[2.130669,41.39247],[2.131784,41.392298],[2.132479,41.392195],[2.136422,41.391594],[2.13641,41.391603],[2.13635,41.391666],[2.136083,41.391925],[2.135792,41.392229],[2.135767,41.392292],[2.13573,41.392391],[2.135619,41.392642],[2.135397,41.393181]]]}},{"type":"Feature","properties":{"barri":"Sant Gervasi - la Bonanova","districte":"Sarrià-Sant Gervasi"},"geometry":{"type":"Polygon","coordinates":[[[2.128953,41.419785],[2.128916,41.419866],[2.12888,41.419902],[2.128855,41.41992],[2.128819,41.419929],[2.128795,41.419937],[2.128759,41.419928],[2.128724,41.419928],[2.128688,41.41991],[2.128641,41.419873],[2.128475,41.419746],[2.128403,41.419709],[2.128344,41.4197],[2.128224,41.419726],[2.128128,41.419743],[2.128056,41.419725],[2.12789,41.419615],[2.127854,41.419597],[2.127581,41.419496],[2.127451,41.419378],[2.127464,41.419252],[2.127561,41.419198],[2.127729,41.41911],[2.127922,41.419012],[2.128019,41.41895],[2.128128,41.418815],[2.128165,41.418762],[2.128177,41.418708],[2.128166,41.418663],[2.128084,41.418572],[2.127965,41.418472],[2.127906,41.418417],[2.127895,41.418345],[2.127908,41.418291],[2.127944,41.418247],[2.128017,41.418184],[2.128149,41.418122],[2.128379,41.417989],[2.12862,41.41781],[2.128863,41.41756],[2.128924,41.417488],[2.128936,41.417434],[2.128925,41.417425],[2.128937,41.417416],[2.128985,41.417399],[2.129105,41.417346],[2.129442,41.417204],[2.129442,41.417204],[2.129538,41.417169],[2.129538,41.417169],[2.129598,41.417142],[2.129647,41.417116],[2.129695,41.417116],[2.129695,41.417116],[2.129791,41.417081],[2.129863,41.417045],[2.129899,41.417027],[2.130031,41.416974],[2.1302,41.416895],[2.130441,41.416788],[2.130657,41.4167],[2.130718,41.416664],[2.130898,41.416585],[2.131031,41.416532],[2.131042,41.41655],[2.131126,41.416514],[2.131126,41.416523],[2.131187,41.416497],[2.131187,41.416488],[2.131187,41.416488],[2.131187,41.416488],[2.131187,41.416488],[2.131199,41.416488],[2.131199,41.416488],[2.131271,41.416461],[2.131271,41.416461],[2.131283,41.41647],[2.131283,41.41647],[2.131283,41.41647],[2.131283,41.41647],[2.131331,41.416453],[2.131331,41.416453],[2.131307,41.416407],[2.131296,41.416398],[2.131249,41.416326],[2.131225,41.416335],[2.131213,41.416344],[2.13096,41.41645],[2.130851,41.416503],[2.130851,41.416503],[2.130839,41.416503],[2.130839,41.416503],[2.130827,41.416512],[2.130695,41.416565],[2.130454,41.416671],[2.130406,41.416689],[2.130406,41.416689],[2.130154,41.416795],[2.129901,41.416901],[2.129853,41.416919],[2.129804,41.416946],[2.129804,41.416946],[2.129804,41.416946],[2.129793,41.416945],[2.129684,41.41699],[2.129455,41.417096],[2.129431,41.417105],[2.129407,41.417114],[2.129263,41.417176],[2.129191,41.417202],[2.129167,41.417211],[2.128962,41.4173],[2.128962,41.4173],[2.128926,41.417317],[2.128914,41.417299],[2.128832,41.41719],[2.128773,41.417109],[2.128691,41.416973],[2.12861,41.416819],[2.128563,41.416747],[2.12848,41.416665],[2.128421,41.416638],[2.128337,41.41661],[2.128277,41.416601],[2.128158,41.416591],[2.128014,41.41659],[2.127847,41.416597],[2.127619,41.416623],[2.127343,41.416666],[2.127163,41.416718],[2.127007,41.416753],[2.126887,41.416761],[2.126792,41.416761],[2.126744,41.416751],[2.126672,41.416724],[2.126637,41.416705],[2.126613,41.416687],[2.126589,41.416669],[2.126566,41.416642],[2.126473,41.416398],[2.126381,41.416181],[2.126322,41.416045],[2.126276,41.415973],[2.126216,41.415928],[2.126169,41.415891],[2.12605,41.415845],[2.125848,41.415772],[2.125645,41.415698],[2.125574,41.415661],[2.125491,41.415589],[2.125421,41.415471],[2.125339,41.415317],[2.125187,41.415046],[2.125129,41.414946],[2.125106,41.414856],[2.125144,41.414721],[2.12528,41.41438],[2.125341,41.414291],[2.12551,41.414139],[2.125524,41.414004],[2.125214,41.413956],[2.124915,41.413927],[2.124772,41.41389],[2.124546,41.413807],[2.12445,41.41377],[2.124308,41.413679],[2.124177,41.413633],[2.12407,41.413605],[2.123878,41.413622],[2.123698,41.413657],[2.123482,41.413727],[2.123397,41.41378],[2.123313,41.413852],[2.123252,41.413905],[2.123227,41.413959],[2.123203,41.414031],[2.123202,41.414103],[2.123212,41.414193],[2.123316,41.4145],[2.123407,41.414843],[2.123406,41.414906],[2.123381,41.414987],[2.12332,41.415068],[2.123271,41.415158],[2.123209,41.415337],[2.123173,41.415355],[2.123089,41.415363],[2.123006,41.415336],[2.122875,41.415227],[2.122721,41.415108],[2.122627,41.415045],[2.122531,41.415035],[2.122471,41.415052],[2.122435,41.415079],[2.12241,41.415133],[2.122409,41.415187],[2.122396,41.415304],[2.122381,41.415493],[2.12232,41.415583],[2.122248,41.415645],[2.12221,41.415744],[2.122197,41.415843],[2.122208,41.415942],[2.122219,41.415987],[2.122206,41.416059],[2.12217,41.416095],[2.122074,41.41613],[2.121965,41.416156],[2.121893,41.416192],[2.121809,41.416245],[2.121772,41.41629],[2.121736,41.416344],[2.121711,41.416389],[2.121698,41.416506],[2.121709,41.416578],[2.121743,41.416668],[2.121743,41.416695],[2.121742,41.41674],[2.121742,41.416776],[2.121729,41.416812],[2.121681,41.416866],[2.121644,41.416911],[2.121596,41.416928],[2.12156,41.416928],[2.121524,41.416919],[2.121489,41.416891],[2.121442,41.416846],[2.121336,41.416728],[2.121289,41.416665],[2.121159,41.416493],[2.1211,41.416411],[2.121077,41.416357],[2.121055,41.416258],[2.120985,41.416068],[2.120915,41.415995],[2.120867,41.41595],[2.120832,41.415941],[2.120772,41.415922],[2.120736,41.415922],[2.120688,41.41593],[2.12052,41.415992],[2.120291,41.416099],[2.120195,41.416125],[2.120159,41.416134],[2.120111,41.416115],[2.120076,41.41607],[2.120041,41.416016],[2.120018,41.415925],[2.12002,41.41579],[2.120022,41.415628],[2.120047,41.415529],[2.120085,41.415421],[2.120183,41.415251],[2.12028,41.415126],[2.120305,41.415072],[2.120294,41.415018],[2.120271,41.414954],[2.120199,41.414918],[2.120104,41.41489],[2.120032,41.41489],[2.119864,41.414924],[2.119612,41.414958],[2.119481,41.414957],[2.119421,41.414957],[2.119158,41.414919],[2.118979,41.414891],[2.118884,41.414845],[2.118849,41.414808],[2.118825,41.414781],[2.118826,41.4147],[2.118864,41.414529],[2.118939,41.41435],[2.119097,41.414108],[2.119146,41.414027],[2.119234,41.413749],[2.119308,41.413542],[2.119382,41.413425],[2.11954,41.413237],[2.119601,41.413157],[2.119626,41.413076],[2.119627,41.412968],[2.119584,41.412625],[2.119561,41.412544],[2.11955,41.412499],[2.119538,41.412481],[2.119503,41.412445],[2.119479,41.412435],[2.119503,41.412409],[2.11954,41.412355],[2.119564,41.412319],[2.12027,41.41146],[2.120294,41.411442],[2.12033,41.411424],[2.120354,41.411397],[2.120391,41.411361],[2.120415,41.411344],[2.120463,41.411317],[2.120487,41.411299],[2.120572,41.411237],[2.120668,41.411183],[2.120717,41.411148],[2.120789,41.411103],[2.120862,41.41105],[2.120922,41.411014],[2.120946,41.411005],[2.120958,41.410987],[2.120995,41.410952],[2.121019,41.410907],[2.121043,41.41088],[2.121056,41.410853],[2.121056,41.410826],[2.121068,41.410808],[2.121069,41.410772],[2.121081,41.410727],[2.121093,41.410718],[2.121094,41.410709],[2.121118,41.4107],[2.121142,41.410683],[2.121166,41.410665],[2.121178,41.410647],[2.12119,41.410638],[2.121215,41.410611],[2.121239,41.410584],[2.121239,41.410557],[2.121264,41.410521],[2.121276,41.410485],[2.121288,41.410477],[2.1213,41.410459],[2.121325,41.410441],[2.121337,41.410432],[2.121349,41.410414],[2.121361,41.410405],[2.121385,41.410378],[2.121409,41.41036],[2.121446,41.410334],[2.121482,41.410307],[2.121542,41.410262],[2.121591,41.410236],[2.121627,41.410209],[2.121639,41.4102],[2.121663,41.410191],[2.121711,41.410165],[2.121759,41.410129],[2.121784,41.410111],[2.121796,41.410102],[2.121808,41.410075],[2.121832,41.410057],[2.121844,41.410039],[2.121869,41.410022],[2.121881,41.410013],[2.121893,41.409995],[2.121917,41.409986],[2.121953,41.409968],[2.121965,41.40995],[2.121977,41.409932],[2.12199,41.409905],[2.12199,41.409869],[2.121991,41.409833],[2.121991,41.409806],[2.12198,41.40977],[2.12198,41.409734],[2.121981,41.409707],[2.121981,41.409671],[2.121981,41.409653],[2.121981,41.409635],[2.12197,41.409617],[2.12197,41.409599],[2.121958,41.409572],[2.121959,41.409536],[2.121971,41.409491],[2.121972,41.409464],[2.121972,41.409428],[2.121973,41.409401],[2.121961,41.409356],[2.12195,41.40932],[2.121906,41.408986],[2.121883,41.408941],[2.121908,41.40886],[2.12192,41.408851],[2.121933,41.408815],[2.121982,41.40868],[2.12202,41.408564],[2.12202,41.408555],[2.122032,41.408537],[2.122082,41.408366],[2.122094,41.408357],[2.122107,41.408339],[2.122156,41.40824],[2.122168,41.408222],[2.122217,41.408133],[2.122217,41.408133],[2.122242,41.408079],[2.122254,41.408061],[2.122254,41.408061],[2.122266,41.408052],[2.122291,41.407998],[2.122315,41.407944],[2.122388,41.407873],[2.122617,41.407721],[2.122499,41.407612],[2.122405,41.407522],[2.12231,41.407422],[2.122251,41.407376],[2.122168,41.407304],[2.121943,41.40714],[2.121801,41.40704],[2.121971,41.406852],[2.122008,41.406798],[2.122093,41.406709],[2.122166,41.406619],[2.12219,41.406592],[2.122251,41.406521],[2.122336,41.406413],[2.122433,41.406306],[2.122506,41.406207],[2.122579,41.406109],[2.122664,41.406019],[2.122737,41.40593],[2.122762,41.405903],[2.122775,41.405786],[2.122775,41.405786],[2.122787,41.405777],[2.122787,41.405759],[2.122788,41.40575],[2.122849,41.40566],[2.122861,41.405643],[2.122873,41.405625],[2.122885,41.405598],[2.122885,41.405589],[2.122898,41.405571],[2.122898,41.405562],[2.12291,41.405526],[2.122922,41.405499],[2.122923,41.405481],[2.122984,41.4054],[2.123109,41.404942],[2.123122,41.404924],[2.123122,41.404897],[2.123159,41.404843],[2.123159,41.404825],[2.123171,41.404816],[2.12322,41.404727],[2.123269,41.404628],[2.123403,41.404431],[2.123428,41.404386],[2.123452,41.40435],[2.123465,41.404323],[2.123465,41.404323],[2.123441,41.404314],[2.12349,41.404242],[2.123526,41.404188],[2.123551,41.404171],[2.123563,41.404144],[2.123563,41.404144],[2.123575,41.404135],[2.123611,41.40409],[2.123636,41.404054],[2.123756,41.403992],[2.123769,41.403929],[2.123781,41.403911],[2.123818,41.403866],[2.12389,41.403804],[2.12389,41.403804],[2.12389,41.403804],[2.123927,41.403777],[2.123963,41.403732],[2.123963,41.403723],[2.123963,41.403723],[2.123988,41.403697],[2.123988,41.403687],[2.124036,41.403643],[2.124097,41.403598],[2.124145,41.403545],[2.124145,41.403545],[2.124145,41.403545],[2.124206,41.403482],[2.124218,41.403464],[2.124291,41.403402],[2.124303,41.403393],[2.124399,41.403312],[2.124448,41.403277],[2.124472,41.403259],[2.124484,41.40325],[2.124496,41.40325],[2.124496,41.403241],[2.124508,41.403232],[2.12452,41.403223],[2.12452,41.403223],[2.124532,41.403214],[2.124544,41.403205],[2.124545,41.403196],[2.124557,41.403196],[2.124557,41.403187],[2.124569,41.403178],[2.12464,41.403197],[2.124725,41.403144],[2.12475,41.403054],[2.124726,41.403045],[2.124619,41.40299],[2.124631,41.402963],[2.124644,41.402954],[2.124656,41.402927],[2.124681,41.402873],[2.124705,41.402837],[2.124705,41.402828],[2.124705,41.402828],[2.124705,41.402819],[2.124705,41.40281],[2.124717,41.40281],[2.124717,41.402801],[2.124718,41.402792],[2.12473,41.402756],[2.124743,41.402702],[2.124755,41.402666],[2.124755,41.402657],[2.124755,41.402648],[2.124755,41.402648],[2.124768,41.402604],[2.124768,41.402577],[2.124768,41.402558],[2.124781,41.40255],[2.124781,41.402541],[2.124781,41.402532],[2.124781,41.402496],[2.124782,41.402451],[2.124783,41.402405],[2.124783,41.40236],[2.124783,41.40236],[2.124783,41.402351],[2.124783,41.402342],[2.124795,41.402343],[2.124795,41.402343],[2.124795,41.402334],[2.124795,41.402334],[2.124808,41.402325],[2.124808,41.402325],[2.124808,41.402325],[2.12482,41.402316],[2.12482,41.402316],[2.12482,41.402316],[2.124832,41.402307],[2.124832,41.402307],[2.124832,41.402307],[2.124844,41.402298],[2.124856,41.402298],[2.124856,41.402289],[2.124856,41.402289],[2.124868,41.402289],[2.124868,41.40228],[2.124868,41.40228],[2.12488,41.40228],[2.12488,41.402271],[2.124892,41.402271],[2.124892,41.402271],[2.124892,41.402271],[2.124904,41.402271],[2.124904,41.402271],[2.124904,41.402262],[2.124904,41.402262],[2.124916,41.402262],[2.124928,41.402253],[2.12494,41.402254],[2.124952,41.402245],[2.124952,41.402245],[2.124952,41.402245],[2.124964,41.402236],[2.124964,41.402236],[2.124964,41.402236],[2.124964,41.402236],[2.124976,41.402236],[2.124976,41.402227],[2.124988,41.402227],[2.124988,41.402227],[2.125,41.402218],[2.125,41.402218],[2.125012,41.402218],[2.125012,41.402218],[2.125012,41.402218],[2.125024,41.402209],[2.125024,41.402209],[2.125024,41.402209],[2.125024,41.402209],[2.125036,41.402209],[2.125036,41.402209],[2.125036,41.402209],[2.125048,41.402209],[2.125048,41.4022],[2.125048,41.4022],[2.125061,41.402191],[2.125061,41.402191],[2.125073,41.402182],[2.125073,41.402182],[2.125073,41.402173],[2.125085,41.402174],[2.125085,41.402174],[2.125097,41.402165],[2.125097,41.402156],[2.125097,41.402156],[2.125097,41.402156],[2.125109,41.402147],[2.125109,41.402138],[2.125109,41.402138],[2.125121,41.402129],[2.125121,41.402129],[2.125133,41.40212],[2.125133,41.40212],[2.125133,41.40212],[2.125133,41.402111],[2.125145,41.402111],[2.125145,41.402111],[2.125206,41.40203],[2.125717,41.402323],[2.126358,41.402679],[2.126477,41.402743],[2.126857,41.402962],[2.126869,41.402962],[2.127082,41.40308],[2.127474,41.4033],[2.12751,41.403318],[2.127938,41.403546],[2.12846,41.403848],[2.128709,41.403994],[2.12903,41.404167],[2.129172,41.40424],[2.129422,41.404386],[2.129517,41.404441],[2.129873,41.404642],[2.130004,41.404706],[2.130101,41.404572],[2.130284,41.404339],[2.130418,41.404169],[2.130479,41.404088],[2.130527,41.404034],[2.130588,41.403936],[2.130588,41.403936],[2.130624,41.403909],[2.130673,41.403828],[2.130832,41.403631],[2.130978,41.403443],[2.131063,41.403327],[2.131136,41.403246],[2.131294,41.40304],[2.13144,41.402843],[2.13144,41.402834],[2.131598,41.402637],[2.131769,41.402413],[2.131818,41.402351],[2.131964,41.402172],[2.131988,41.402145],[2.132171,41.401903],[2.132195,41.401858],[2.132377,41.401643],[2.132426,41.401563],[2.132511,41.401464],[2.13273,41.401178],[2.132889,41.400981],[2.132913,41.400945],[2.132938,41.4009],[2.133023,41.400801],[2.133205,41.400569],[2.133327,41.400416],[2.133327,41.400407],[2.133461,41.400228],[2.13357,41.400085],[2.133643,41.400004],[2.133692,41.399933],[2.133716,41.399906],[2.133838,41.399754],[2.133984,41.399548],[2.134057,41.399458],[2.13413,41.399378],[2.13413,41.399378],[2.134155,41.399342],[2.134344,41.399523],[2.134639,41.399832],[2.134816,41.399995],[2.135005,41.400168],[2.135241,41.400377],[2.135762,41.400831],[2.135809,41.400867],[2.136377,41.40134],[2.136578,41.40154],[2.136968,41.401903],[2.137499,41.402411],[2.137547,41.402457],[2.137783,41.402693],[2.137925,41.402811],[2.138031,41.402902],[2.138114,41.402956],[2.138387,41.403166],[2.138731,41.403393],[2.139098,41.403621],[2.139383,41.403804],[2.139526,41.403886],[2.139835,41.404041],[2.139942,41.404087],[2.139977,41.404105],[2.140584,41.404362],[2.140644,41.404381],[2.140739,41.404417],[2.140486,41.404569],[2.140474,41.404577],[2.140401,41.404613],[2.140329,41.404657],[2.140257,41.404702],[2.140184,41.404737],[2.140112,41.404782],[2.140064,41.404809],[2.139907,41.404916],[2.139859,41.404942],[2.139798,41.404978],[2.139786,41.404987],[2.139774,41.404996],[2.139762,41.405005],[2.13975,41.405013],[2.139738,41.405022],[2.139726,41.405031],[2.139714,41.40504],[2.139702,41.405049],[2.139702,41.405049],[2.13969,41.405067],[2.139677,41.405076],[2.139665,41.405085],[2.139653,41.405094],[2.139641,41.405103],[2.139629,41.405112],[2.139617,41.40513],[2.139617,41.405139],[2.139605,41.405147],[2.139593,41.405156],[2.13958,41.405174],[2.139495,41.405282],[2.139483,41.405291],[2.139471,41.405309],[2.139459,41.405327],[2.139435,41.405344],[2.139422,41.405362],[2.13941,41.40538],[2.139398,41.405398],[2.139386,41.405416],[2.139374,41.405434],[2.139361,41.405452],[2.139349,41.40547],[2.139337,41.405488],[2.139325,41.405506],[2.139325,41.405515],[2.139313,41.405533],[2.1393,41.405551],[2.139239,41.405667],[2.139153,41.405829],[2.139141,41.405847],[2.139141,41.405856],[2.139104,41.405927],[2.139031,41.406026],[2.138945,41.40616],[2.138822,41.406403],[2.138712,41.406618],[2.138663,41.406717],[2.138589,41.406869],[2.138503,41.407022],[2.138442,41.407138],[2.138405,41.407228],[2.138368,41.407291],[2.138294,41.407435],[2.138245,41.407524],[2.138184,41.407668],[2.138098,41.40782],[2.138024,41.407964],[2.137951,41.408099],[2.137889,41.408224],[2.13784,41.408332],[2.137803,41.408395],[2.137717,41.408574],[2.137496,41.408987],[2.137471,41.40905],[2.137349,41.409265],[2.137238,41.409507],[2.137189,41.409606],[2.137201,41.409606],[2.137213,41.409615],[2.137213,41.409615],[2.137225,41.409615],[2.137225,41.409624],[2.137236,41.409624],[2.137236,41.409624],[2.137248,41.409634],[2.137248,41.409634],[2.13726,41.409634],[2.13726,41.409643],[2.13726,41.409643],[2.137272,41.409652],[2.137272,41.409652],[2.137284,41.409661],[2.137284,41.409661],[2.137284,41.40967],[2.137296,41.40967],[2.137296,41.409679],[2.137296,41.409679],[2.137307,41.409688],[2.137307,41.409688],[2.137307,41.409697],[2.137307,41.409706],[2.137307,41.409706],[2.137319,41.409715],[2.137319,41.409715],[2.137319,41.409724],[2.137319,41.409733],[2.137319,41.409742],[2.137331,41.409751],[2.13733,41.40976],[2.13733,41.409769],[2.13733,41.409778],[2.13733,41.409787],[2.13733,41.409796],[2.13733,41.409805],[2.13733,41.409805],[2.13733,41.409814],[2.13733,41.409814],[2.13733,41.409823],[2.13733,41.409823],[2.137329,41.409832],[2.137329,41.409841],[2.137329,41.409841],[2.137317,41.40985],[2.137317,41.409859],[2.137317,41.409868],[2.137317,41.409877],[2.137305,41.409877],[2.137305,41.409886],[2.137305,41.409895],[2.137293,41.409904],[2.137292,41.409913],[2.13728,41.409931],[2.13728,41.409949],[2.137268,41.409958],[2.137256,41.409976],[2.137256,41.409994],[2.137243,41.410012],[2.137231,41.410021],[2.137231,41.410039],[2.137207,41.410075],[2.137206,41.410084],[2.137206,41.410084],[2.137133,41.410245],[2.137275,41.4103],[2.137442,41.410365],[2.137502,41.410383],[2.137692,41.410466],[2.137704,41.410475],[2.137728,41.410484],[2.137739,41.410493],[2.137751,41.410502],[2.137799,41.410529],[2.137834,41.410557],[2.13787,41.410584],[2.137905,41.410611],[2.137953,41.410657],[2.137988,41.410693],[2.138035,41.410738],[2.138071,41.410784],[2.138106,41.410838],[2.138141,41.410883],[2.138176,41.410938],[2.1382,41.410992],[2.138223,41.411046],[2.138246,41.4111],[2.138257,41.411154],[2.13828,41.411209],[2.13828,41.411227],[2.13828,41.411236],[2.13828,41.411245],[2.138292,41.411272],[2.138291,41.41129],[2.138291,41.411308],[2.138291,41.411344],[2.138276,41.411542],[2.138251,41.411659],[2.138163,41.411937],[2.138036,41.412504],[2.137998,41.41263],[2.137935,41.412881],[2.137935,41.41289],[2.137897,41.413043],[2.13786,41.413178],[2.137834,41.413313],[2.137771,41.413511],[2.137721,41.413672],[2.137683,41.413825],[2.137671,41.413888],[2.137704,41.41406],[2.137727,41.414114],[2.137463,41.41422],[2.137439,41.414238],[2.137306,41.414291],[2.137222,41.414335],[2.137089,41.414415],[2.137065,41.414424],[2.137029,41.41446],[2.136206,41.415174],[2.136157,41.415219],[2.136121,41.415282],[2.136096,41.415354],[2.136083,41.415426],[2.136057,41.415588],[2.136103,41.415714],[2.136196,41.415877],[2.136315,41.415986],[2.136157,41.416129],[2.135988,41.416281],[2.135964,41.416298],[2.135782,41.416459],[2.135709,41.416522],[2.135576,41.416647],[2.135261,41.416933],[2.134922,41.417218],[2.13468,41.417415],[2.134644,41.417441],[2.134559,41.417513],[2.134317,41.417709],[2.134185,41.417798],[2.133956,41.417905],[2.133679,41.418011],[2.133499,41.418072],[2.13279,41.418301],[2.132585,41.418399],[2.132416,41.418515],[2.132356,41.41855],[2.132284,41.418577],[2.132176,41.418585],[2.13208,41.418557],[2.132045,41.418539],[2.131831,41.41842],[2.131605,41.418328],[2.131474,41.418282],[2.131355,41.418254],[2.131343,41.418254],[2.131247,41.418236],[2.13114,41.418226],[2.131068,41.418225],[2.130996,41.418243],[2.130672,41.418312],[2.130612,41.418312],[2.13054,41.418284],[2.130516,41.41832],[2.130224,41.418669],[2.130063,41.419109],[2.130085,41.419245],[2.130096,41.419299],[2.130107,41.419371],[2.130118,41.419443],[2.130129,41.419506],[2.13014,41.419569],[2.130128,41.419605],[2.130091,41.41965],[2.130043,41.419659],[2.129996,41.419658],[2.129948,41.419631],[2.129913,41.419604],[2.129865,41.419576],[2.129842,41.419549],[2.129794,41.419513],[2.129759,41.419485],[2.129699,41.419458],[2.129651,41.419448],[2.129592,41.41943],[2.129544,41.41943],[2.129508,41.419438],[2.12946,41.419447],[2.1294,41.419474],[2.129388,41.419483],[2.129315,41.419518],[2.129255,41.419536],[2.129207,41.419544],[2.129159,41.419562],[2.129075,41.419597],[2.129027,41.419642],[2.128953,41.419785]]]}},{"type":"Feature","properties":{"barri":"Sant Gervasi - Galvany","districte":"Sarrià-Sant Gervasi"},"geometry":{"type":"Polygon","coordinates":[[[2.147215,41.401412],[2.147154,41.401457],[2.146829,41.401625],[2.146431,41.401848],[2.14619,41.401972],[2.14619,41.401972],[2.145974,41.402096],[2.145829,41.402176],[2.145745,41.402221],[2.145564,41.402327],[2.145491,41.402372],[2.145335,41.402452],[2.145142,41.402559],[2.14507,41.402603],[2.145046,41.402612],[2.145034,41.402621],[2.145021,41.40263],[2.145009,41.40263],[2.144985,41.402638],[2.144973,41.402647],[2.144961,41.402656],[2.144937,41.402665],[2.144925,41.402674],[2.144913,41.402674],[2.144889,41.402683],[2.144877,41.402692],[2.144853,41.402701],[2.144853,41.402701],[2.144829,41.402709],[2.144805,41.402718],[2.144781,41.402727],[2.144757,41.402736],[2.144733,41.402745],[2.144709,41.402753],[2.144685,41.402762],[2.144649,41.402771],[2.144625,41.40278],[2.144589,41.402789],[2.144565,41.402797],[2.144529,41.402815],[2.144504,41.402824],[2.144481,41.402824],[2.144456,41.402833],[2.144432,41.402842],[2.144408,41.40285],[2.144396,41.40285],[2.144372,41.402859],[2.144348,41.402868],[2.144324,41.402877],[2.1443,41.402877],[2.144228,41.402903],[2.143904,41.402991],[2.14358,41.403087],[2.14334,41.403167],[2.143279,41.403184],[2.143219,41.403211],[2.143159,41.403237],[2.143111,41.403264],[2.143027,41.403308],[2.142954,41.403353],[2.142918,41.40338],[2.142882,41.403397],[2.142737,41.403504],[2.142568,41.40362],[2.142459,41.403701],[2.142387,41.403745],[2.142327,41.403781],[2.142158,41.403878],[2.142074,41.403914],[2.142001,41.403949],[2.141917,41.403985],[2.141701,41.404064],[2.141424,41.40417],[2.1414,41.40417],[2.141292,41.404214],[2.140943,41.404347],[2.140739,41.404417],[2.140644,41.404381],[2.140584,41.404362],[2.139977,41.404105],[2.139942,41.404087],[2.139835,41.404041],[2.139526,41.403886],[2.139383,41.403804],[2.139098,41.403621],[2.138731,41.403393],[2.138387,41.403166],[2.138114,41.402956],[2.138031,41.402902],[2.137925,41.402811],[2.137783,41.402693],[2.137547,41.402457],[2.137499,41.402411],[2.136968,41.401903],[2.136578,41.40154],[2.136377,41.40134],[2.135809,41.400867],[2.135762,41.400831],[2.135241,41.400377],[2.135005,41.400168],[2.134816,41.399995],[2.134639,41.399832],[2.134344,41.399523],[2.134155,41.399342],[2.134001,41.399178],[2.133801,41.398961],[2.133365,41.398471],[2.133259,41.398335],[2.132988,41.398],[2.132918,41.3979],[2.132894,41.397864],[2.132859,41.397801],[2.132848,41.397774],[2.132836,41.397747],[2.132813,41.397692],[2.132801,41.397638],[2.132791,41.397557],[2.132792,41.397476],[2.132793,41.397395],[2.132794,41.397314],[2.132807,41.397233],[2.132832,41.39717],[2.132844,41.397116],[2.132869,41.397062],[2.132906,41.397008],[2.13293,41.396955],[2.132979,41.396901],[2.133015,41.396856],[2.133076,41.396785],[2.133088,41.396776],[2.133428,41.396427],[2.133755,41.396087],[2.133779,41.396069],[2.133876,41.395971],[2.133901,41.395926],[2.13395,41.395854],[2.134023,41.39572],[2.134109,41.395585],[2.13424,41.395577],[2.134349,41.395488],[2.134447,41.395336],[2.13457,41.395102],[2.134619,41.394986],[2.134668,41.394896],[2.134754,41.394698],[2.134767,41.394681],[2.135038,41.394034],[2.135125,41.393818],[2.135397,41.393181],[2.135619,41.392642],[2.13573,41.392391],[2.135767,41.392292],[2.135792,41.392229],[2.136083,41.391925],[2.13635,41.391666],[2.13641,41.391603],[2.136422,41.391594],[2.137465,41.391431],[2.138771,41.391243],[2.139367,41.391391],[2.142312,41.392134],[2.144053,41.39257],[2.144065,41.392561],[2.144101,41.392525],[2.14415,41.392481],[2.144186,41.392454],[2.144258,41.39241],[2.144342,41.392383],[2.144402,41.392375],[2.14445,41.392366],[2.144522,41.392366],[2.144582,41.392367],[2.144653,41.392385],[2.144725,41.392404],[2.144784,41.392431],[2.144832,41.392459],[2.144855,41.392477],[2.144891,41.392504],[2.144938,41.39255],[2.144974,41.392595],[2.144985,41.392649],[2.144996,41.392703],[2.145007,41.392757],[2.144995,41.392802],[2.144982,41.392856],[2.145566,41.393005],[2.146162,41.393153],[2.146222,41.393172],[2.146687,41.393283],[2.147927,41.393599],[2.14962,41.394026],[2.151313,41.394461],[2.154711,41.395315],[2.155712,41.395575],[2.155712,41.395575],[2.15526,41.396355],[2.154931,41.396776],[2.154034,41.39767],[2.153234,41.398475],[2.152034,41.399673],[2.151659,41.400058],[2.151222,41.400496],[2.150777,41.4007],[2.15044,41.400841],[2.15026,41.400903],[2.150056,41.400965],[2.149612,41.401087],[2.149264,41.401148],[2.149048,41.401173],[2.148857,41.40119],[2.148557,41.401215],[2.148413,41.401223],[2.14827,41.401222],[2.148138,41.401212],[2.147864,41.401192],[2.147577,41.401162],[2.147215,41.401412]]]}},{"type":"Feature","properties":{"barri":"el Putxet i el Farró","districte":"Sarrià-Sant Gervasi"},"geometry":{"type":"Polygon","coordinates":[[[2.148374,41.406987],[2.14841,41.407005],[2.148587,41.407142],[2.148659,41.407187],[2.148647,41.407196],[2.148634,41.407205],[2.147667,41.408],[2.147193,41.408591],[2.146451,41.409504],[2.146305,41.409692],[2.14628,41.409719],[2.146074,41.40997],[2.145964,41.410131],[2.145878,41.410292],[2.145596,41.410822],[2.145463,41.410956],[2.145366,41.411054],[2.145269,41.411135],[2.14516,41.411197],[2.145004,41.411268],[2.144776,41.411338],[2.144464,41.411381],[2.143146,41.411488],[2.143099,41.411488],[2.140954,41.411724],[2.140954,41.411724],[2.14093,41.411733],[2.140822,41.411768],[2.140701,41.411839],[2.140314,41.412134],[2.139939,41.412428],[2.138271,41.413731],[2.137957,41.413971],[2.137836,41.414043],[2.137727,41.414114],[2.137704,41.41406],[2.137671,41.413888],[2.137683,41.413825],[2.137721,41.413672],[2.137771,41.413511],[2.137834,41.413313],[2.13786,41.413178],[2.137897,41.413043],[2.137935,41.41289],[2.137935,41.412881],[2.137998,41.41263],[2.138036,41.412504],[2.138163,41.411937],[2.138251,41.411659],[2.138276,41.411542],[2.138291,41.411344],[2.138291,41.411308],[2.138291,41.41129],[2.138292,41.411272],[2.13828,41.411245],[2.13828,41.411236],[2.13828,41.411227],[2.13828,41.411209],[2.138257,41.411154],[2.138246,41.4111],[2.138223,41.411046],[2.1382,41.410992],[2.138176,41.410938],[2.138141,41.410883],[2.138106,41.410838],[2.138071,41.410784],[2.138035,41.410738],[2.137988,41.410693],[2.137953,41.410657],[2.137905,41.410611],[2.13787,41.410584],[2.137834,41.410557],[2.137799,41.410529],[2.137751,41.410502],[2.137739,41.410493],[2.137728,41.410484],[2.137704,41.410475],[2.137692,41.410466],[2.137502,41.410383],[2.137442,41.410365],[2.137275,41.4103],[2.137133,41.410245],[2.137206,41.410084],[2.137206,41.410084],[2.137207,41.410075],[2.137231,41.410039],[2.137231,41.410021],[2.137243,41.410012],[2.137256,41.409994],[2.137256,41.409976],[2.137268,41.409958],[2.13728,41.409949],[2.13728,41.409931],[2.137292,41.409913],[2.137293,41.409904],[2.137305,41.409895],[2.137305,41.409886],[2.137305,41.409877],[2.137317,41.409877],[2.137317,41.409868],[2.137317,41.409859],[2.137317,41.40985],[2.137329,41.409841],[2.137329,41.409841],[2.137329,41.409832],[2.13733,41.409823],[2.13733,41.409823],[2.13733,41.409814],[2.13733,41.409814],[2.13733,41.409805],[2.13733,41.409805],[2.13733,41.409796],[2.13733,41.409787],[2.13733,41.409778],[2.13733,41.409769],[2.13733,41.40976],[2.137331,41.409751],[2.137319,41.409742],[2.137319,41.409733],[2.137319,41.409724],[2.137319,41.409715],[2.137319,41.409715],[2.137307,41.409706],[2.137307,41.409706],[2.137307,41.409697],[2.137307,41.409688],[2.137307,41.409688],[2.137296,41.409679],[2.137296,41.409679],[2.137296,41.40967],[2.137284,41.40967],[2.137284,41.409661],[2.137284,41.409661],[2.137272,41.409652],[2.137272,41.409652],[2.13726,41.409643],[2.13726,41.409643],[2.13726,41.409634],[2.137248,41.409634],[2.137248,41.409634],[2.137236,41.409624],[2.137236,41.409624],[2.137225,41.409624],[2.137225,41.409615],[2.137213,41.409615],[2.137213,41.409615],[2.137201,41.409606],[2.137189,41.409606],[2.137238,41.409507],[2.137349,41.409265],[2.137471,41.40905],[2.137496,41.408987],[2.137717,41.408574],[2.137803,41.408395],[2.13784,41.408332],[2.137889,41.408224],[2.137951,41.408099],[2.138024,41.407964],[2.138098,41.40782],[2.138184,41.407668],[2.138245,41.407524],[2.138294,41.407435],[2.138368,41.407291],[2.138405,41.407228],[2.138442,41.407138],[2.138503,41.407022],[2.138589,41.406869],[2.138663,41.406717],[2.138712,41.406618],[2.138822,41.406403],[2.138945,41.40616],[2.139031,41.406026],[2.139104,41.405927],[2.139141,41.405856],[2.139141,41.405847],[2.139153,41.405829],[2.139239,41.405667],[2.1393,41.405551],[2.139313,41.405533],[2.139325,41.405515],[2.139325,41.405506],[2.139337,41.405488],[2.139349,41.40547],[2.139361,41.405452],[2.139374,41.405434],[2.139386,41.405416],[2.139398,41.405398],[2.13941,41.40538],[2.139422,41.405362],[2.139435,41.405344],[2.139459,41.405327],[2.139471,41.405309],[2.139483,41.405291],[2.139495,41.405282],[2.13958,41.405174],[2.139593,41.405156],[2.139605,41.405147],[2.139617,41.405139],[2.139617,41.40513],[2.139629,41.405112],[2.139641,41.405103],[2.139653,41.405094],[2.139665,41.405085],[2.139677,41.405076],[2.13969,41.405067],[2.139702,41.405049],[2.139702,41.405049],[2.139714,41.40504],[2.139726,41.405031],[2.139738,41.405022],[2.13975,41.405013],[2.139762,41.405005],[2.139774,41.404996],[2.139786,41.404987],[2.139798,41.404978],[2.139859,41.404942],[2.139907,41.404916],[2.140064,41.404809],[2.140112,41.404782],[2.140184,41.404737],[2.140257,41.404702],[2.140329,41.404657],[2.140401,41.404613],[2.140474,41.404577],[2.140486,41.404569],[2.140739,41.404417],[2.140943,41.404347],[2.141292,41.404214],[2.1414,41.40417],[2.141424,41.40417],[2.141701,41.404064],[2.141917,41.403985],[2.142001,41.403949],[2.142074,41.403914],[2.142158,41.403878],[2.142327,41.403781],[2.142387,41.403745],[2.142459,41.403701],[2.142568,41.40362],[2.142737,41.403504],[2.142882,41.403397],[2.142918,41.40338],[2.142954,41.403353],[2.143027,41.403308],[2.143111,41.403264],[2.143159,41.403237],[2.143219,41.403211],[2.143279,41.403184],[2.14334,41.403167],[2.14358,41.403087],[2.143904,41.402991],[2.144228,41.402903],[2.1443,41.402877],[2.144324,41.402877],[2.144348,41.402868],[2.144372,41.402859],[2.144396,41.40285],[2.144408,41.40285],[2.144432,41.402842],[2.144456,41.402833],[2.144481,41.402824],[2.144504,41.402824],[2.144529,41.402815],[2.144565,41.402797],[2.144589,41.402789],[2.144625,41.40278],[2.144649,41.402771],[2.144685,41.402762],[2.144709,41.402753],[2.144733,41.402745],[2.144757,41.402736],[2.144781,41.402727],[2.144805,41.402718],[2.144829,41.402709],[2.144853,41.402701],[2.144853,41.402701],[2.144877,41.402692],[2.144889,41.402683],[2.144913,41.402674],[2.144925,41.402674],[2.144937,41.402665],[2.144961,41.402656],[2.144973,41.402647],[2.144985,41.402638],[2.145009,41.40263],[2.145021,41.40263],[2.145034,41.402621],[2.145046,41.402612],[2.14507,41.402603],[2.145142,41.402559],[2.145335,41.402452],[2.145491,41.402372],[2.145564,41.402327],[2.145745,41.402221],[2.145829,41.402176],[2.145974,41.402096],[2.14619,41.401972],[2.14619,41.401972],[2.146431,41.401848],[2.146829,41.401625],[2.147154,41.401457],[2.147215,41.401412],[2.147577,41.401162],[2.147864,41.401192],[2.148138,41.401212],[2.14827,41.401222],[2.148413,41.401223],[2.148557,41.401215],[2.148857,41.40119],[2.149048,41.401173],[2.149264,41.401148],[2.149612,41.401087],[2.150056,41.400965],[2.15026,41.400903],[2.15044,41.400841],[2.150777,41.4007],[2.151222,41.400496],[2.151159,41.40073],[2.151169,41.400901],[2.151227,41.401054],[2.151226,41.401153],[2.151211,41.401324],[2.151149,41.401495],[2.151076,41.40163],[2.150869,41.401889],[2.150845,41.401925],[2.150577,41.402275],[2.150103,41.402884],[2.150017,41.403018],[2.149993,41.403063],[2.149919,41.403206],[2.149918,41.403269],[2.150031,41.403784],[2.15009,41.403874],[2.150243,41.40402],[2.150255,41.404029],[2.150255,41.404038],[2.150325,41.404137],[2.150372,41.404255],[2.15037,41.404372],[2.150357,41.404453],[2.150023,41.405306],[2.149973,41.405513],[2.149971,41.405603],[2.149995,41.405648],[2.150041,41.405783],[2.150062,41.405991],[2.149941,41.406116],[2.149747,41.406304],[2.149577,41.406483],[2.149529,41.4065],[2.149445,41.406554],[2.149336,41.406616],[2.149336,41.406625],[2.149058,41.406866],[2.149021,41.406893],[2.149021,41.406893],[2.148974,41.406856],[2.148938,41.406829],[2.148939,41.40682],[2.148844,41.406747],[2.148832,41.406756],[2.148796,41.406729],[2.148833,41.406693],[2.148833,41.406693],[2.148966,41.406586],[2.148918,41.40655],[2.148797,41.406648],[2.148774,41.40663],[2.14875,41.406621],[2.148726,41.406602],[2.148702,41.40662],[2.148702,41.406629],[2.148653,41.406665],[2.148532,41.406772],[2.14852,41.406781],[2.148508,41.406772],[2.148485,41.406772],[2.148472,41.406781],[2.148449,41.406763],[2.148413,41.406789],[2.148388,41.406816],[2.148495,41.406889],[2.148483,41.406907],[2.148483,41.406907],[2.148374,41.406987]]]}},{"type":"Feature","properties":{"barri":"Vallcarca i els Penitents","districte":"Gràcia"},"geometry":{"type":"Polygon","coordinates":[[[2.136285,41.423624],[2.136213,41.423686],[2.136152,41.423767],[2.136139,41.423857],[2.136147,41.424136],[2.136145,41.424253],[2.136132,41.424343],[2.136071,41.424442],[2.135974,41.424549],[2.135901,41.424603],[2.135805,41.424647],[2.135108,41.424876],[2.135084,41.42484],[2.135061,41.424804],[2.135061,41.424804],[2.135061,41.424804],[2.135049,41.424786],[2.135038,41.424758],[2.135038,41.42474],[2.13505,41.424705],[2.135063,41.424669],[2.135075,41.424651],[2.135099,41.424624],[2.135184,41.424543],[2.135293,41.424454],[2.135329,41.424418],[2.135342,41.4244],[2.135366,41.424374],[2.135366,41.424365],[2.135366,41.424338],[2.135366,41.424329],[2.135367,41.424311],[2.135367,41.424293],[2.135355,41.424274],[2.135355,41.424274],[2.135344,41.424247],[2.13532,41.424211],[2.135309,41.424184],[2.135285,41.424148],[2.135285,41.424139],[2.135273,41.42413],[2.13525,41.424085],[2.135215,41.42403],[2.135156,41.423976],[2.135144,41.423958],[2.13512,41.42393],[2.135085,41.423903],[2.135073,41.423894],[2.135002,41.42383],[2.134967,41.423803],[2.134907,41.423776],[2.134883,41.423757],[2.13486,41.423739],[2.134848,41.423721],[2.134836,41.423685],[2.134801,41.423622],[2.134801,41.423622],[2.134778,41.423577],[2.134754,41.423585],[2.134754,41.423585],[2.13467,41.423603],[2.13467,41.423603],[2.134646,41.423612],[2.134634,41.423584],[2.134622,41.423584],[2.134611,41.423566],[2.134599,41.423548],[2.134587,41.423539],[2.134587,41.423539],[2.134587,41.42353],[2.134564,41.423512],[2.134528,41.423449],[2.134481,41.423385],[2.134458,41.423358],[2.134446,41.423322],[2.134399,41.423258],[2.134376,41.423204],[2.134365,41.423168],[2.134341,41.423141],[2.134341,41.423132],[2.134341,41.423132],[2.13433,41.423105],[2.134318,41.423078],[2.134295,41.423041],[2.134283,41.423014],[2.134272,41.422951],[2.13426,41.422924],[2.134249,41.422897],[2.134249,41.422897],[2.134249,41.422879],[2.134237,41.422861],[2.134214,41.422807],[2.134214,41.42278],[2.134214,41.422762],[2.134215,41.422744],[2.134215,41.422726],[2.134215,41.422699],[2.134216,41.422672],[2.13424,41.422636],[2.13424,41.422618],[2.134252,41.422618],[2.134264,41.4226],[2.134277,41.422582],[2.134277,41.422573],[2.134301,41.422555],[2.134301,41.422555],[2.134325,41.422528],[2.134374,41.422493],[2.134386,41.422493],[2.134386,41.422493],[2.134434,41.422457],[2.134434,41.422448],[2.134494,41.422412],[2.134494,41.422412],[2.134543,41.422386],[2.134555,41.422377],[2.134603,41.42235],[2.134627,41.422341],[2.134639,41.422332],[2.134651,41.422324],[2.1347,41.422261],[2.134773,41.422162],[2.134701,41.422135],[2.134701,41.422135],[2.13469,41.422135],[2.134677,41.422144],[2.134653,41.422152],[2.134521,41.422187],[2.134437,41.422205],[2.134353,41.422222],[2.134269,41.42224],[2.134161,41.422248],[2.134078,41.422256],[2.13397,41.422273],[2.133934,41.422273],[2.133838,41.42229],[2.133694,41.422316],[2.133622,41.422325],[2.13355,41.422333],[2.133502,41.422351],[2.13349,41.42236],[2.133442,41.422378],[2.133418,41.422386],[2.133406,41.422395],[2.133382,41.422404],[2.133357,41.422413],[2.133333,41.422431],[2.133309,41.42244],[2.133273,41.422457],[2.133249,41.422466],[2.133213,41.422484],[2.133177,41.422493],[2.133141,41.422501],[2.133105,41.422519],[2.133069,41.422528],[2.133033,41.422546],[2.133009,41.422554],[2.132997,41.422554],[2.132961,41.422563],[2.132913,41.422572],[2.132853,41.42258],[2.132817,41.422589],[2.132817,41.422589],[2.132781,41.422589],[2.132769,41.422589],[2.132745,41.422579],[2.132697,41.422579],[2.132685,41.422579],[2.132661,41.422579],[2.132637,41.422579],[2.132601,41.422578],[2.13259,41.422569],[2.132566,41.422569],[2.13253,41.422569],[2.13253,41.422569],[2.132518,41.422569],[2.132482,41.422568],[2.132446,41.422568],[2.13241,41.422559],[2.132386,41.422559],[2.132362,41.422559],[2.13235,41.422558],[2.132314,41.422558],[2.132291,41.422549],[2.132255,41.422549],[2.132219,41.422548],[2.132195,41.422548],[2.132183,41.422548],[2.132159,41.422548],[2.132135,41.422539],[2.132123,41.422539],[2.132099,41.422539],[2.132075,41.422538],[2.132051,41.422538],[2.132027,41.422538],[2.131968,41.422529],[2.131908,41.422528],[2.131908,41.422537],[2.131884,41.422537],[2.131824,41.422536],[2.1318,41.422536],[2.13174,41.422545],[2.131692,41.422544],[2.131692,41.422544],[2.131632,41.422553],[2.131488,41.422579],[2.131416,41.422596],[2.131368,41.422605],[2.131248,41.422631],[2.131116,41.422657],[2.131068,41.422675],[2.130997,41.422674],[2.130997,41.422674],[2.130985,41.422674],[2.130925,41.422683],[2.130841,41.4227],[2.130817,41.4227],[2.130805,41.4227],[2.130805,41.4227],[2.130745,41.422708],[2.130721,41.422717],[2.130613,41.422743],[2.130589,41.422752],[2.130577,41.422752],[2.130577,41.422752],[2.130565,41.422734],[2.130481,41.422724],[2.130421,41.422724],[2.130409,41.422724],[2.130397,41.422724],[2.130386,41.422715],[2.130374,41.422715],[2.130362,41.422715],[2.130362,41.422715],[2.13035,41.422714],[2.1301,41.422632],[2.130088,41.422622],[2.130076,41.422622],[2.130076,41.422622],[2.130064,41.422622],[2.130052,41.422613],[2.130052,41.422613],[2.13004,41.422613],[2.130028,41.422604],[2.130016,41.422595],[2.130004,41.422595],[2.129992,41.422586],[2.129981,41.422577],[2.129969,41.422576],[2.129957,41.422567],[2.129945,41.422567],[2.130042,41.422451],[2.130042,41.422451],[2.130066,41.422433],[2.130091,41.422406],[2.1302,41.422281],[2.130236,41.422236],[2.130407,41.422039],[2.13048,41.421959],[2.130673,41.421807],[2.130685,41.421807],[2.130734,41.421754],[2.130916,41.421557],[2.131242,41.421352],[2.131254,41.421343],[2.131266,41.421334],[2.131254,41.421316],[2.131242,41.421289],[2.131231,41.421271],[2.131231,41.421262],[2.131231,41.421226],[2.131244,41.421181],[2.131256,41.421163],[2.131256,41.421154],[2.131256,41.421127],[2.131281,41.421082],[2.131305,41.421055],[2.131318,41.421028],[2.131342,41.421002],[2.131427,41.420921],[2.131487,41.420868],[2.131572,41.420778],[2.131621,41.420724],[2.131669,41.420671],[2.131743,41.420563],[2.13184,41.420429],[2.131901,41.420357],[2.13201,41.420232],[2.132071,41.42016],[2.132156,41.42008],[2.132168,41.420053],[2.13218,41.420035],[2.132193,41.420017],[2.132205,41.41999],[2.132205,41.419972],[2.132206,41.419936],[2.132194,41.4199],[2.132171,41.419873],[2.132135,41.419846],[2.1321,41.419818],[2.132064,41.4198],[2.132004,41.419773],[2.131945,41.419754],[2.131921,41.419745],[2.131885,41.419736],[2.13173,41.41968],[2.131659,41.419662],[2.131611,41.419643],[2.13154,41.419616],[2.131504,41.419598],[2.131433,41.419561],[2.131279,41.41947],[2.131243,41.419452],[2.131207,41.419424],[2.131172,41.419415],[2.131136,41.419397],[2.131088,41.419396],[2.131052,41.419387],[2.131004,41.419396],[2.13098,41.419395],[2.130944,41.419404],[2.130932,41.419413],[2.130896,41.419431],[2.130884,41.419449],[2.13086,41.419458],[2.130823,41.419502],[2.130799,41.419538],[2.130775,41.419574],[2.13075,41.419637],[2.130725,41.4197],[2.130713,41.419727],[2.130688,41.41979],[2.130675,41.419826],[2.130651,41.419852],[2.130615,41.419888],[2.130579,41.419915],[2.130554,41.419933],[2.130518,41.41995],[2.130506,41.419959],[2.13047,41.419968],[2.130422,41.419986],[2.130422,41.419986],[2.130362,41.420003],[2.13029,41.42003],[2.130242,41.420047],[2.130194,41.420065],[2.130134,41.420074],[2.13011,41.420073],[2.130074,41.420073],[2.13005,41.420073],[2.130014,41.420064],[2.130002,41.420055],[2.129979,41.420045],[2.129955,41.420036],[2.129931,41.420018],[2.129907,41.419991],[2.129884,41.419955],[2.129861,41.419918],[2.129849,41.419891],[2.129849,41.419864],[2.129838,41.419837],[2.129826,41.419801],[2.129815,41.419774],[2.129803,41.419756],[2.129803,41.419738],[2.12978,41.419711],[2.129768,41.419675],[2.129733,41.419647],[2.129709,41.41962],[2.129674,41.419584],[2.129626,41.419556],[2.12959,41.419538],[2.129555,41.41952],[2.129519,41.419511],[2.129483,41.41951],[2.129435,41.41951],[2.129375,41.419509],[2.129315,41.419518],[2.129388,41.419483],[2.1294,41.419474],[2.12946,41.419447],[2.129508,41.419438],[2.129544,41.41943],[2.129592,41.41943],[2.129651,41.419448],[2.129699,41.419458],[2.129759,41.419485],[2.129794,41.419513],[2.129842,41.419549],[2.129865,41.419576],[2.129913,41.419604],[2.129948,41.419631],[2.129996,41.419658],[2.130043,41.419659],[2.130091,41.41965],[2.130128,41.419605],[2.13014,41.419569],[2.130129,41.419506],[2.130118,41.419443],[2.130107,41.419371],[2.130096,41.419299],[2.130085,41.419245],[2.130063,41.419109],[2.130224,41.418669],[2.130516,41.41832],[2.13054,41.418284],[2.130612,41.418312],[2.130672,41.418312],[2.130996,41.418243],[2.131068,41.418225],[2.13114,41.418226],[2.131247,41.418236],[2.131343,41.418254],[2.131355,41.418254],[2.131474,41.418282],[2.131605,41.418328],[2.131831,41.41842],[2.132045,41.418539],[2.13208,41.418557],[2.132176,41.418585],[2.132284,41.418577],[2.132356,41.41855],[2.132416,41.418515],[2.132585,41.418399],[2.13279,41.418301],[2.133499,41.418072],[2.133679,41.418011],[2.133956,41.417905],[2.134185,41.417798],[2.134317,41.417709],[2.134559,41.417513],[2.134644,41.417441],[2.13468,41.417415],[2.134922,41.417218],[2.135261,41.416933],[2.135576,41.416647],[2.135709,41.416522],[2.135782,41.416459],[2.135964,41.416298],[2.135988,41.416281],[2.136157,41.416129],[2.136315,41.415986],[2.136196,41.415877],[2.136103,41.415714],[2.136057,41.415588],[2.136083,41.415426],[2.136096,41.415354],[2.136121,41.415282],[2.136157,41.415219],[2.136206,41.415174],[2.137029,41.41446],[2.137065,41.414424],[2.137089,41.414415],[2.137222,41.414335],[2.137306,41.414291],[2.137439,41.414238],[2.137463,41.41422],[2.137727,41.414114],[2.137836,41.414043],[2.137957,41.413971],[2.138271,41.413731],[2.139939,41.412428],[2.140314,41.412134],[2.140701,41.411839],[2.140822,41.411768],[2.14093,41.411733],[2.140954,41.411724],[2.140954,41.411724],[2.143099,41.411488],[2.143146,41.411488],[2.144464,41.411381],[2.144776,41.411338],[2.145004,41.411268],[2.14516,41.411197],[2.145269,41.411135],[2.145366,41.411054],[2.145463,41.410956],[2.145596,41.410822],[2.145878,41.410292],[2.145964,41.410131],[2.146074,41.40997],[2.14628,41.409719],[2.146305,41.409692],[2.146451,41.409504],[2.147193,41.408591],[2.147667,41.408],[2.148634,41.407205],[2.148647,41.407196],[2.148659,41.407187],[2.148587,41.407142],[2.14841,41.407005],[2.148374,41.406987],[2.148483,41.406907],[2.148483,41.406907],[2.148495,41.406889],[2.148388,41.406816],[2.148413,41.406789],[2.148449,41.406763],[2.148472,41.406781],[2.148485,41.406772],[2.148508,41.406772],[2.14852,41.406781],[2.148532,41.406772],[2.148653,41.406665],[2.148702,41.406629],[2.148702,41.40662],[2.148726,41.406602],[2.14875,41.406621],[2.148774,41.40663],[2.148797,41.406648],[2.148918,41.40655],[2.148966,41.406586],[2.148833,41.406693],[2.148833,41.406693],[2.148796,41.406729],[2.148832,41.406756],[2.148844,41.406747],[2.148939,41.40682],[2.148938,41.406829],[2.148974,41.406856],[2.149021,41.406893],[2.149021,41.406893],[2.149058,41.406866],[2.149336,41.406625],[2.149336,41.406616],[2.149445,41.406554],[2.149539,41.406644],[2.149657,41.406753],[2.149917,41.40699],[2.149952,41.407062],[2.149975,41.407134],[2.149986,41.407206],[2.149973,41.407314],[2.149948,41.407359],[2.150209,41.407559],[2.15041,41.407741],[2.1506,41.407886],[2.150683,41.40795],[2.150259,41.408334],[2.150186,41.408397],[2.150114,41.408459],[2.149968,41.408611],[2.149568,41.409005],[2.149204,41.409371],[2.148853,41.40972],[2.148283,41.410292],[2.148271,41.410319],[2.148016,41.410569],[2.148111,41.410624],[2.148468,41.410807],[2.149014,41.41109],[2.149644,41.41141],[2.14968,41.411429],[2.150143,41.411675],[2.150191,41.411703],[2.149596,41.412347],[2.149269,41.412705],[2.149123,41.412857],[2.149087,41.412892],[2.149194,41.412938],[2.149361,41.412984],[2.149468,41.413003],[2.149564,41.413004],[2.149635,41.413013],[2.149635,41.413032],[2.149681,41.413167],[2.149739,41.413321],[2.149819,41.413591],[2.149865,41.413754],[2.149864,41.413808],[2.149864,41.413862],[2.149875,41.413916],[2.149875,41.413925],[2.149874,41.41397],[2.149861,41.414033],[2.149861,41.414096],[2.149848,41.41415],[2.149847,41.414213],[2.149821,41.414384],[2.149809,41.414411],[2.149808,41.414429],[2.149796,41.414447],[2.149784,41.414465],[2.149723,41.414572],[2.1496,41.414779],[2.1496,41.414806],[2.149588,41.414842],[2.149599,41.41486],[2.149611,41.414896],[2.14967,41.414959],[2.149717,41.414996],[2.149777,41.415041],[2.149907,41.415132],[2.14999,41.41516],[2.150205,41.415234],[2.150241,41.415243],[2.150276,41.415261],[2.150336,41.41528],[2.150384,41.415289],[2.150503,41.415317],[2.150539,41.415326],[2.150586,41.415335],[2.150622,41.415345],[2.150658,41.415345],[2.150694,41.415345],[2.150742,41.415355],[2.150813,41.415355],[2.150897,41.415374],[2.150993,41.415383],[2.1511,41.415402],[2.151087,41.415456],[2.151086,41.415546],[2.151086,41.415555],[2.15111,41.415573],[2.151145,41.415628],[2.151157,41.415637],[2.151157,41.415655],[2.151168,41.415673],[2.151191,41.415763],[2.151191,41.415781],[2.151191,41.41579],[2.15119,41.415808],[2.151178,41.415844],[2.151166,41.415871],[2.151154,41.415889],[2.151153,41.415907],[2.151141,41.415916],[2.151117,41.415934],[2.151105,41.415952],[2.151033,41.415987],[2.150984,41.416014],[2.150924,41.416041],[2.150864,41.416058],[2.150744,41.416084],[2.150612,41.416119],[2.150552,41.416146],[2.15054,41.416155],[2.150528,41.416164],[2.150491,41.41619],[2.150443,41.416217],[2.150419,41.416217],[2.150371,41.416226],[2.150372,41.416181],[2.150384,41.416163],[2.150396,41.416145],[2.15042,41.416136],[2.150481,41.4161],[2.150517,41.416083],[2.150649,41.416047],[2.150745,41.416021],[2.150865,41.415968],[2.150938,41.415924],[2.150986,41.415888],[2.150998,41.415879],[2.15101,41.415861],[2.151023,41.415834],[2.151035,41.415807],[2.151023,41.41578],[2.151011,41.415771],[2.151,41.415744],[2.150941,41.41568],[2.150929,41.415671],[2.150042,41.415809],[2.14991,41.415817],[2.149767,41.415807],[2.149683,41.415797],[2.149515,41.415805],[2.149396,41.415795],[2.149288,41.415767],[2.149086,41.415721],[2.148907,41.415683],[2.148835,41.415674],[2.148751,41.415727],[2.148606,41.415816],[2.148509,41.415888],[2.148485,41.415914],[2.148448,41.415959],[2.148424,41.415986],[2.148412,41.416004],[2.1484,41.416022],[2.148328,41.416039],[2.148223,41.415795],[2.148072,41.41547],[2.148024,41.415452],[2.147906,41.415361],[2.147693,41.415188],[2.147598,41.415115],[2.147515,41.415042],[2.147124,41.414733],[2.146709,41.414487],[2.144975,41.413456],[2.144844,41.41341],[2.144784,41.413437],[2.144806,41.41359],[2.144729,41.413968],[2.144716,41.414067],[2.144702,41.41422],[2.144747,41.414445],[2.144828,41.414608],[2.14497,41.414744],[2.145148,41.414872],[2.145326,41.414972],[2.145612,41.415109],[2.146123,41.415356],[2.146468,41.41553],[2.146575,41.415576],[2.146646,41.415622],[2.146705,41.415667],[2.146764,41.415712],[2.1468,41.415758],[2.146811,41.415776],[2.146823,41.415794],[2.146847,41.415821],[2.146858,41.415839],[2.146858,41.415866],[2.14687,41.415893],[2.146881,41.415912],[2.146893,41.415939],[2.146916,41.416038],[2.146938,41.416137],[2.146961,41.416245],[2.146983,41.416354],[2.146923,41.41638],[2.146682,41.416514],[2.146634,41.41654],[2.146586,41.416567],[2.146562,41.416576],[2.146562,41.416576],[2.146405,41.416665],[2.146381,41.416682],[2.146321,41.416709],[2.146043,41.41686],[2.145995,41.416887],[2.145686,41.416731],[2.145436,41.41663],[2.145317,41.416602],[2.145173,41.416592],[2.145089,41.416619],[2.144981,41.416663],[2.1448,41.416797],[2.144401,41.417109],[2.144218,41.417324],[2.144037,41.417512],[2.143995,41.417926],[2.144071,41.418557],[2.144161,41.418981],[2.144195,41.41908],[2.144219,41.419125],[2.144266,41.419207],[2.144313,41.419261],[2.144348,41.419325],[2.144453,41.419496],[2.1445,41.419605],[2.144511,41.419659],[2.144498,41.419731],[2.144473,41.419812],[2.144448,41.419866],[2.1444,41.419928],[2.144339,41.419982],[2.144291,41.420018],[2.144231,41.420053],[2.144158,41.42008],[2.144074,41.420106],[2.143894,41.420141],[2.143665,41.420319],[2.143604,41.420364],[2.143447,41.420489],[2.143084,41.420774],[2.142214,41.421443],[2.142202,41.421452],[2.142105,41.421515],[2.141997,41.42155],[2.141841,41.421558],[2.141722,41.42153],[2.140816,41.421253],[2.140459,41.421097],[2.14004,41.420229],[2.13986,41.420282],[2.139199,41.420466],[2.138875,41.420572],[2.137877,41.420889],[2.137793,41.420933],[2.13772,41.420995],[2.137671,41.421067],[2.13767,41.421157],[2.137693,41.421229],[2.13774,41.421284],[2.137799,41.421338],[2.138121,41.421458],[2.138145,41.421476],[2.138264,41.421531],[2.138358,41.421604],[2.138405,41.421676],[2.13844,41.421767],[2.138439,41.421875],[2.138413,41.421991],[2.138388,41.422063],[2.138079,41.422827],[2.137908,41.423069],[2.137763,41.423194],[2.137594,41.423318],[2.137257,41.42346],[2.136993,41.423512],[2.136538,41.423554],[2.136406,41.42358],[2.136285,41.423624]]]}},{"type":"Feature","properties":{"barri":"el Coll","districte":"Gràcia"},"geometry":{"type":"Polygon","coordinates":[[[2.151881,41.417002],[2.151844,41.417074],[2.151771,41.417137],[2.151675,41.417208],[2.151591,41.417243],[2.151483,41.417261],[2.151422,41.417287],[2.151421,41.417377],[2.151325,41.417422],[2.151036,41.417564],[2.150988,41.41759],[2.150952,41.417617],[2.150927,41.417653],[2.150903,41.41768],[2.15089,41.417716],[2.150878,41.417752],[2.150878,41.417779],[2.150899,41.417959],[2.150911,41.417995],[2.150934,41.418076],[2.150992,41.418203],[2.151015,41.418266],[2.15105,41.418329],[2.151155,41.418501],[2.15125,41.418574],[2.151344,41.418692],[2.151521,41.418936],[2.151567,41.419072],[2.151647,41.419334],[2.151669,41.419514],[2.151677,41.41982],[2.151768,41.420145],[2.151744,41.420172],[2.151481,41.42017],[2.151325,41.420178],[2.151121,41.420194],[2.150954,41.420202],[2.15069,41.420245],[2.150426,41.42027],[2.150211,41.420296],[2.150151,41.420304],[2.149899,41.420329],[2.149635,41.420355],[2.149408,41.420362],[2.149276,41.42037],[2.149489,41.420606],[2.149489,41.420606],[2.149488,41.420633],[2.149488,41.42066],[2.149484,41.42093],[2.14949,41.42138],[2.14949,41.42138],[2.149475,41.421641],[2.149331,41.42164],[2.1478,41.421593],[2.146979,41.421263],[2.145141,41.420889],[2.144819,41.420787],[2.144712,41.420732],[2.144523,41.420533],[2.14431,41.420387],[2.144025,41.420196],[2.143894,41.420141],[2.144074,41.420106],[2.144158,41.42008],[2.144231,41.420053],[2.144291,41.420018],[2.144339,41.419982],[2.1444,41.419928],[2.144448,41.419866],[2.144473,41.419812],[2.144498,41.419731],[2.144511,41.419659],[2.1445,41.419605],[2.144453,41.419496],[2.144348,41.419325],[2.144313,41.419261],[2.144266,41.419207],[2.144219,41.419125],[2.144195,41.41908],[2.144161,41.418981],[2.144071,41.418557],[2.143995,41.417926],[2.144037,41.417512],[2.144218,41.417324],[2.144401,41.417109],[2.1448,41.416797],[2.144981,41.416663],[2.145089,41.416619],[2.145173,41.416592],[2.145317,41.416602],[2.145436,41.41663],[2.145686,41.416731],[2.145995,41.416887],[2.146043,41.41686],[2.146321,41.416709],[2.146381,41.416682],[2.146405,41.416665],[2.146562,41.416576],[2.146562,41.416576],[2.146586,41.416567],[2.146634,41.41654],[2.146682,41.416514],[2.146923,41.41638],[2.146983,41.416354],[2.146961,41.416245],[2.146938,41.416137],[2.146916,41.416038],[2.146893,41.415939],[2.146881,41.415912],[2.14687,41.415893],[2.146858,41.415866],[2.146858,41.415839],[2.146847,41.415821],[2.146823,41.415794],[2.146811,41.415776],[2.1468,41.415758],[2.146764,41.415712],[2.146705,41.415667],[2.146646,41.415622],[2.146575,41.415576],[2.146468,41.41553],[2.146123,41.415356],[2.145612,41.415109],[2.145326,41.414972],[2.145148,41.414872],[2.14497,41.414744],[2.144828,41.414608],[2.144747,41.414445],[2.144702,41.41422],[2.144716,41.414067],[2.144729,41.413968],[2.144806,41.41359],[2.144784,41.413437],[2.144844,41.41341],[2.144975,41.413456],[2.146709,41.414487],[2.147124,41.414733],[2.147515,41.415042],[2.147598,41.415115],[2.147693,41.415188],[2.147906,41.415361],[2.148024,41.415452],[2.148072,41.41547],[2.148223,41.415795],[2.148328,41.416039],[2.1484,41.416022],[2.148412,41.416004],[2.148424,41.415986],[2.148448,41.415959],[2.148485,41.415914],[2.148509,41.415888],[2.148606,41.415816],[2.148751,41.415727],[2.148835,41.415674],[2.148907,41.415683],[2.149086,41.415721],[2.149288,41.415767],[2.149396,41.415795],[2.149515,41.415805],[2.149683,41.415797],[2.149767,41.415807],[2.14991,41.415817],[2.150042,41.415809],[2.150929,41.415671],[2.150941,41.41568],[2.151,41.415744],[2.151011,41.415771],[2.151023,41.41578],[2.151035,41.415807],[2.151023,41.415834],[2.15101,41.415861],[2.150998,41.415879],[2.150986,41.415888],[2.150938,41.415924],[2.150865,41.415968],[2.150745,41.416021],[2.150649,41.416047],[2.150517,41.416083],[2.150481,41.4161],[2.15042,41.416136],[2.150396,41.416145],[2.150384,41.416163],[2.150372,41.416181],[2.150371,41.416226],[2.150311,41.416243],[2.150287,41.416243],[2.150323,41.416279],[2.15037,41.416334],[2.150382,41.416343],[2.150406,41.416352],[2.150417,41.416361],[2.150441,41.416361],[2.150465,41.41637],[2.150525,41.416389],[2.150692,41.416426],[2.150883,41.416455],[2.151062,41.416492],[2.151122,41.416501],[2.151205,41.416511],[2.151301,41.41653],[2.151325,41.41653],[2.151432,41.416531],[2.151612,41.416541],[2.151767,41.41656],[2.151803,41.41656],[2.15191,41.416579],[2.151958,41.41658],[2.151982,41.416589],[2.152006,41.416598],[2.152041,41.416616],[2.152053,41.416634],[2.152065,41.416661],[2.152064,41.416688],[2.152076,41.416716],[2.152076,41.416761],[2.152063,41.416779],[2.152063,41.416797],[2.152051,41.416823],[2.152039,41.416832],[2.152027,41.416841],[2.152015,41.41685],[2.15199,41.416859],[2.151978,41.416877],[2.151966,41.416877],[2.151942,41.416886],[2.15193,41.416895],[2.15193,41.416904],[2.151881,41.417002]]]}},{"type":"Feature","properties":{"barri":"la Salut","districte":"Gràcia"},"geometry":{"type":"Polygon","coordinates":[[[2.155102,41.414945],[2.15503,41.414981],[2.154861,41.415124],[2.154825,41.415141],[2.154656,41.415221],[2.154523,41.415346],[2.154161,41.415605],[2.154161,41.415605],[2.153882,41.415846],[2.153616,41.416069],[2.153604,41.416078],[2.153604,41.416096],[2.153422,41.416257],[2.153229,41.416418],[2.15318,41.416462],[2.152939,41.416623],[2.152939,41.416623],[2.15283,41.416703],[2.152721,41.41681],[2.152697,41.41681],[2.152661,41.416819],[2.15193,41.416904],[2.15193,41.416895],[2.151942,41.416886],[2.151966,41.416877],[2.151978,41.416877],[2.15199,41.416859],[2.152015,41.41685],[2.152027,41.416841],[2.152039,41.416832],[2.152051,41.416823],[2.152063,41.416797],[2.152063,41.416779],[2.152076,41.416761],[2.152076,41.416716],[2.152064,41.416688],[2.152065,41.416661],[2.152053,41.416634],[2.152041,41.416616],[2.152006,41.416598],[2.151982,41.416589],[2.151958,41.41658],[2.15191,41.416579],[2.151803,41.41656],[2.151767,41.41656],[2.151612,41.416541],[2.151432,41.416531],[2.151325,41.41653],[2.151301,41.41653],[2.151205,41.416511],[2.151122,41.416501],[2.151062,41.416492],[2.150883,41.416455],[2.150692,41.416426],[2.150525,41.416389],[2.150465,41.41637],[2.150441,41.416361],[2.150417,41.416361],[2.150406,41.416352],[2.150382,41.416343],[2.15037,41.416334],[2.150323,41.416279],[2.150287,41.416243],[2.150311,41.416243],[2.150371,41.416226],[2.150419,41.416217],[2.150443,41.416217],[2.150491,41.41619],[2.150528,41.416164],[2.15054,41.416155],[2.150552,41.416146],[2.150612,41.416119],[2.150744,41.416084],[2.150864,41.416058],[2.150924,41.416041],[2.150984,41.416014],[2.151033,41.415987],[2.151105,41.415952],[2.151117,41.415934],[2.151141,41.415916],[2.151153,41.415907],[2.151154,41.415889],[2.151166,41.415871],[2.151178,41.415844],[2.15119,41.415808],[2.151191,41.41579],[2.151191,41.415781],[2.151191,41.415763],[2.151168,41.415673],[2.151157,41.415655],[2.151157,41.415637],[2.151145,41.415628],[2.15111,41.415573],[2.151086,41.415555],[2.151086,41.415546],[2.151087,41.415456],[2.1511,41.415402],[2.150993,41.415383],[2.150897,41.415374],[2.150813,41.415355],[2.150742,41.415355],[2.150694,41.415345],[2.150658,41.415345],[2.150622,41.415345],[2.150586,41.415335],[2.150539,41.415326],[2.150503,41.415317],[2.150384,41.415289],[2.150336,41.41528],[2.150276,41.415261],[2.150241,41.415243],[2.150205,41.415234],[2.14999,41.41516],[2.149907,41.415132],[2.149777,41.415041],[2.149717,41.414996],[2.14967,41.414959],[2.149611,41.414896],[2.149599,41.41486],[2.149588,41.414842],[2.1496,41.414806],[2.1496,41.414779],[2.149723,41.414572],[2.149784,41.414465],[2.149796,41.414447],[2.149808,41.414429],[2.149809,41.414411],[2.149821,41.414384],[2.149847,41.414213],[2.149848,41.41415],[2.149861,41.414096],[2.149861,41.414033],[2.149874,41.41397],[2.149875,41.413925],[2.149875,41.413916],[2.149864,41.413862],[2.149864,41.413808],[2.149865,41.413754],[2.149819,41.413591],[2.149739,41.413321],[2.149681,41.413167],[2.149635,41.413032],[2.149635,41.413013],[2.149564,41.413004],[2.149468,41.413003],[2.149361,41.412984],[2.149194,41.412938],[2.149087,41.412892],[2.149123,41.412857],[2.149269,41.412705],[2.149596,41.412347],[2.150191,41.411703],[2.150143,41.411675],[2.14968,41.411429],[2.149644,41.41141],[2.149014,41.41109],[2.148468,41.410807],[2.148111,41.410624],[2.148016,41.410569],[2.148271,41.410319],[2.148283,41.410292],[2.148853,41.40972],[2.149204,41.409371],[2.149568,41.409005],[2.149968,41.408611],[2.150114,41.408459],[2.150186,41.408397],[2.150259,41.408334],[2.150683,41.40795],[2.150767,41.40787],[2.150827,41.407915],[2.150945,41.407988],[2.15104,41.408034],[2.151147,41.408089],[2.151219,41.408125],[2.15148,41.408235],[2.151802,41.408364],[2.152278,41.408529],[2.153267,41.408879],[2.153743,41.409044],[2.153852,41.408946],[2.154168,41.408615],[2.154216,41.408562],[2.154216,41.408562],[2.154846,41.408899],[2.155606,41.409292],[2.156106,41.409557],[2.156248,41.40963],[2.156605,41.409822],[2.157032,41.41005],[2.157496,41.410297],[2.157603,41.410343],[2.158114,41.410581],[2.158198,41.41059],[2.159267,41.411157],[2.159683,41.411376],[2.160504,41.411796],[2.161513,41.412371],[2.162024,41.412672],[2.161587,41.413164],[2.16138,41.413406],[2.161235,41.413567],[2.161306,41.413604],[2.161389,41.413676],[2.1614,41.413703],[2.161424,41.413758],[2.161422,41.413848],[2.161385,41.413937],[2.161168,41.414098],[2.161059,41.414178],[2.161059,41.414178],[2.160714,41.414023],[2.1605,41.413922],[2.160405,41.413912],[2.160273,41.413929],[2.160237,41.413938],[2.160129,41.413964],[2.160081,41.413982],[2.160044,41.414],[2.15978,41.414106],[2.159467,41.414275],[2.159189,41.414444],[2.158947,41.414631],[2.158608,41.414944],[2.158584,41.414962],[2.158353,41.41523],[2.158086,41.41558],[2.158,41.415714],[2.157878,41.415893],[2.157854,41.415947],[2.15762,41.416468],[2.157571,41.416522],[2.157499,41.416557],[2.157427,41.416566],[2.157355,41.416565],[2.157271,41.416547],[2.157212,41.41651],[2.157142,41.41642],[2.157142,41.41642],[2.156625,41.415614],[2.156519,41.415541],[2.155997,41.415186],[2.155866,41.415131],[2.155759,41.415103],[2.155651,41.415102],[2.155651,41.415102],[2.155555,41.415102],[2.155543,41.415111],[2.155459,41.415119],[2.155436,41.415065],[2.155424,41.415056],[2.155424,41.415047],[2.155377,41.414965],[2.15533,41.414947],[2.155222,41.414928],[2.155102,41.414945]]]}},{"type":"Feature","properties":{"barri":"la Vila de Gràcia","districte":"Gràcia"},"geometry":{"type":"Polygon","coordinates":[[[2.159969,41.40873],[2.159787,41.408927],[2.159593,41.409132],[2.159532,41.409195],[2.15912,41.409633],[2.159083,41.409678],[2.158865,41.409902],[2.158853,41.40992],[2.158586,41.410197],[2.158356,41.410429],[2.158198,41.41059],[2.158114,41.410581],[2.157603,41.410343],[2.157496,41.410297],[2.157032,41.41005],[2.156605,41.409822],[2.156248,41.40963],[2.156106,41.409557],[2.155606,41.409292],[2.154846,41.408899],[2.154216,41.408562],[2.154216,41.408562],[2.154168,41.408615],[2.153852,41.408946],[2.153743,41.409044],[2.153267,41.408879],[2.152278,41.408529],[2.151802,41.408364],[2.15148,41.408235],[2.151219,41.408125],[2.151147,41.408089],[2.15104,41.408034],[2.150945,41.407988],[2.150827,41.407915],[2.150767,41.40787],[2.150683,41.40795],[2.1506,41.407886],[2.15041,41.407741],[2.150209,41.407559],[2.149948,41.407359],[2.149973,41.407314],[2.149986,41.407206],[2.149975,41.407134],[2.149952,41.407062],[2.149917,41.40699],[2.149657,41.406753],[2.149539,41.406644],[2.149445,41.406554],[2.149529,41.4065],[2.149577,41.406483],[2.149747,41.406304],[2.149941,41.406116],[2.150062,41.405991],[2.150041,41.405783],[2.149995,41.405648],[2.149971,41.405603],[2.149973,41.405513],[2.150023,41.405306],[2.150357,41.404453],[2.15037,41.404372],[2.150372,41.404255],[2.150325,41.404137],[2.150255,41.404038],[2.150255,41.404029],[2.150243,41.40402],[2.15009,41.403874],[2.150031,41.403784],[2.149918,41.403269],[2.149919,41.403206],[2.149993,41.403063],[2.150017,41.403018],[2.150103,41.402884],[2.150577,41.402275],[2.150845,41.401925],[2.150869,41.401889],[2.151076,41.40163],[2.151149,41.401495],[2.151211,41.401324],[2.151226,41.401153],[2.151227,41.401054],[2.151169,41.400901],[2.151159,41.40073],[2.151222,41.400496],[2.151659,41.400058],[2.152034,41.399673],[2.153234,41.398475],[2.154034,41.39767],[2.154931,41.396776],[2.15526,41.396355],[2.155712,41.395575],[2.155712,41.395575],[2.155903,41.395621],[2.158645,41.396317],[2.15923,41.396456],[2.15955,41.396702],[2.161576,41.398221],[2.161599,41.398239],[2.161836,41.398421],[2.162902,41.399221],[2.164111,41.400122],[2.165249,41.400986],[2.165007,41.401164],[2.164681,41.401414],[2.1645,41.401548],[2.164342,41.401673],[2.164161,41.401807],[2.16398,41.401949],[2.163714,41.402146],[2.16369,41.402154],[2.16369,41.402154],[2.163449,41.402333],[2.162833,41.402806],[2.161624,41.403734],[2.161648,41.403743],[2.161802,41.403852],[2.162016,41.403989],[2.162253,41.404144],[2.162823,41.404499],[2.163499,41.404918],[2.163014,41.405464],[2.162808,41.405688],[2.162637,41.405894],[2.162504,41.406055],[2.162031,41.406565],[2.162019,41.406565],[2.161618,41.406985],[2.161388,41.407227],[2.161072,41.407576],[2.160866,41.407782],[2.160866,41.407782],[2.160551,41.408095],[2.160551,41.408104],[2.160503,41.408148],[2.160381,41.4083],[2.160345,41.408336],[2.160175,41.408524],[2.160163,41.408533],[2.159969,41.40873]]]}},{"type":"Feature","properties":{"barri":"el Camp d'en Grassot i Gràcia Nova","districte":"Gràcia"},"geometry":{"type":"Polygon","coordinates":[[[2.168659,41.401839],[2.169773,41.402676],[2.172048,41.404368],[2.170901,41.405233],[2.16979,41.406072],[2.168654,41.406928],[2.167796,41.407589],[2.167567,41.407758],[2.167144,41.408088],[2.166648,41.408463],[2.165887,41.409052],[2.165174,41.409587],[2.164292,41.410257],[2.163942,41.410515],[2.163688,41.410721],[2.163008,41.41149],[2.162303,41.412332],[2.162036,41.412663],[2.162024,41.412672],[2.161513,41.412371],[2.160504,41.411796],[2.159683,41.411376],[2.159267,41.411157],[2.158198,41.41059],[2.158356,41.410429],[2.158586,41.410197],[2.158853,41.40992],[2.158865,41.409902],[2.159083,41.409678],[2.15912,41.409633],[2.159532,41.409195],[2.159593,41.409132],[2.159787,41.408927],[2.159969,41.40873],[2.160163,41.408533],[2.160175,41.408524],[2.160345,41.408336],[2.160381,41.4083],[2.160503,41.408148],[2.160551,41.408104],[2.160551,41.408095],[2.160866,41.407782],[2.160866,41.407782],[2.161072,41.407576],[2.161388,41.407227],[2.161618,41.406985],[2.162019,41.406565],[2.162031,41.406565],[2.162504,41.406055],[2.162637,41.405894],[2.162808,41.405688],[2.163014,41.405464],[2.163499,41.404918],[2.162823,41.404499],[2.162253,41.404144],[2.162016,41.403989],[2.161802,41.403852],[2.161648,41.403743],[2.161624,41.403734],[2.162833,41.402806],[2.163449,41.402333],[2.16369,41.402154],[2.16369,41.402154],[2.163714,41.402146],[2.16398,41.401949],[2.164161,41.401807],[2.164342,41.401673],[2.1645,41.401548],[2.164681,41.401414],[2.165007,41.401164],[2.165249,41.400986],[2.16622,41.401713],[2.16622,41.401704],[2.167356,41.400857],[2.168659,41.401839]]]}},{"type":"Feature","properties":{"barri":"el Baix Guinardó","districte":"Horta-Guinardó"},"geometry":{"type":"Polygon","coordinates":[[[2.16997,41.407911],[2.172138,41.409539],[2.173241,41.410366],[2.174331,41.411185],[2.173896,41.411506],[2.173377,41.411907],[2.173256,41.411997],[2.173026,41.412175],[2.172905,41.412264],[2.172652,41.412461],[2.172591,41.412505],[2.172434,41.412621],[2.17183,41.413076],[2.17125,41.413514],[2.171057,41.413665],[2.170997,41.41371],[2.170948,41.413755],[2.170815,41.413862],[2.170561,41.414058],[2.170453,41.414129],[2.170392,41.414183],[2.170344,41.414219],[2.170235,41.414299],[2.170139,41.41437],[2.170078,41.414406],[2.169945,41.414522],[2.1698,41.414629],[2.169764,41.414656],[2.169667,41.414736],[2.169571,41.414807],[2.16951,41.414861],[2.169462,41.414915],[2.169437,41.414942],[2.169413,41.414995],[2.169376,41.415067],[2.169351,41.415139],[2.169338,41.415202],[2.169325,41.415265],[2.169325,41.415274],[2.169336,41.415355],[2.169347,41.415445],[2.169358,41.415518],[2.169345,41.415589],[2.169333,41.415643],[2.169153,41.415642],[2.169033,41.415659],[2.168901,41.415676],[2.168794,41.415694],[2.168758,41.415693],[2.168626,41.41571],[2.168494,41.415727],[2.168374,41.415745],[2.168302,41.415753],[2.168254,41.415762],[2.168218,41.415762],[2.168194,41.415761],[2.168099,41.415752],[2.167979,41.415733],[2.167896,41.415714],[2.167848,41.415696],[2.167741,41.41565],[2.167634,41.415604],[2.167277,41.415448],[2.166968,41.415302],[2.166825,41.415229],[2.16629,41.414955],[2.165884,41.41488],[2.16426,41.414652],[2.164105,41.414615],[2.16389,41.414568],[2.163651,41.414512],[2.16352,41.414475],[2.163496,41.414475],[2.163365,41.414438],[2.163091,41.414355],[2.162948,41.414318],[2.162757,41.414254],[2.162614,41.414208],[2.162495,41.414162],[2.162329,41.414097],[2.162114,41.414015],[2.162055,41.413996],[2.16165,41.413813],[2.161412,41.413712],[2.1614,41.413703],[2.161389,41.413676],[2.161306,41.413604],[2.161235,41.413567],[2.16138,41.413406],[2.161587,41.413164],[2.162024,41.412672],[2.162036,41.412663],[2.162303,41.412332],[2.163008,41.41149],[2.163688,41.410721],[2.163942,41.410515],[2.164292,41.410257],[2.165174,41.409587],[2.165887,41.409052],[2.166648,41.408463],[2.167144,41.408088],[2.167567,41.407758],[2.167796,41.407589],[2.168654,41.406928],[2.16997,41.407911]]]}},{"type":"Feature","properties":{"barri":"Can Baró","districte":"Horta-Guinardó"},"geometry":{"type":"Polygon","coordinates":[[[2.166177,41.420025],[2.166117,41.420097],[2.166032,41.420159],[2.165924,41.420177],[2.165745,41.420166],[2.16553,41.420147],[2.165446,41.420137],[2.165208,41.420054],[2.165113,41.420018],[2.164897,41.419998],[2.164706,41.419988],[2.164478,41.420004],[2.164323,41.420003],[2.164084,41.419983],[2.163881,41.419973],[2.163653,41.419953],[2.163438,41.419924],[2.163259,41.419905],[2.16308,41.419913],[2.16302,41.41993],[2.162816,41.419974],[2.162695,41.420018],[2.162491,41.42008],[2.162311,41.420114],[2.162179,41.420122],[2.161929,41.420048],[2.16175,41.419993],[2.161714,41.419984],[2.161691,41.419975],[2.161691,41.419957],[2.161679,41.419948],[2.161679,41.419939],[2.161858,41.419958],[2.161858,41.419967],[2.16187,41.419967],[2.16187,41.419967],[2.161882,41.419976],[2.161882,41.419976],[2.161906,41.419985],[2.161966,41.419995],[2.161989,41.420004],[2.162049,41.420004],[2.162085,41.419996],[2.162121,41.419996],[2.162193,41.419978],[2.162265,41.419961],[2.162277,41.419961],[2.162313,41.419952],[2.162325,41.419943],[2.162506,41.419882],[2.162506,41.419882],[2.162566,41.419864],[2.162566,41.419864],[2.16259,41.419846],[2.162662,41.41982],[2.162662,41.41982],[2.162674,41.419811],[2.16265,41.419792],[2.162638,41.419792],[2.162638,41.419783],[2.162639,41.419774],[2.162615,41.419765],[2.162615,41.419756],[2.162603,41.419747],[2.162603,41.419738],[2.162556,41.419693],[2.162544,41.419675],[2.162521,41.419647],[2.162521,41.419647],[2.162521,41.419647],[2.162509,41.419638],[2.162497,41.41962],[2.162473,41.419593],[2.162367,41.419484],[2.162367,41.419484],[2.162343,41.419484],[2.162331,41.419475],[2.162284,41.419466],[2.162272,41.419465],[2.16226,41.419465],[2.162259,41.419483],[2.162176,41.419447],[2.162117,41.419419],[2.162117,41.419419],[2.162105,41.419419],[2.162105,41.41941],[2.162093,41.41941],[2.162093,41.41941],[2.162081,41.419401],[2.162081,41.419401],[2.162069,41.419401],[2.162021,41.419374],[2.161986,41.419355],[2.161879,41.419318],[2.161819,41.419291],[2.161807,41.419282],[2.161772,41.419264],[2.16176,41.419264],[2.161748,41.419263],[2.161748,41.419254],[2.161748,41.419254],[2.161736,41.419254],[2.161724,41.419254],[2.161724,41.419245],[2.161724,41.419245],[2.161724,41.419245],[2.161724,41.419245],[2.161712,41.419245],[2.161712,41.419245],[2.161712,41.419245],[2.161712,41.419236],[2.1617,41.419236],[2.161617,41.419208],[2.161605,41.419208],[2.161581,41.419208],[2.161557,41.419208],[2.161521,41.419199],[2.161461,41.419198],[2.161425,41.419207],[2.161389,41.419216],[2.161377,41.419225],[2.161353,41.419216],[2.161342,41.419206],[2.16133,41.419206],[2.16133,41.419188],[2.16133,41.419179],[2.16133,41.419152],[2.161331,41.419134],[2.161343,41.419125],[2.161343,41.419125],[2.161367,41.419099],[2.161367,41.419099],[2.161331,41.41908],[2.161331,41.419071],[2.161331,41.419071],[2.161308,41.419062],[2.161308,41.419062],[2.161308,41.419053],[2.16132,41.419053],[2.16132,41.419044],[2.16132,41.419044],[2.16132,41.419035],[2.16132,41.419017],[2.161296,41.419017],[2.161284,41.419008],[2.161272,41.418999],[2.161273,41.41899],[2.161273,41.41899],[2.161273,41.418981],[2.161273,41.418981],[2.161273,41.418972],[2.161273,41.418972],[2.161285,41.418963],[2.161285,41.418963],[2.161285,41.418954],[2.161285,41.418954],[2.161285,41.418945],[2.161285,41.418945],[2.161285,41.418936],[2.161285,41.418936],[2.161285,41.418927],[2.161285,41.418927],[2.161286,41.418909],[2.161309,41.418918],[2.161357,41.418918],[2.161453,41.418937],[2.1615,41.418946],[2.161513,41.418938],[2.161513,41.418938],[2.161525,41.418938],[2.161525,41.418938],[2.161536,41.418938],[2.161536,41.418938],[2.161549,41.418929],[2.161549,41.418929],[2.161561,41.418929],[2.161561,41.418929],[2.161561,41.418929],[2.161572,41.418929],[2.161596,41.418929],[2.161608,41.418929],[2.161608,41.418929],[2.16162,41.418929],[2.16162,41.418929],[2.16162,41.418929],[2.161632,41.418929],[2.161632,41.418929],[2.161644,41.41892],[2.161644,41.41892],[2.161644,41.41892],[2.161644,41.41892],[2.161645,41.418911],[2.161645,41.418911],[2.161645,41.418911],[2.161621,41.418902],[2.161609,41.418884],[2.161597,41.418875],[2.161585,41.418866],[2.161585,41.418857],[2.161562,41.418848],[2.16155,41.418839],[2.16155,41.418839],[2.16155,41.418839],[2.16155,41.41883],[2.161538,41.41883],[2.161538,41.418821],[2.161538,41.418821],[2.161514,41.418802],[2.161502,41.418793],[2.161443,41.418748],[2.161431,41.41873],[2.161431,41.41873],[2.161396,41.418693],[2.161361,41.418639],[2.161349,41.41863],[2.161349,41.41863],[2.161314,41.418567],[2.161302,41.418567],[2.161302,41.418549],[2.16129,41.41854],[2.161267,41.418494],[2.161267,41.418485],[2.161267,41.418476],[2.161267,41.418476],[2.161267,41.418467],[2.161267,41.418467],[2.161255,41.418467],[2.161255,41.418458],[2.161255,41.418458],[2.161256,41.418449],[2.161256,41.418449],[2.161256,41.41844],[2.161232,41.418413],[2.161232,41.418404],[2.161232,41.418404],[2.161232,41.418395],[2.161232,41.418395],[2.161232,41.418395],[2.161232,41.418386],[2.161232,41.418386],[2.161221,41.418377],[2.161221,41.418377],[2.161221,41.418368],[2.161221,41.418368],[2.161221,41.418359],[2.161221,41.418359],[2.161221,41.418359],[2.161221,41.41835],[2.161221,41.41835],[2.161209,41.418341],[2.161209,41.418341],[2.161209,41.418332],[2.161209,41.418332],[2.161209,41.418323],[2.161209,41.418323],[2.161209,41.418314],[2.161209,41.418314],[2.161198,41.418305],[2.161198,41.418305],[2.161198,41.418296],[2.161198,41.418296],[2.161198,41.418296],[2.161174,41.418286],[2.161162,41.418277],[2.16115,41.418277],[2.161138,41.418277],[2.161126,41.418268],[2.161102,41.418259],[2.161102,41.418259],[2.161079,41.418259],[2.161079,41.418259],[2.161067,41.418259],[2.161055,41.41825],[2.161055,41.41825],[2.161031,41.418249],[2.161007,41.418249],[2.160995,41.418258],[2.160971,41.418258],[2.160935,41.418267],[2.160887,41.418275],[2.160827,41.418293],[2.160827,41.418293],[2.160827,41.418293],[2.160815,41.418293],[2.160815,41.418302],[2.160791,41.418266],[2.160888,41.418158],[2.160888,41.418158],[2.160888,41.418158],[2.160888,41.418158],[2.160888,41.418149],[2.160888,41.418149],[2.160888,41.418149],[2.160877,41.418149],[2.160877,41.41814],[2.160877,41.41814],[2.160877,41.41814],[2.160877,41.41814],[2.160877,41.41814],[2.160877,41.41814],[2.160877,41.41814],[2.160877,41.418131],[2.160877,41.418131],[2.160865,41.418131],[2.160865,41.418131],[2.160865,41.418131],[2.160865,41.418131],[2.160865,41.418122],[2.160865,41.418122],[2.160865,41.418122],[2.160865,41.418122],[2.160865,41.418122],[2.160853,41.418122],[2.160853,41.418113],[2.160853,41.418113],[2.160853,41.418113],[2.160853,41.418113],[2.160853,41.418104],[2.160853,41.418104],[2.160853,41.418104],[2.160853,41.418104],[2.160853,41.418104],[2.160841,41.418104],[2.160841,41.418104],[2.160841,41.418095],[2.160841,41.418095],[2.160841,41.418095],[2.160841,41.418095],[2.160841,41.418095],[2.160841,41.418095],[2.160829,41.418086],[2.160829,41.418086],[2.160829,41.418086],[2.160829,41.418086],[2.160829,41.418086],[2.160829,41.418086],[2.160829,41.418086],[2.16083,41.418077],[2.16083,41.418077],[2.16083,41.418077],[2.16083,41.418077],[2.160818,41.418077],[2.160818,41.418077],[2.160818,41.418068],[2.160818,41.418068],[2.160818,41.418068],[2.160818,41.418068],[2.160818,41.418059],[2.160806,41.418059],[2.160806,41.418059],[2.160806,41.418059],[2.160806,41.418059],[2.160806,41.418059],[2.160806,41.418059],[2.160806,41.41805],[2.160806,41.41805],[2.160806,41.41805],[2.160806,41.41805],[2.160806,41.41805],[2.160806,41.41805],[2.160794,41.418041],[2.160794,41.418041],[2.160794,41.418032],[2.160771,41.418013],[2.160759,41.417986],[2.160712,41.417923],[2.160688,41.417914],[2.160688,41.417905],[2.160736,41.417878],[2.160748,41.417878],[2.160748,41.417878],[2.16076,41.417869],[2.160772,41.417869],[2.160785,41.41786],[2.160785,41.41786],[2.160821,41.417843],[2.160845,41.417834],[2.160857,41.417834],[2.160857,41.417834],[2.160881,41.417816],[2.160929,41.417798],[2.160929,41.417798],[2.160929,41.417789],[2.160929,41.41778],[2.160929,41.41778],[2.160929,41.41778],[2.160941,41.41778],[2.160941,41.417771],[2.160941,41.417771],[2.160941,41.417771],[2.160941,41.417771],[2.160941,41.417762],[2.160941,41.417762],[2.160941,41.417762],[2.160941,41.417762],[2.160941,41.417762],[2.160941,41.417753],[2.160941,41.417753],[2.160941,41.417753],[2.160954,41.417726],[2.160966,41.417718],[2.160966,41.417709],[2.160978,41.417709],[2.160978,41.417709],[2.160978,41.417709],[2.160978,41.4177],[2.160978,41.4177],[2.160966,41.417681],[2.160966,41.417672],[2.160955,41.417645],[2.160943,41.417627],[2.160943,41.417627],[2.160943,41.417618],[2.160943,41.417618],[2.160943,41.417618],[2.160943,41.417618],[2.160943,41.417618],[2.160943,41.417609],[2.160943,41.417609],[2.160943,41.417609],[2.160931,41.4176],[2.160931,41.4176],[2.160932,41.417591],[2.160932,41.417591],[2.160932,41.417591],[2.160932,41.417591],[2.160932,41.417582],[2.160932,41.417582],[2.160932,41.417582],[2.160932,41.417582],[2.16092,41.417573],[2.16092,41.417573],[2.16092,41.417573],[2.16092,41.417564],[2.16092,41.417564],[2.16092,41.417564],[2.16092,41.417564],[2.16092,41.417555],[2.16092,41.417555],[2.16092,41.417555],[2.160908,41.417555],[2.160908,41.417546],[2.160908,41.417546],[2.160908,41.417546],[2.160908,41.417546],[2.160908,41.417546],[2.160908,41.417537],[2.160908,41.417537],[2.160908,41.417537],[2.160908,41.417537],[2.160908,41.417528],[2.160908,41.417528],[2.160896,41.417528],[2.160897,41.417519],[2.160897,41.417519],[2.160897,41.417519],[2.160897,41.417501],[2.160885,41.417492],[2.160873,41.417465],[2.160849,41.417473],[2.160681,41.417553],[2.16056,41.417606],[2.160512,41.417633],[2.160356,41.417713],[2.160235,41.417766],[2.160139,41.417793],[2.160031,41.41781],[2.160019,41.41781],[2.159923,41.417818],[2.159828,41.417808],[2.159733,41.417781],[2.159661,41.417753],[2.15959,41.417716],[2.159519,41.417671],[2.159448,41.417598],[2.159306,41.417462],[2.158821,41.416999],[2.158738,41.416936],[2.158919,41.416865],[2.159063,41.416785],[2.15916,41.416686],[2.159161,41.416596],[2.159067,41.416515],[2.158947,41.416505],[2.158827,41.41654],[2.158742,41.41662],[2.15862,41.416827],[2.158535,41.416925],[2.15816,41.417211],[2.15758,41.417639],[2.157375,41.417772],[2.157195,41.417816],[2.157028,41.417806],[2.15654,41.417613],[2.156445,41.41754],[2.156375,41.417405],[2.156363,41.417369],[2.156364,41.417315],[2.156377,41.417261],[2.156451,41.417072],[2.156525,41.416919],[2.156538,41.416811],[2.156538,41.416802],[2.156527,41.416721],[2.156504,41.416649],[2.156434,41.416531],[2.156329,41.41635],[2.156176,41.416115],[2.156117,41.416052],[2.15601,41.415979],[2.155868,41.415915],[2.155725,41.41586],[2.155463,41.415768],[2.155356,41.415731],[2.155261,41.415667],[2.15519,41.415604],[2.155156,41.415468],[2.155181,41.415342],[2.155254,41.415235],[2.155375,41.415155],[2.155495,41.41511],[2.155543,41.415111],[2.155651,41.415102],[2.155651,41.415102],[2.155759,41.415103],[2.155866,41.415131],[2.155997,41.415186],[2.156519,41.415541],[2.156625,41.415614],[2.157142,41.41642],[2.157142,41.41642],[2.157212,41.41651],[2.157271,41.416547],[2.157355,41.416565],[2.157427,41.416566],[2.157499,41.416557],[2.157571,41.416522],[2.15762,41.416468],[2.157854,41.415947],[2.157878,41.415893],[2.158,41.415714],[2.158086,41.41558],[2.158353,41.41523],[2.158584,41.414962],[2.158608,41.414944],[2.158947,41.414631],[2.159189,41.414444],[2.159467,41.414275],[2.15978,41.414106],[2.160044,41.414],[2.160081,41.413982],[2.160129,41.413964],[2.160237,41.413938],[2.160273,41.413929],[2.160405,41.413912],[2.1605,41.413922],[2.160714,41.414023],[2.161059,41.414178],[2.161059,41.414178],[2.161168,41.414098],[2.161385,41.413937],[2.161422,41.413848],[2.161424,41.413758],[2.1614,41.413703],[2.161412,41.413712],[2.16165,41.413813],[2.162055,41.413996],[2.162114,41.414015],[2.162329,41.414097],[2.162495,41.414162],[2.162614,41.414208],[2.162757,41.414254],[2.162948,41.414318],[2.163091,41.414355],[2.163365,41.414438],[2.163496,41.414475],[2.16352,41.414475],[2.163651,41.414512],[2.16389,41.414568],[2.164105,41.414615],[2.16426,41.414652],[2.165884,41.41488],[2.16629,41.414955],[2.166825,41.415229],[2.166968,41.415302],[2.167277,41.415448],[2.16718,41.415565],[2.166974,41.415771],[2.166889,41.415869],[2.166792,41.415967],[2.166658,41.416102],[2.166489,41.416271],[2.166464,41.416298],[2.166367,41.416406],[2.166246,41.416531],[2.1661,41.416692],[2.166207,41.416756],[2.166397,41.416865],[2.166457,41.416893],[2.166611,41.416975],[2.166623,41.416984],[2.16673,41.417039],[2.166778,41.417066],[2.166825,41.417103],[2.166955,41.417212],[2.167145,41.417357],[2.167489,41.417612],[2.16756,41.417675],[2.167595,41.417712],[2.167607,41.417748],[2.167618,41.417784],[2.167615,41.418054],[2.167614,41.418108],[2.167637,41.418144],[2.167673,41.41819],[2.167744,41.418244],[2.167863,41.418281],[2.167935,41.4183],[2.167982,41.418318],[2.16803,41.418336],[2.168066,41.418355],[2.168089,41.418382],[2.168266,41.418626],[2.16836,41.418735],[2.168454,41.418862],[2.16843,41.41888],[2.168418,41.41888],[2.168406,41.418879],[2.168382,41.418879],[2.168275,41.418851],[2.168107,41.418841],[2.167988,41.418795],[2.167976,41.418786],[2.167952,41.418777],[2.167929,41.418723],[2.167929,41.418705],[2.167906,41.418678],[2.167882,41.41865],[2.167871,41.418632],[2.167847,41.418614],[2.167811,41.418587],[2.167776,41.418569],[2.16774,41.418559],[2.167704,41.418541],[2.167573,41.41854],[2.167513,41.41854],[2.167357,41.418557],[2.167249,41.418574],[2.167177,41.418573],[2.167118,41.418564],[2.167058,41.418545],[2.167034,41.418536],[2.16701,41.418527],[2.166975,41.418509],[2.16694,41.418418],[2.166941,41.418364],[2.166941,41.418328],[2.166954,41.418229],[2.166955,41.418157],[2.166956,41.418112],[2.166944,41.418067],[2.166921,41.417995],[2.166898,41.417959],[2.166874,41.417923],[2.166839,41.417877],[2.166827,41.417877],[2.166756,41.417859],[2.166696,41.41784],[2.166672,41.417831],[2.166636,41.417831],[2.166624,41.417822],[2.166613,41.417822],[2.166589,41.417821],[2.166541,41.417812],[2.166493,41.417812],[2.166457,41.41782],[2.166409,41.417838],[2.166373,41.417847],[2.166361,41.417856],[2.166337,41.417874],[2.166228,41.417936],[2.16612,41.417998],[2.166035,41.418043],[2.165951,41.418096],[2.165951,41.418105],[2.165951,41.418114],[2.16595,41.418132],[2.16595,41.41815],[2.16595,41.418168],[2.165962,41.418177],[2.165974,41.418195],[2.165985,41.418204],[2.165985,41.418204],[2.166009,41.418214],[2.166105,41.418223],[2.166201,41.418224],[2.166284,41.418225],[2.166368,41.418234],[2.166416,41.418244],[2.166451,41.418253],[2.166475,41.418262],[2.166487,41.418262],[2.166487,41.41828],[2.166487,41.418289],[2.166475,41.418307],[2.166475,41.418316],[2.166462,41.418325],[2.166367,41.418333],[2.166307,41.418351],[2.166235,41.418368],[2.16615,41.418395],[2.166078,41.418421],[2.166042,41.418421],[2.165982,41.41843],[2.165887,41.418438],[2.165803,41.418428],[2.165719,41.41841],[2.165636,41.418391],[2.165564,41.418372],[2.165517,41.418363],[2.165469,41.418363],[2.165397,41.418371],[2.165325,41.418398],[2.165253,41.418433],[2.16518,41.418469],[2.16512,41.418504],[2.16506,41.418549],[2.164987,41.41862],[2.164926,41.418683],[2.164854,41.418737],[2.164854,41.418746],[2.164865,41.418782],[2.164848,41.419151],[2.164848,41.419169],[2.164956,41.41917],[2.165004,41.419143],[2.165064,41.419134],[2.1651,41.419126],[2.165423,41.419119],[2.165567,41.419129],[2.165638,41.419148],[2.16571,41.419175],[2.16584,41.419257],[2.165923,41.41933],[2.16597,41.419375],[2.166018,41.41943],[2.166041,41.419484],[2.166064,41.419529],[2.166132,41.4198],[2.166167,41.419935],[2.166177,41.420025]]]}},{"type":"Feature","properties":{"barri":"el Guinardó","districte":"Horta-Guinardó"},"geometry":{"type":"Polygon","coordinates":[[[2.179765,41.421483],[2.178976,41.422342],[2.178612,41.422736],[2.178248,41.42313],[2.176974,41.424517],[2.176538,41.424982],[2.176538,41.424991],[2.176222,41.425322],[2.176065,41.425447],[2.175896,41.425536],[2.175788,41.42558],[2.175668,41.425606],[2.172353,41.426528],[2.172447,41.425754],[2.172516,41.425061],[2.171823,41.423993],[2.171905,41.423174],[2.170975,41.422915],[2.170716,41.422616],[2.170209,41.422027],[2.170079,41.4219],[2.169643,41.421374],[2.169477,41.421184],[2.16931,41.421174],[2.169214,41.421182],[2.169142,41.421218],[2.169069,41.421271],[2.169033,41.421334],[2.16902,41.42137],[2.169043,41.421442],[2.169637,41.422726],[2.169648,41.422825],[2.169635,41.422906],[2.16961,41.42296],[2.169525,41.423112],[2.169439,41.423229],[2.169355,41.423318],[2.169282,41.423371],[2.169235,41.423326],[2.169176,41.423272],[2.169164,41.423263],[2.169164,41.423254],[2.16914,41.423244],[2.169128,41.423235],[2.169128,41.423226],[2.169116,41.423217],[2.169104,41.423217],[2.169093,41.423208],[2.169081,41.423199],[2.169081,41.423199],[2.169057,41.42319],[2.169045,41.423181],[2.169033,41.423181],[2.169021,41.42318],[2.169009,41.423171],[2.169009,41.423171],[2.168985,41.423171],[2.168974,41.423162],[2.168962,41.423162],[2.16895,41.423162],[2.168938,41.423162],[2.168926,41.423153],[2.168914,41.423153],[2.168902,41.423153],[2.168878,41.423152],[2.168866,41.423152],[2.168842,41.423152],[2.168818,41.423152],[2.168794,41.423152],[2.168782,41.423152],[2.168758,41.423152],[2.168746,41.42316],[2.168734,41.42316],[2.168722,41.42316],[2.168686,41.423169],[2.16865,41.423169],[2.168626,41.423178],[2.168578,41.423186],[2.168542,41.423195],[2.168518,41.423204],[2.16847,41.423212],[2.168434,41.423221],[2.168398,41.423221],[2.168386,41.423221],[2.168374,41.42323],[2.16835,41.42323],[2.168338,41.42323],[2.168314,41.423229],[2.16829,41.423238],[2.168278,41.423238],[2.168255,41.423238],[2.168243,41.423238],[2.168219,41.423238],[2.168195,41.423238],[2.168183,41.423237],[2.168171,41.423237],[2.168147,41.423237],[2.168135,41.423237],[2.168123,41.423228],[2.168111,41.423228],[2.168099,41.423228],[2.168087,41.423228],[2.168063,41.423219],[2.168051,41.423218],[2.16804,41.423209],[2.168028,41.423209],[2.168028,41.423209],[2.168028,41.4232],[2.168016,41.4232],[2.168016,41.4232],[2.168004,41.423191],[2.167992,41.423182],[2.16798,41.423173],[2.16798,41.423173],[2.167968,41.423164],[2.167956,41.423155],[2.167945,41.423146],[2.167921,41.423127],[2.167909,41.423118],[2.167909,41.423109],[2.167897,41.4231],[2.167885,41.423091],[2.167873,41.423091],[2.167862,41.423073],[2.16785,41.423064],[2.16785,41.423055],[2.167838,41.423046],[2.167826,41.423028],[2.167815,41.423019],[2.167803,41.42301],[2.167791,41.423],[2.167779,41.422982],[2.167767,41.422964],[2.167756,41.422946],[2.167744,41.422928],[2.167732,41.422919],[2.16772,41.422901],[2.167708,41.422892],[2.167685,41.422874],[2.167673,41.422864],[2.167661,41.422837],[2.167638,41.422819],[2.167626,41.42281],[2.167614,41.422801],[2.167614,41.422801],[2.167602,41.422783],[2.16759,41.422774],[2.16759,41.422774],[2.167578,41.422765],[2.167578,41.422765],[2.167567,41.422756],[2.167555,41.422746],[2.167555,41.422737],[2.167543,41.422728],[2.167543,41.422728],[2.167531,41.422719],[2.167531,41.422719],[2.167519,41.42271],[2.167519,41.42271],[2.167507,41.42271],[2.167507,41.42271],[2.167496,41.422701],[2.167472,41.422701],[2.167448,41.422692],[2.167412,41.422682],[2.167388,41.422682],[2.167376,41.422673],[2.167364,41.422673],[2.167328,41.422664],[2.167316,41.422664],[2.167293,41.422655],[2.167269,41.422654],[2.167233,41.422645],[2.167209,41.422645],[2.167173,41.422636],[2.167149,41.422635],[2.167114,41.422626],[2.167078,41.422617],[2.167066,41.422608],[2.167054,41.422608],[2.167042,41.422608],[2.16703,41.422599],[2.16703,41.422599],[2.167018,41.422598],[2.167006,41.422589],[2.166994,41.422589],[2.166994,41.422589],[2.166982,41.42258],[2.166982,41.42258],[2.166971,41.42258],[2.166971,41.422571],[2.166959,41.422571],[2.166959,41.422571],[2.166959,41.422571],[2.166959,41.422571],[2.166959,41.422562],[2.166959,41.422562],[2.166959,41.422562],[2.166959,41.422562],[2.166959,41.422553],[2.166959,41.422553],[2.166959,41.422553],[2.166959,41.422553],[2.166971,41.422544],[2.166971,41.422544],[2.166971,41.422544],[2.166971,41.422544],[2.166983,41.422544],[2.166983,41.422544],[2.166983,41.422544],[2.167007,41.422544],[2.167007,41.422544],[2.167019,41.422544],[2.167067,41.422554],[2.167126,41.422554],[2.167174,41.422555],[2.167222,41.422555],[2.167222,41.422555],[2.167234,41.422555],[2.167258,41.422546],[2.16727,41.422546],[2.167294,41.422546],[2.167306,41.422547],[2.167318,41.422547],[2.167342,41.422538],[2.167354,41.422538],[2.167366,41.422538],[2.16739,41.422538],[2.167402,41.422529],[2.167426,41.422529],[2.16745,41.422521],[2.167462,41.422521],[2.167486,41.422521],[2.167498,41.422512],[2.167522,41.422512],[2.167546,41.422503],[2.16757,41.422503],[2.167594,41.422495],[2.167594,41.422495],[2.167606,41.422495],[2.167618,41.422495],[2.16763,41.422495],[2.167642,41.422495],[2.167666,41.422486],[2.16769,41.422486],[2.167702,41.422486],[2.167714,41.422486],[2.167726,41.422487],[2.167738,41.422487],[2.16775,41.422487],[2.167773,41.422496],[2.167809,41.422496],[2.167833,41.422496],[2.167869,41.422497],[2.167881,41.422497],[2.167893,41.422497],[2.167917,41.422497],[2.167953,41.422497],[2.167989,41.422497],[2.168001,41.422498],[2.168025,41.422498],[2.168037,41.422498],[2.168049,41.422489],[2.168049,41.422489],[2.168073,41.422489],[2.168085,41.422489],[2.168097,41.42248],[2.168097,41.42248],[2.168109,41.42248],[2.168109,41.422471],[2.168121,41.422471],[2.168133,41.422462],[2.168145,41.422463],[2.168157,41.422454],[2.168181,41.422445],[2.168193,41.422436],[2.168205,41.422427],[2.168217,41.422418],[2.168217,41.422418],[2.168217,41.422418],[2.168217,41.422418],[2.168229,41.422409],[2.168229,41.422409],[2.168229,41.4224],[2.168229,41.4224],[2.168229,41.422391],[2.168229,41.422391],[2.16823,41.422382],[2.16823,41.422382],[2.16823,41.422373],[2.16823,41.422373],[2.16823,41.422373],[2.16823,41.422364],[2.16823,41.422364],[2.168218,41.422364],[2.168218,41.422355],[2.168218,41.422355],[2.168218,41.422355],[2.168206,41.422355],[2.168206,41.422355],[2.168182,41.422355],[2.16817,41.422346],[2.16817,41.422346],[2.168146,41.422345],[2.168134,41.422345],[2.168134,41.422345],[2.168122,41.422345],[2.16811,41.422345],[2.168086,41.422345],[2.168063,41.422345],[2.168051,41.422345],[2.168039,41.422345],[2.168027,41.422345],[2.168015,41.422344],[2.168015,41.422344],[2.168003,41.422344],[2.167991,41.422344],[2.167979,41.422335],[2.167955,41.422335],[2.167943,41.422326],[2.167931,41.422326],[2.167919,41.422326],[2.167895,41.422317],[2.167883,41.422317],[2.167883,41.422308],[2.167872,41.422307],[2.16786,41.422298],[2.167848,41.422298],[2.167848,41.422298],[2.167836,41.422298],[2.167824,41.422298],[2.167812,41.422289],[2.1678,41.422289],[2.167788,41.422289],[2.167764,41.42228],[2.167728,41.42227],[2.167692,41.42227],[2.167669,41.422261],[2.167633,41.422261],[2.167609,41.422251],[2.167585,41.422251],[2.167549,41.422242],[2.167513,41.422233],[2.16749,41.422233],[2.167454,41.422223],[2.167442,41.422223],[2.167418,41.422223],[2.167406,41.422214],[2.167394,41.422214],[2.167382,41.422214],[2.167358,41.422205],[2.167346,41.422205],[2.167334,41.422204],[2.167334,41.422195],[2.167322,41.422195],[2.167311,41.422186],[2.167287,41.422177],[2.167275,41.422159],[2.167263,41.422159],[2.167251,41.42215],[2.167251,41.422141],[2.167239,41.422141],[2.167239,41.422141],[2.16724,41.422132],[2.167216,41.422123],[2.167168,41.422086],[2.167121,41.422014],[2.167087,41.421923],[2.16697,41.421679],[2.166829,41.42148],[2.166747,41.421381],[2.16664,41.42129],[2.166545,41.421262],[2.166473,41.42127],[2.166401,41.421279],[2.166148,41.421421],[2.16598,41.421465],[2.165727,41.421553],[2.165667,41.421562],[2.165607,41.42157],[2.165548,41.421561],[2.165464,41.421524],[2.165452,41.421515],[2.165453,41.421497],[2.165453,41.421488],[2.165441,41.421479],[2.165417,41.42147],[2.165405,41.421452],[2.165346,41.421415],[2.165227,41.421342],[2.165144,41.421288],[2.165132,41.421279],[2.165109,41.421252],[2.165097,41.421224],[2.165028,41.421017],[2.164994,41.420899],[2.164959,41.420773],[2.164912,41.42071],[2.164889,41.420691],[2.164877,41.420673],[2.164817,41.420646],[2.164716,41.420141],[2.164705,41.420087],[2.164896,41.420088],[2.165099,41.420108],[2.165446,41.420137],[2.16553,41.420147],[2.165745,41.420166],[2.165924,41.420177],[2.166032,41.420159],[2.166117,41.420097],[2.166177,41.420025],[2.166167,41.419935],[2.166132,41.4198],[2.166064,41.419529],[2.166041,41.419484],[2.166018,41.41943],[2.16597,41.419375],[2.165923,41.41933],[2.16584,41.419257],[2.16571,41.419175],[2.165638,41.419148],[2.165567,41.419129],[2.165423,41.419119],[2.1651,41.419126],[2.165064,41.419134],[2.165004,41.419143],[2.164956,41.41917],[2.164848,41.419169],[2.164848,41.419151],[2.164865,41.418782],[2.164854,41.418746],[2.164854,41.418737],[2.164926,41.418683],[2.164987,41.41862],[2.16506,41.418549],[2.16512,41.418504],[2.16518,41.418469],[2.165253,41.418433],[2.165325,41.418398],[2.165397,41.418371],[2.165469,41.418363],[2.165517,41.418363],[2.165564,41.418372],[2.165636,41.418391],[2.165719,41.41841],[2.165803,41.418428],[2.165887,41.418438],[2.165982,41.41843],[2.166042,41.418421],[2.166078,41.418421],[2.16615,41.418395],[2.166235,41.418368],[2.166307,41.418351],[2.166367,41.418333],[2.166462,41.418325],[2.166475,41.418316],[2.166475,41.418307],[2.166487,41.418289],[2.166487,41.41828],[2.166487,41.418262],[2.166475,41.418262],[2.166451,41.418253],[2.166416,41.418244],[2.166368,41.418234],[2.166284,41.418225],[2.166201,41.418224],[2.166105,41.418223],[2.166009,41.418214],[2.165985,41.418204],[2.165985,41.418204],[2.165974,41.418195],[2.165962,41.418177],[2.16595,41.418168],[2.16595,41.41815],[2.16595,41.418132],[2.165951,41.418114],[2.165951,41.418105],[2.165951,41.418096],[2.166035,41.418043],[2.16612,41.417998],[2.166228,41.417936],[2.166337,41.417874],[2.166361,41.417856],[2.166373,41.417847],[2.166409,41.417838],[2.166457,41.41782],[2.166493,41.417812],[2.166541,41.417812],[2.166589,41.417821],[2.166613,41.417822],[2.166624,41.417822],[2.166636,41.417831],[2.166672,41.417831],[2.166696,41.41784],[2.166756,41.417859],[2.166827,41.417877],[2.166839,41.417877],[2.166874,41.417923],[2.166898,41.417959],[2.166921,41.417995],[2.166944,41.418067],[2.166956,41.418112],[2.166955,41.418157],[2.166954,41.418229],[2.166941,41.418328],[2.166941,41.418364],[2.16694,41.418418],[2.166975,41.4185],[2.16701,41.418527],[2.167034,41.418536],[2.167058,41.418545],[2.167118,41.418564],[2.167177,41.418573],[2.167249,41.418574],[2.167357,41.418557],[2.167513,41.41854],[2.167573,41.41854],[2.167704,41.418541],[2.16774,41.418559],[2.167776,41.418569],[2.167811,41.418587],[2.167847,41.418614],[2.167871,41.418632],[2.167882,41.41865],[2.167906,41.418678],[2.167929,41.418705],[2.167929,41.418723],[2.167952,41.418777],[2.167976,41.418786],[2.167988,41.418795],[2.168107,41.418841],[2.168275,41.418851],[2.168382,41.418879],[2.168406,41.418879],[2.168418,41.41888],[2.16843,41.41888],[2.168454,41.418862],[2.16836,41.418735],[2.168266,41.418626],[2.168089,41.418382],[2.168066,41.418355],[2.16803,41.418336],[2.167982,41.418318],[2.167935,41.4183],[2.167863,41.418281],[2.167744,41.418244],[2.167673,41.41819],[2.167637,41.418144],[2.167614,41.418108],[2.167615,41.418054],[2.167618,41.417784],[2.167607,41.417748],[2.167595,41.417712],[2.16756,41.417675],[2.167489,41.417612],[2.167145,41.417357],[2.166955,41.417212],[2.166825,41.417103],[2.166778,41.417066],[2.16673,41.417039],[2.166623,41.416984],[2.166611,41.416975],[2.166457,41.416893],[2.166397,41.416865],[2.166207,41.416756],[2.1661,41.416692],[2.166246,41.416531],[2.166367,41.416406],[2.166464,41.416298],[2.166489,41.416271],[2.166658,41.416102],[2.166792,41.415967],[2.166889,41.415869],[2.166974,41.415771],[2.16718,41.415565],[2.167277,41.415448],[2.167634,41.415604],[2.167741,41.41565],[2.167848,41.415696],[2.167896,41.415714],[2.167979,41.415733],[2.168099,41.415752],[2.168194,41.415761],[2.168218,41.415762],[2.168254,41.415762],[2.168302,41.415753],[2.168374,41.415745],[2.168494,41.415727],[2.168626,41.41571],[2.168758,41.415693],[2.168794,41.415694],[2.168901,41.415676],[2.169033,41.415659],[2.169153,41.415642],[2.169333,41.415643],[2.169345,41.415589],[2.169358,41.415518],[2.169347,41.415445],[2.169336,41.415355],[2.169325,41.415274],[2.169325,41.415265],[2.169338,41.415202],[2.169351,41.415139],[2.169376,41.415067],[2.169413,41.414995],[2.169437,41.414942],[2.169462,41.414915],[2.16951,41.414861],[2.169571,41.414807],[2.169667,41.414736],[2.169764,41.414656],[2.1698,41.414629],[2.169945,41.414522],[2.170078,41.414406],[2.170139,41.41437],[2.170235,41.414299],[2.170344,41.414219],[2.170392,41.414183],[2.170453,41.414129],[2.170561,41.414058],[2.170815,41.413862],[2.170948,41.413755],[2.170997,41.41371],[2.171057,41.413665],[2.17125,41.413514],[2.17183,41.413076],[2.172434,41.412621],[2.172591,41.412505],[2.172652,41.412461],[2.172905,41.412264],[2.173026,41.412175],[2.173256,41.411997],[2.173377,41.411907],[2.173896,41.411506],[2.174331,41.411185],[2.175469,41.41204],[2.176642,41.412922],[2.176761,41.413013],[2.178823,41.414577],[2.178989,41.414704],[2.180186,41.415604],[2.180482,41.415832],[2.180404,41.416371],[2.18039,41.417479],[2.180487,41.418336],[2.18051,41.41839],[2.180567,41.418651],[2.180725,41.419382],[2.180827,41.419833],[2.180836,41.420032],[2.180798,41.420238],[2.180749,41.420355],[2.180663,41.420481],[2.180627,41.420516],[2.180469,41.420713],[2.180335,41.420857],[2.179765,41.421483]]]}},{"type":"Feature","properties":{"barri":"la Font d'en Fargues","districte":"Horta-Guinardó"},"geometry":{"type":"Polygon","coordinates":[[[2.171823,41.423993],[2.172516,41.425061],[2.172447,41.425754],[2.172353,41.426528],[2.171777,41.426686],[2.171008,41.426897],[2.170456,41.427046],[2.170228,41.427107],[2.169976,41.427178],[2.169712,41.42723],[2.167841,41.427495],[2.167434,41.427547],[2.16729,41.427564],[2.16693,41.427597],[2.165169,41.427773],[2.165001,41.427799],[2.164545,41.427868],[2.164425,41.427885],[2.164222,41.427911],[2.164018,41.427945],[2.163873,41.427989],[2.163801,41.428007],[2.163719,41.427934],[2.163385,41.427787],[2.162933,41.427568],[2.162505,41.427394],[2.16235,41.42733],[2.1621,41.427238],[2.162064,41.427228],[2.162052,41.427219],[2.161993,41.427201],[2.161683,41.427072],[2.161517,41.426999],[2.161362,41.426935],[2.161064,41.426807],[2.160969,41.42677],[2.160767,41.426678],[2.160481,41.426559],[2.160433,41.426541],[2.160362,41.426513],[2.160172,41.426431],[2.160052,41.426385],[2.159945,41.426339],[2.159933,41.426339],[2.159767,41.426284],[2.15954,41.426201],[2.159433,41.426164],[2.159362,41.426137],[2.159207,41.426082],[2.159147,41.426045],[2.159064,41.425999],[2.158957,41.425945],[2.158874,41.42589],[2.15885,41.425881],[2.158743,41.425817],[2.158589,41.425735],[2.158541,41.425698],[2.15834,41.425526],[2.158366,41.425409],[2.158429,41.425166],[2.158429,41.42513],[2.158442,41.425076],[2.158502,41.425005],[2.158515,41.424978],[2.158527,41.424942],[2.158552,41.424861],[2.158565,41.42478],[2.158579,41.424672],[2.158591,41.424609],[2.158592,41.424591],[2.15858,41.424537],[2.15857,41.424393],[2.158572,41.424275],[2.158597,41.424195],[2.158683,41.424015],[2.158782,41.423782],[2.158807,41.423701],[2.159004,41.423225],[2.158169,41.423029],[2.158297,41.422409],[2.158462,41.42169],[2.158487,41.421582],[2.158582,41.421591],[2.158666,41.421592],[2.158932,41.421432],[2.159124,41.421334],[2.159607,41.421932],[2.159619,41.42195],[2.159643,41.421959],[2.161362,41.422269],[2.162293,41.422447],[2.162626,41.421666],[2.163034,41.421615],[2.163082,41.421561],[2.163194,41.421274],[2.163268,41.421094],[2.163293,41.421022],[2.163388,41.421068],[2.163459,41.421113],[2.163507,41.421132],[2.163554,41.421141],[2.163614,41.421142],[2.16365,41.421142],[2.163722,41.421115],[2.163807,41.421071],[2.163939,41.420991],[2.163999,41.420964],[2.164072,41.420947],[2.164215,41.42093],[2.164491,41.420896],[2.164623,41.420879],[2.164827,41.420853],[2.164805,41.420709],[2.164817,41.420646],[2.164877,41.420673],[2.164889,41.420691],[2.164912,41.42071],[2.164959,41.420773],[2.164994,41.420899],[2.165028,41.421017],[2.165097,41.421224],[2.165109,41.421252],[2.165132,41.421279],[2.165144,41.421288],[2.165227,41.421342],[2.165346,41.421415],[2.165405,41.421452],[2.165417,41.42147],[2.165441,41.421479],[2.165453,41.421488],[2.165453,41.421497],[2.165452,41.421515],[2.165464,41.421524],[2.165548,41.421561],[2.165607,41.42157],[2.165667,41.421562],[2.165727,41.421553],[2.16598,41.421465],[2.166148,41.421421],[2.166401,41.421279],[2.166473,41.42127],[2.166545,41.421262],[2.16664,41.42129],[2.166747,41.421381],[2.166829,41.42148],[2.16697,41.421679],[2.167087,41.421923],[2.167121,41.422014],[2.167168,41.422086],[2.167216,41.422123],[2.16724,41.422132],[2.167239,41.422141],[2.167239,41.422141],[2.167251,41.422141],[2.167251,41.42215],[2.167263,41.422159],[2.167275,41.422159],[2.167287,41.422177],[2.167311,41.422186],[2.167322,41.422195],[2.167334,41.422195],[2.167334,41.422204],[2.167346,41.422205],[2.167358,41.422205],[2.167382,41.422214],[2.167394,41.422214],[2.167406,41.422214],[2.167418,41.422223],[2.167442,41.422223],[2.167454,41.422223],[2.16749,41.422233],[2.167513,41.422233],[2.167549,41.422242],[2.167585,41.422251],[2.167609,41.422251],[2.167633,41.422261],[2.167669,41.422261],[2.167692,41.42227],[2.167728,41.42227],[2.167764,41.42228],[2.167788,41.422289],[2.1678,41.422289],[2.167812,41.422289],[2.167824,41.422298],[2.167836,41.422298],[2.167848,41.422298],[2.167848,41.422298],[2.16786,41.422298],[2.167872,41.422307],[2.167883,41.422308],[2.167883,41.422317],[2.167895,41.422317],[2.167919,41.422326],[2.167931,41.422326],[2.167943,41.422326],[2.167955,41.422335],[2.167979,41.422335],[2.167991,41.422344],[2.168003,41.422344],[2.168015,41.422344],[2.168015,41.422344],[2.168027,41.422345],[2.168039,41.422345],[2.168051,41.422345],[2.168063,41.422345],[2.168086,41.422345],[2.16811,41.422345],[2.168122,41.422345],[2.168134,41.422345],[2.168134,41.422345],[2.168146,41.422345],[2.16817,41.422346],[2.16817,41.422346],[2.168182,41.422355],[2.168206,41.422355],[2.168206,41.422355],[2.168218,41.422355],[2.168218,41.422355],[2.168218,41.422355],[2.168218,41.422364],[2.16823,41.422364],[2.16823,41.422364],[2.16823,41.422373],[2.16823,41.422373],[2.16823,41.422373],[2.16823,41.422382],[2.16823,41.422382],[2.168229,41.422391],[2.168229,41.422391],[2.168229,41.4224],[2.168229,41.4224],[2.168229,41.422409],[2.168229,41.422409],[2.168217,41.422418],[2.168217,41.422418],[2.168217,41.422418],[2.168217,41.422418],[2.168205,41.422427],[2.168193,41.422436],[2.168181,41.422445],[2.168157,41.422454],[2.168145,41.422463],[2.168133,41.422462],[2.168121,41.422471],[2.168109,41.422471],[2.168109,41.42248],[2.168097,41.42248],[2.168097,41.42248],[2.168085,41.422489],[2.168073,41.422489],[2.168049,41.422489],[2.168049,41.422489],[2.168037,41.422498],[2.168025,41.422498],[2.168001,41.422498],[2.167989,41.422497],[2.167953,41.422497],[2.167917,41.422497],[2.167893,41.422497],[2.167881,41.422497],[2.167869,41.422497],[2.167833,41.422496],[2.167809,41.422496],[2.167773,41.422496],[2.16775,41.422487],[2.167738,41.422487],[2.167726,41.422487],[2.167714,41.422486],[2.167702,41.422486],[2.16769,41.422486],[2.167666,41.422486],[2.167642,41.422495],[2.16763,41.422495],[2.167618,41.422495],[2.167606,41.422495],[2.167594,41.422495],[2.167594,41.422495],[2.16757,41.422503],[2.167546,41.422503],[2.167522,41.422512],[2.167498,41.422512],[2.167486,41.422521],[2.167462,41.422521],[2.16745,41.422521],[2.167426,41.422529],[2.167402,41.422529],[2.16739,41.422538],[2.167366,41.422538],[2.167354,41.422538],[2.167342,41.422538],[2.167318,41.422547],[2.167306,41.422547],[2.167294,41.422546],[2.16727,41.422546],[2.167258,41.422546],[2.167234,41.422555],[2.167222,41.422555],[2.167222,41.422555],[2.167174,41.422555],[2.167126,41.422554],[2.167067,41.422554],[2.167019,41.422544],[2.167007,41.422544],[2.167007,41.422544],[2.166983,41.422544],[2.166983,41.422544],[2.166983,41.422544],[2.166971,41.422544],[2.166971,41.422544],[2.166971,41.422544],[2.166971,41.422544],[2.166959,41.422553],[2.166959,41.422553],[2.166959,41.422553],[2.166959,41.422553],[2.166959,41.422562],[2.166959,41.422562],[2.166959,41.422562],[2.166959,41.422562],[2.166959,41.422571],[2.166959,41.422571],[2.166959,41.422571],[2.166959,41.422571],[2.166971,41.422571],[2.166971,41.42258],[2.166982,41.42258],[2.166982,41.42258],[2.166994,41.422589],[2.166994,41.422589],[2.167006,41.422589],[2.167018,41.422598],[2.16703,41.422599],[2.16703,41.422599],[2.167042,41.422608],[2.167054,41.422608],[2.167066,41.422608],[2.167078,41.422617],[2.167114,41.422626],[2.167149,41.422635],[2.167173,41.422636],[2.167209,41.422645],[2.167233,41.422645],[2.167269,41.422654],[2.167293,41.422655],[2.167316,41.422664],[2.167328,41.422664],[2.167364,41.422673],[2.167376,41.422673],[2.167388,41.422682],[2.167412,41.422682],[2.167448,41.422692],[2.167472,41.422701],[2.167496,41.422701],[2.167507,41.42271],[2.167507,41.42271],[2.167519,41.42271],[2.167519,41.42271],[2.167531,41.422719],[2.167531,41.422719],[2.167543,41.422728],[2.167543,41.422728],[2.167555,41.422737],[2.167555,41.422746],[2.167567,41.422756],[2.167578,41.422765],[2.167578,41.422765],[2.16759,41.422774],[2.16759,41.422774],[2.167602,41.422783],[2.167614,41.422801],[2.167614,41.422801],[2.167626,41.42281],[2.167638,41.422819],[2.167661,41.422837],[2.167673,41.422864],[2.167685,41.422874],[2.167708,41.422892],[2.16772,41.422901],[2.167732,41.422919],[2.167744,41.422928],[2.167756,41.422946],[2.167767,41.422964],[2.167779,41.422982],[2.167791,41.423],[2.167803,41.42301],[2.167815,41.423019],[2.167826,41.423028],[2.167838,41.423046],[2.16785,41.423055],[2.16785,41.423064],[2.167862,41.423073],[2.167873,41.423091],[2.167885,41.423091],[2.167897,41.4231],[2.167909,41.423109],[2.167909,41.423118],[2.167921,41.423127],[2.167945,41.423146],[2.167956,41.423155],[2.167968,41.423164],[2.16798,41.423173],[2.16798,41.423173],[2.167992,41.423182],[2.168004,41.423191],[2.168016,41.4232],[2.168016,41.4232],[2.168028,41.4232],[2.168028,41.423209],[2.168028,41.423209],[2.16804,41.423209],[2.168051,41.423218],[2.168063,41.423219],[2.168087,41.423228],[2.168099,41.423228],[2.168111,41.423228],[2.168123,41.423228],[2.168135,41.423237],[2.168147,41.423237],[2.168171,41.423237],[2.168183,41.423237],[2.168195,41.423238],[2.168219,41.423238],[2.168243,41.423238],[2.168255,41.423238],[2.168278,41.423238],[2.16829,41.423238],[2.168314,41.423229],[2.168338,41.42323],[2.16835,41.42323],[2.168374,41.42323],[2.168386,41.423221],[2.168398,41.423221],[2.168434,41.423221],[2.16847,41.423212],[2.168518,41.423204],[2.168542,41.423195],[2.168578,41.423186],[2.168626,41.423178],[2.16865,41.423169],[2.168686,41.423169],[2.168722,41.42316],[2.168734,41.42316],[2.168746,41.42316],[2.168758,41.423152],[2.168782,41.423152],[2.168794,41.423152],[2.168818,41.423152],[2.168842,41.423152],[2.168866,41.423152],[2.168878,41.423152],[2.168902,41.423153],[2.168914,41.423153],[2.168926,41.423153],[2.168938,41.423162],[2.16895,41.423162],[2.168962,41.423162],[2.168974,41.423162],[2.168985,41.423171],[2.169009,41.423171],[2.169009,41.423171],[2.169021,41.42318],[2.169033,41.423181],[2.169045,41.423181],[2.169057,41.42319],[2.169081,41.423199],[2.169081,41.423199],[2.169093,41.423208],[2.169104,41.423217],[2.169116,41.423217],[2.169128,41.423226],[2.169128,41.423235],[2.16914,41.423244],[2.169164,41.423254],[2.169164,41.423263],[2.169176,41.423272],[2.169235,41.423326],[2.169282,41.423371],[2.169355,41.423318],[2.169439,41.423229],[2.169525,41.423112],[2.16961,41.42296],[2.169635,41.422906],[2.169648,41.422825],[2.169637,41.422726],[2.169043,41.421442],[2.16902,41.42137],[2.169033,41.421334],[2.169069,41.421271],[2.169142,41.421218],[2.169214,41.421182],[2.16931,41.421174],[2.169477,41.421184],[2.169643,41.421374],[2.170079,41.4219],[2.170209,41.422027],[2.170716,41.422616],[2.170975,41.422915],[2.171905,41.423174],[2.171823,41.423993]]]}},{"type":"Feature","properties":{"barri":"el Carmel","districte":"Horta-Guinardó"},"geometry":{"type":"Polygon","coordinates":[[[2.158462,41.42169],[2.158297,41.422409],[2.158169,41.423029],[2.159004,41.423225],[2.158807,41.423701],[2.158782,41.423782],[2.158683,41.424015],[2.158597,41.424195],[2.158572,41.424275],[2.15857,41.424393],[2.15858,41.424537],[2.158592,41.424591],[2.158591,41.424609],[2.158579,41.424672],[2.158565,41.42478],[2.158552,41.424861],[2.158527,41.424942],[2.158515,41.424978],[2.158502,41.425005],[2.158442,41.425076],[2.158429,41.42513],[2.158429,41.425166],[2.158366,41.425409],[2.15834,41.425526],[2.158289,41.42576],[2.158187,41.426263],[2.158125,41.42647],[2.158133,41.426767],[2.158042,41.427325],[2.157978,41.427604],[2.157954,41.427658],[2.157929,41.427694],[2.157866,41.42799],[2.157827,41.428179],[2.157789,41.428323],[2.157776,41.428422],[2.157763,41.428485],[2.157907,41.428504],[2.157905,41.428639],[2.157916,41.428747],[2.157914,41.428837],[2.157944,41.429333],[2.157467,41.429167],[2.157015,41.429011],[2.156526,41.428845],[2.156324,41.428772],[2.15618,41.428726],[2.156145,41.428707],[2.155966,41.428652],[2.155823,41.428597],[2.155668,41.428551],[2.155263,41.428386],[2.155014,41.428267],[2.154919,41.428212],[2.154729,41.428093],[2.154385,41.427857],[2.154302,41.427802],[2.154171,41.427702],[2.154124,41.427675],[2.154076,41.427647],[2.15391,41.427547],[2.153779,41.427474],[2.15366,41.42741],[2.153553,41.427355],[2.153529,41.427355],[2.15341,41.4273],[2.153268,41.427245],[2.153041,41.427153],[2.15291,41.427107],[2.152839,41.42708],[2.152708,41.427025],[2.152589,41.426979],[2.152458,41.426915],[2.152375,41.426878],[2.152292,41.426833],[2.152292,41.426833],[2.152208,41.426778],[2.152137,41.426723],[2.152078,41.426678],[2.151948,41.42656],[2.151913,41.426523],[2.151877,41.426505],[2.151818,41.426469],[2.151794,41.426451],[2.151758,41.426432],[2.151675,41.426405],[2.151556,41.426359],[2.15146,41.426331],[2.151329,41.426294],[2.15115,41.426257],[2.151126,41.426247],[2.150983,41.426228],[2.150816,41.4262],[2.150613,41.426181],[2.150433,41.426179],[2.150446,41.426143],[2.150446,41.426107],[2.150434,41.426071],[2.150698,41.426064],[2.150889,41.426057],[2.151069,41.426058],[2.151117,41.426058],[2.151344,41.426051],[2.151596,41.426053],[2.151703,41.426045],[2.151763,41.426045],[2.151919,41.426046],[2.151919,41.426001],[2.15192,41.425983],[2.151908,41.425983],[2.151908,41.425974],[2.151908,41.425974],[2.151908,41.425965],[2.151908,41.425965],[2.151908,41.425956],[2.151908,41.425956],[2.151908,41.42592],[2.151909,41.425911],[2.151909,41.425911],[2.151909,41.425911],[2.151909,41.425902],[2.151909,41.425902],[2.151909,41.425893],[2.151897,41.425875],[2.151897,41.425857],[2.151897,41.425857],[2.151897,41.425848],[2.151897,41.425848],[2.151898,41.425839],[2.151898,41.425839],[2.151898,41.42583],[2.151898,41.425812],[2.151898,41.425803],[2.151886,41.425794],[2.151886,41.425785],[2.151886,41.425785],[2.151886,41.425776],[2.151886,41.425776],[2.151887,41.425767],[2.151887,41.425731],[2.151887,41.425722],[2.151887,41.425704],[2.151887,41.425704],[2.151887,41.425695],[2.151876,41.425676],[2.151876,41.425667],[2.151876,41.425667],[2.151876,41.425667],[2.151876,41.425658],[2.151876,41.425649],[2.151876,41.425649],[2.151876,41.42564],[2.151877,41.425613],[2.151877,41.425604],[2.151877,41.425604],[2.151877,41.425604],[2.151877,41.425595],[2.151877,41.425595],[2.151877,41.425586],[2.151877,41.425577],[2.151865,41.425568],[2.151865,41.42555],[2.151866,41.425541],[2.151866,41.425541],[2.151866,41.425532],[2.151866,41.425532],[2.151866,41.425532],[2.151866,41.425505],[2.151866,41.425487],[2.151854,41.425478],[2.151854,41.425478],[2.151855,41.425469],[2.151855,41.42546],[2.151855,41.425415],[2.151855,41.425406],[2.151855,41.425397],[2.151856,41.425388],[2.151844,41.42537],[2.151844,41.425361],[2.151844,41.425352],[2.151844,41.425352],[2.151844,41.425343],[2.151844,41.425334],[2.151844,41.425334],[2.151844,41.425334],[2.151844,41.425325],[2.151845,41.425316],[2.151845,41.425307],[2.151845,41.425289],[2.151833,41.425271],[2.151822,41.425181],[2.152158,41.425138],[2.152278,41.425121],[2.152422,41.425113],[2.152482,41.425041],[2.152363,41.425005],[2.15228,41.424968],[2.152185,41.424922],[2.152078,41.424867],[2.151995,41.424813],[2.151828,41.424712],[2.151734,41.42464],[2.151639,41.424558],[2.151544,41.424467],[2.151474,41.424376],[2.151403,41.424295],[2.151321,41.424186],[2.15125,41.424069],[2.151215,41.424023],[2.151168,41.42396],[2.151133,41.42387],[2.151087,41.423779],[2.151063,41.423725],[2.15104,41.423653],[2.15103,41.423554],[2.151019,41.423427],[2.151021,41.423319],[2.151022,41.423265],[2.151022,41.423247],[2.151012,41.423112],[2.151001,41.422977],[2.151015,41.422869],[2.151004,41.422788],[2.151004,41.422743],[2.150993,41.422671],[2.150982,41.422589],[2.15096,41.42249],[2.150925,41.422409],[2.15089,41.422336],[2.150843,41.422246],[2.150761,41.42211],[2.150691,41.421984],[2.150645,41.421875],[2.150503,41.421721],[2.150244,41.42144],[2.150161,41.421349],[2.149984,41.421168],[2.149818,41.421004],[2.149771,41.42095],[2.149653,41.420832],[2.149606,41.420778],[2.149547,41.420723],[2.149511,41.420687],[2.149488,41.420669],[2.149488,41.42066],[2.149488,41.420633],[2.149489,41.420606],[2.149489,41.420606],[2.149276,41.42037],[2.149408,41.420362],[2.149635,41.420355],[2.149899,41.420329],[2.150151,41.420304],[2.150211,41.420296],[2.150426,41.42027],[2.15069,41.420245],[2.150954,41.420202],[2.151121,41.420194],[2.151325,41.420178],[2.151481,41.42017],[2.151744,41.420172],[2.151768,41.420145],[2.151677,41.41982],[2.151669,41.419514],[2.151647,41.419334],[2.151567,41.419072],[2.151521,41.418936],[2.151344,41.418692],[2.15125,41.418574],[2.151155,41.418501],[2.15105,41.418329],[2.151015,41.418266],[2.150992,41.418203],[2.150934,41.418076],[2.150911,41.417995],[2.150899,41.417959],[2.150878,41.417779],[2.150878,41.417752],[2.15089,41.417716],[2.150903,41.41768],[2.150927,41.417653],[2.150952,41.417617],[2.150988,41.41759],[2.151036,41.417564],[2.151325,41.417422],[2.151421,41.417377],[2.151422,41.417287],[2.151483,41.417261],[2.151591,41.417243],[2.151675,41.417208],[2.151771,41.417137],[2.151844,41.417074],[2.151881,41.417002],[2.15193,41.416904],[2.152661,41.416819],[2.152697,41.41681],[2.152721,41.41681],[2.15283,41.416703],[2.152939,41.416623],[2.152939,41.416623],[2.15318,41.416462],[2.153229,41.416418],[2.153422,41.416257],[2.153604,41.416096],[2.153604,41.416078],[2.153616,41.416069],[2.153882,41.415846],[2.154161,41.415605],[2.154161,41.415605],[2.154523,41.415346],[2.154656,41.415221],[2.154825,41.415141],[2.154861,41.415124],[2.15503,41.414981],[2.155102,41.414945],[2.155222,41.414928],[2.15533,41.414947],[2.155377,41.414965],[2.155424,41.415047],[2.155424,41.415056],[2.155436,41.415065],[2.155459,41.415119],[2.155543,41.415111],[2.155555,41.415102],[2.155651,41.415102],[2.155543,41.415111],[2.155495,41.41511],[2.155375,41.415155],[2.155254,41.415235],[2.155181,41.415342],[2.155156,41.415468],[2.15519,41.415604],[2.155261,41.415667],[2.155356,41.415731],[2.155463,41.415768],[2.155725,41.41586],[2.155868,41.415915],[2.15601,41.415979],[2.156117,41.416052],[2.156176,41.416115],[2.156329,41.41635],[2.156434,41.416531],[2.156504,41.416649],[2.156527,41.416721],[2.156538,41.416802],[2.156538,41.416811],[2.156525,41.416919],[2.156451,41.417072],[2.156377,41.417261],[2.156364,41.417315],[2.156363,41.417369],[2.156375,41.417405],[2.156445,41.41754],[2.15654,41.417613],[2.157028,41.417806],[2.157195,41.417816],[2.157375,41.417772],[2.15758,41.417639],[2.15816,41.417211],[2.158535,41.416925],[2.15862,41.416827],[2.158742,41.41662],[2.158827,41.41654],[2.158947,41.416505],[2.159067,41.416515],[2.159161,41.416596],[2.15916,41.416686],[2.159063,41.416785],[2.158919,41.416865],[2.158738,41.416936],[2.158821,41.416999],[2.159306,41.417462],[2.159448,41.417598],[2.159519,41.417671],[2.15959,41.417716],[2.159661,41.417753],[2.159733,41.417781],[2.159828,41.417808],[2.159923,41.417818],[2.160019,41.41781],[2.160031,41.41781],[2.160139,41.417793],[2.160235,41.417766],[2.160356,41.417713],[2.160512,41.417633],[2.16056,41.417606],[2.160681,41.417553],[2.160849,41.417473],[2.160873,41.417465],[2.160885,41.417492],[2.160897,41.417501],[2.160897,41.417519],[2.160897,41.417519],[2.160897,41.417519],[2.160896,41.417528],[2.160908,41.417528],[2.160908,41.417528],[2.160908,41.417537],[2.160908,41.417537],[2.160908,41.417537],[2.160908,41.417537],[2.160908,41.417546],[2.160908,41.417546],[2.160908,41.417546],[2.160908,41.417546],[2.160908,41.417546],[2.160908,41.417555],[2.16092,41.417555],[2.16092,41.417555],[2.16092,41.417555],[2.16092,41.417564],[2.16092,41.417564],[2.16092,41.417564],[2.16092,41.417564],[2.16092,41.417573],[2.16092,41.417573],[2.16092,41.417573],[2.160932,41.417582],[2.160932,41.417582],[2.160932,41.417582],[2.160932,41.417582],[2.160932,41.417591],[2.160932,41.417591],[2.160932,41.417591],[2.160932,41.417591],[2.160931,41.4176],[2.160931,41.4176],[2.160943,41.417609],[2.160943,41.417609],[2.160943,41.417609],[2.160943,41.417618],[2.160943,41.417618],[2.160943,41.417618],[2.160943,41.417618],[2.160943,41.417618],[2.160943,41.417627],[2.160943,41.417627],[2.160955,41.417645],[2.160966,41.417672],[2.160966,41.417681],[2.160978,41.4177],[2.160978,41.4177],[2.160978,41.417709],[2.160978,41.417709],[2.160978,41.417709],[2.160966,41.417709],[2.160966,41.417718],[2.160954,41.417726],[2.160941,41.417753],[2.160941,41.417753],[2.160941,41.417753],[2.160941,41.417762],[2.160941,41.417762],[2.160941,41.417762],[2.160941,41.417762],[2.160941,41.417762],[2.160941,41.417771],[2.160941,41.417771],[2.160941,41.417771],[2.160941,41.417771],[2.160941,41.41778],[2.160929,41.41778],[2.160929,41.41778],[2.160929,41.41778],[2.160929,41.417789],[2.160929,41.417798],[2.160929,41.417798],[2.160881,41.417816],[2.160857,41.417834],[2.160857,41.417834],[2.160845,41.417834],[2.160821,41.417843],[2.160785,41.41786],[2.160785,41.41786],[2.160772,41.417869],[2.16076,41.417869],[2.160748,41.417878],[2.160748,41.417878],[2.160736,41.417878],[2.160688,41.417905],[2.160688,41.417905],[2.160688,41.417914],[2.160712,41.417923],[2.160759,41.417986],[2.160771,41.418013],[2.160794,41.418032],[2.160794,41.418041],[2.160794,41.418041],[2.160806,41.41805],[2.160806,41.41805],[2.160806,41.41805],[2.160806,41.41805],[2.160806,41.41805],[2.160806,41.41805],[2.160806,41.418059],[2.160806,41.418059],[2.160806,41.418059],[2.160806,41.418059],[2.160806,41.418059],[2.160806,41.418059],[2.160818,41.418059],[2.160818,41.418068],[2.160818,41.418068],[2.160818,41.418068],[2.160818,41.418068],[2.160818,41.418077],[2.160818,41.418077],[2.16083,41.418077],[2.16083,41.418077],[2.16083,41.418077],[2.16083,41.418077],[2.160829,41.418086],[2.160829,41.418086],[2.160829,41.418086],[2.160829,41.418086],[2.160829,41.418086],[2.160829,41.418086],[2.160829,41.418086],[2.160841,41.418095],[2.160841,41.418095],[2.160841,41.418095],[2.160841,41.418095],[2.160841,41.418095],[2.160841,41.418095],[2.160841,41.418104],[2.160841,41.418104],[2.160853,41.418104],[2.160853,41.418104],[2.160853,41.418104],[2.160853,41.418104],[2.160853,41.418104],[2.160853,41.418113],[2.160853,41.418113],[2.160853,41.418113],[2.160853,41.418113],[2.160853,41.418122],[2.160865,41.418122],[2.160865,41.418122],[2.160865,41.418122],[2.160865,41.418122],[2.160865,41.418122],[2.160865,41.418131],[2.160865,41.418131],[2.160865,41.418131],[2.160865,41.418131],[2.160877,41.418131],[2.160877,41.418131],[2.160877,41.41814],[2.160877,41.41814],[2.160877,41.41814],[2.160877,41.41814],[2.160877,41.41814],[2.160877,41.41814],[2.160877,41.41814],[2.160877,41.418149],[2.160888,41.418149],[2.160888,41.418149],[2.160888,41.418149],[2.160888,41.418158],[2.160888,41.418158],[2.160888,41.418158],[2.160888,41.418158],[2.160791,41.418266],[2.160815,41.418302],[2.160815,41.418293],[2.160827,41.418293],[2.160827,41.418293],[2.160827,41.418293],[2.160887,41.418275],[2.160935,41.418267],[2.160971,41.418258],[2.160995,41.418258],[2.161007,41.418249],[2.161031,41.418249],[2.161055,41.41825],[2.161055,41.41825],[2.161067,41.418259],[2.161079,41.418259],[2.161079,41.418259],[2.161102,41.418259],[2.161102,41.418259],[2.161126,41.418268],[2.161138,41.418277],[2.16115,41.418277],[2.161162,41.418277],[2.161174,41.418286],[2.161198,41.418296],[2.161198,41.418296],[2.161198,41.418296],[2.161198,41.418305],[2.161198,41.418305],[2.161209,41.418314],[2.161209,41.418314],[2.161209,41.418323],[2.161209,41.418323],[2.161209,41.418332],[2.161209,41.418332],[2.161209,41.418341],[2.161209,41.418341],[2.161221,41.41835],[2.161221,41.41835],[2.161221,41.418359],[2.161221,41.418359],[2.161221,41.418359],[2.161221,41.418368],[2.161221,41.418368],[2.161221,41.418377],[2.161221,41.418377],[2.161232,41.418386],[2.161232,41.418386],[2.161232,41.418395],[2.161232,41.418395],[2.161232,41.418395],[2.161232,41.418404],[2.161232,41.418404],[2.161232,41.418413],[2.161256,41.41844],[2.161256,41.418449],[2.161256,41.418449],[2.161255,41.418458],[2.161255,41.418458],[2.161255,41.418467],[2.161267,41.418467],[2.161267,41.418467],[2.161267,41.418476],[2.161267,41.418476],[2.161267,41.418485],[2.161267,41.418494],[2.16129,41.41854],[2.161302,41.418549],[2.161302,41.418567],[2.161314,41.418567],[2.161349,41.41863],[2.161349,41.41863],[2.161361,41.418639],[2.161396,41.418693],[2.161431,41.41873],[2.161431,41.41873],[2.161443,41.418748],[2.161502,41.418793],[2.161514,41.418802],[2.161538,41.418821],[2.161538,41.418821],[2.161538,41.41883],[2.16155,41.41883],[2.16155,41.418839],[2.16155,41.418839],[2.16155,41.418839],[2.161562,41.418848],[2.161585,41.418857],[2.161585,41.418866],[2.161597,41.418875],[2.161609,41.418884],[2.161621,41.418902],[2.161645,41.418911],[2.161645,41.418911],[2.161645,41.418911],[2.161644,41.41892],[2.161644,41.41892],[2.161644,41.41892],[2.161644,41.41892],[2.161632,41.418929],[2.161632,41.418929],[2.16162,41.418929],[2.16162,41.418929],[2.16162,41.418929],[2.161608,41.418929],[2.161608,41.418929],[2.161596,41.418929],[2.161572,41.418929],[2.161561,41.418929],[2.161561,41.418929],[2.161561,41.418929],[2.161549,41.418929],[2.161549,41.418929],[2.161536,41.418938],[2.161536,41.418938],[2.161525,41.418938],[2.161525,41.418938],[2.161513,41.418938],[2.161513,41.418938],[2.1615,41.418946],[2.161453,41.418937],[2.161357,41.418918],[2.161309,41.418918],[2.161286,41.418909],[2.161285,41.418927],[2.161285,41.418927],[2.161285,41.418936],[2.161285,41.418936],[2.161285,41.418945],[2.161285,41.418945],[2.161285,41.418954],[2.161285,41.418954],[2.161285,41.418963],[2.161285,41.418963],[2.161273,41.418972],[2.161273,41.418972],[2.161273,41.418981],[2.161273,41.418981],[2.161273,41.41899],[2.161273,41.41899],[2.161272,41.418999],[2.161284,41.419008],[2.161296,41.419017],[2.16132,41.419017],[2.16132,41.419035],[2.16132,41.419044],[2.16132,41.419044],[2.16132,41.419053],[2.161308,41.419053],[2.161308,41.419062],[2.161308,41.419062],[2.161331,41.419071],[2.161331,41.419071],[2.161331,41.41908],[2.161367,41.419099],[2.161367,41.419099],[2.161343,41.419125],[2.161343,41.419125],[2.161331,41.419134],[2.16133,41.419152],[2.16133,41.419179],[2.16133,41.419188],[2.16133,41.419206],[2.161342,41.419206],[2.161353,41.419216],[2.161377,41.419225],[2.161389,41.419216],[2.161425,41.419207],[2.161461,41.419198],[2.161521,41.419199],[2.161557,41.419208],[2.161581,41.419208],[2.161605,41.419208],[2.161617,41.419208],[2.1617,41.419236],[2.161712,41.419236],[2.161712,41.419245],[2.161712,41.419245],[2.161712,41.419245],[2.161724,41.419245],[2.161724,41.419245],[2.161724,41.419245],[2.161724,41.419245],[2.161724,41.419254],[2.161736,41.419254],[2.161748,41.419254],[2.161748,41.419254],[2.161748,41.419263],[2.16176,41.419264],[2.161772,41.419264],[2.161807,41.419282],[2.161819,41.419291],[2.161879,41.419318],[2.161986,41.419355],[2.162021,41.419374],[2.162069,41.419401],[2.162081,41.419401],[2.162081,41.419401],[2.162093,41.41941],[2.162093,41.41941],[2.162105,41.41941],[2.162105,41.419419],[2.162117,41.419419],[2.162117,41.419419],[2.162176,41.419447],[2.162259,41.419483],[2.16226,41.419465],[2.162272,41.419465],[2.162284,41.419466],[2.162331,41.419475],[2.162343,41.419484],[2.162367,41.419484],[2.162367,41.419484],[2.162473,41.419593],[2.162497,41.41962],[2.162509,41.419638],[2.162521,41.419647],[2.162521,41.419647],[2.162521,41.419647],[2.162544,41.419675],[2.162556,41.419693],[2.162603,41.419738],[2.162603,41.419747],[2.162615,41.419756],[2.162615,41.419765],[2.162639,41.419774],[2.162638,41.419783],[2.162638,41.419792],[2.16265,41.419792],[2.162674,41.419811],[2.162662,41.41982],[2.162662,41.41982],[2.16259,41.419846],[2.162566,41.419864],[2.162566,41.419864],[2.162506,41.419882],[2.162506,41.419882],[2.162325,41.419943],[2.162313,41.419952],[2.162277,41.419961],[2.162265,41.419961],[2.162193,41.419978],[2.162121,41.419996],[2.162085,41.419996],[2.162049,41.420004],[2.161989,41.420004],[2.161966,41.419995],[2.161906,41.419985],[2.161882,41.419976],[2.161882,41.419976],[2.16187,41.419967],[2.16187,41.419967],[2.161858,41.419967],[2.161858,41.419958],[2.161679,41.419939],[2.161679,41.419948],[2.161691,41.419957],[2.161691,41.419975],[2.161714,41.419984],[2.16175,41.419993],[2.161929,41.420048],[2.162179,41.420122],[2.162311,41.420114],[2.162491,41.42008],[2.162695,41.420018],[2.162816,41.419974],[2.16302,41.41993],[2.16308,41.419913],[2.163259,41.419905],[2.163438,41.419924],[2.163653,41.419953],[2.163881,41.419973],[2.164084,41.419983],[2.164323,41.420003],[2.164478,41.420004],[2.164706,41.419988],[2.164897,41.419998],[2.165113,41.420018],[2.165208,41.420054],[2.165446,41.420137],[2.165099,41.420108],[2.164896,41.420088],[2.164705,41.420087],[2.164716,41.420141],[2.164817,41.420646],[2.164805,41.420709],[2.164827,41.420853],[2.164623,41.420879],[2.164491,41.420896],[2.164215,41.42093],[2.164072,41.420947],[2.163999,41.420964],[2.163939,41.420991],[2.163807,41.421071],[2.163722,41.421115],[2.16365,41.421142],[2.163614,41.421142],[2.163554,41.421141],[2.163507,41.421132],[2.163459,41.421113],[2.163388,41.421068],[2.163293,41.421022],[2.163268,41.421094],[2.163194,41.421274],[2.163082,41.421561],[2.163034,41.421615],[2.162626,41.421666],[2.162293,41.422447],[2.161362,41.422269],[2.159643,41.421959],[2.159619,41.42195],[2.159607,41.421932],[2.159124,41.421334],[2.158932,41.421432],[2.158666,41.421592],[2.158582,41.421591],[2.158487,41.421582],[2.158462,41.42169]]]}},{"type":"Feature","properties":{"barri":"la Teixonera","districte":"Horta-Guinardó"},"geometry":{"type":"Polygon","coordinates":[[[2.151403,41.424295],[2.151474,41.424376],[2.151544,41.424467],[2.151639,41.424558],[2.151734,41.42464],[2.151828,41.424712],[2.151995,41.424813],[2.152078,41.424867],[2.152185,41.424922],[2.15228,41.424968],[2.152363,41.425005],[2.152482,41.425041],[2.152422,41.425113],[2.152278,41.425121],[2.152158,41.425138],[2.151822,41.425181],[2.151833,41.425271],[2.151845,41.425289],[2.151845,41.425307],[2.151845,41.425316],[2.151844,41.425325],[2.151844,41.425334],[2.151844,41.425334],[2.151844,41.425334],[2.151844,41.425343],[2.151844,41.425352],[2.151844,41.425352],[2.151844,41.425361],[2.151844,41.42537],[2.151856,41.425388],[2.151855,41.425397],[2.151855,41.425406],[2.151855,41.425415],[2.151855,41.42546],[2.151855,41.425469],[2.151854,41.425478],[2.151854,41.425478],[2.151866,41.425487],[2.151866,41.425505],[2.151866,41.425532],[2.151866,41.425532],[2.151866,41.425532],[2.151866,41.425541],[2.151866,41.425541],[2.151865,41.42555],[2.151865,41.425568],[2.151877,41.425577],[2.151877,41.425586],[2.151877,41.425595],[2.151877,41.425595],[2.151877,41.425604],[2.151877,41.425604],[2.151877,41.425604],[2.151877,41.425613],[2.151876,41.42564],[2.151876,41.425649],[2.151876,41.425649],[2.151876,41.425658],[2.151876,41.425667],[2.151876,41.425667],[2.151876,41.425667],[2.151876,41.425676],[2.151887,41.425695],[2.151887,41.425704],[2.151887,41.425704],[2.151887,41.425722],[2.151887,41.425731],[2.151887,41.425767],[2.151886,41.425776],[2.151886,41.425776],[2.151886,41.425785],[2.151886,41.425785],[2.151886,41.425794],[2.151898,41.425803],[2.151898,41.425812],[2.151898,41.42583],[2.151898,41.425839],[2.151898,41.425839],[2.151897,41.425848],[2.151897,41.425848],[2.151897,41.425857],[2.151897,41.425857],[2.151897,41.425875],[2.151909,41.425893],[2.151909,41.425902],[2.151909,41.425902],[2.151909,41.425911],[2.151909,41.425911],[2.151909,41.425911],[2.151908,41.42592],[2.151908,41.425956],[2.151908,41.425956],[2.151908,41.425965],[2.151908,41.425965],[2.151908,41.425974],[2.151908,41.425974],[2.151908,41.425983],[2.15192,41.425983],[2.151919,41.426001],[2.151919,41.426046],[2.151763,41.426045],[2.151703,41.426045],[2.151596,41.426053],[2.151344,41.426051],[2.151117,41.426058],[2.151069,41.426058],[2.150889,41.426057],[2.150698,41.426064],[2.150434,41.426071],[2.150423,41.426026],[2.150412,41.42599],[2.150376,41.425945],[2.150341,41.425908],[2.150293,41.425872],[2.150246,41.425845],[2.150175,41.425817],[2.150103,41.425799],[2.150007,41.42578],[2.149853,41.425725],[2.149662,41.42566],[2.149543,41.425614],[2.149472,41.425578],[2.1494,41.42555],[2.149281,41.425495],[2.149162,41.425431],[2.149044,41.425358],[2.148984,41.425322],[2.148925,41.425285],[2.148842,41.425222],[2.148676,41.425094],[2.148605,41.42504],[2.148546,41.425003],[2.148427,41.424912],[2.148273,41.424812],[2.148118,41.424721],[2.148071,41.424694],[2.148011,41.424666],[2.147952,41.42463],[2.147893,41.424602],[2.147845,41.424575],[2.147786,41.424547],[2.147726,41.424529],[2.147667,41.424501],[2.147476,41.424428],[2.147286,41.424355],[2.147107,41.424308],[2.146844,41.424252],[2.146605,41.424223],[2.146378,41.424204],[2.146055,41.424228],[2.145767,41.424271],[2.145647,41.424297],[2.144962,41.424472],[2.144807,41.42448],[2.144615,41.424479],[2.144364,41.424468],[2.144197,41.42444],[2.144041,41.424429],[2.143862,41.424419],[2.143623,41.424426],[2.143443,41.424434],[2.143323,41.42446],[2.143107,41.424522],[2.142794,41.424645],[2.142626,41.424707],[2.142325,41.424786],[2.142325,41.424786],[2.142255,41.42465],[2.142033,41.424279],[2.141811,41.423899],[2.141752,41.423773],[2.141647,41.423601],[2.141449,41.423176],[2.141251,41.422769],[2.141065,41.422363],[2.14082,41.421856],[2.140808,41.421847],[2.140669,41.42154],[2.140459,41.421097],[2.140816,41.421253],[2.141722,41.42153],[2.141841,41.421558],[2.141997,41.42155],[2.142105,41.421515],[2.142202,41.421452],[2.142214,41.421443],[2.143084,41.420774],[2.143447,41.420489],[2.143604,41.420364],[2.143665,41.420319],[2.143894,41.420141],[2.144025,41.420196],[2.14431,41.420387],[2.144523,41.420533],[2.144712,41.420732],[2.144819,41.420787],[2.145141,41.420889],[2.146979,41.421263],[2.1478,41.421593],[2.149331,41.42164],[2.149475,41.421641],[2.14949,41.42138],[2.14949,41.42138],[2.149484,41.42093],[2.149488,41.42066],[2.149488,41.420669],[2.149511,41.420687],[2.149547,41.420723],[2.149606,41.420778],[2.149653,41.420832],[2.149771,41.42095],[2.149818,41.421004],[2.149984,41.421168],[2.150161,41.421349],[2.150244,41.42144],[2.150503,41.421721],[2.150645,41.421875],[2.150691,41.421984],[2.150761,41.42211],[2.150843,41.422246],[2.15089,41.422336],[2.150925,41.422409],[2.15096,41.42249],[2.150982,41.422589],[2.150993,41.422671],[2.151004,41.422743],[2.151004,41.422788],[2.151015,41.422869],[2.151001,41.422977],[2.151012,41.423112],[2.151022,41.423247],[2.151022,41.423265],[2.151021,41.423319],[2.151019,41.423427],[2.15103,41.423554],[2.15104,41.423653],[2.151063,41.423725],[2.151087,41.423779],[2.151133,41.42387],[2.151168,41.42396],[2.151215,41.424023],[2.15125,41.424069],[2.151321,41.424186],[2.151403,41.424295]]]}},{"type":"Feature","properties":{"barri":"Sant Genís dels Agudells","districte":"Horta-Guinardó"},"geometry":{"type":"Polygon","coordinates":[[[2.134646,41.431691],[2.13461,41.4317],[2.134562,41.431709],[2.134395,41.431725],[2.134394,41.431734],[2.134406,41.431744],[2.134406,41.431753],[2.134406,41.431762],[2.134418,41.431771],[2.134418,41.43178],[2.134418,41.431798],[2.134429,41.431807],[2.134429,41.431816],[2.134429,41.431825],[2.134429,41.431834],[2.134441,41.431852],[2.134441,41.431861],[2.134441,41.43187],[2.13444,41.431879],[2.13444,41.431888],[2.13444,41.431906],[2.13444,41.431915],[2.13444,41.431924],[2.13444,41.431933],[2.13444,41.431942],[2.134439,41.431951],[2.134439,41.43196],[2.134439,41.431978],[2.134439,41.431987],[2.134439,41.431996],[2.134439,41.432005],[2.134439,41.432014],[2.134439,41.432023],[2.134439,41.432023],[2.134426,41.432032],[2.134426,41.432041],[2.134426,41.43205],[2.134426,41.432059],[2.134426,41.432068],[2.134414,41.432077],[2.134414,41.432086],[2.134414,41.432095],[2.134414,41.432095],[2.134402,41.432104],[2.134401,41.432113],[2.134401,41.432122],[2.134389,41.432131],[2.134389,41.43214],[2.134377,41.432149],[2.134377,41.432158],[2.134377,41.432167],[2.13434,41.432211],[2.134304,41.432256],[2.134291,41.432292],[2.134267,41.432328],[2.134243,41.432355],[2.13423,41.432391],[2.134206,41.432418],[2.134181,41.432453],[2.134169,41.43248],[2.134145,41.432516],[2.13412,41.432552],[2.13412,41.432561],[2.134108,41.43257],[2.134108,41.432579],[2.134096,41.432597],[2.134096,41.432606],[2.134084,41.432615],[2.134083,41.432633],[2.134083,41.432642],[2.134071,41.432651],[2.134071,41.432669],[2.134059,41.432678],[2.134059,41.432687],[2.134058,41.432705],[2.134058,41.432714],[2.134046,41.432723],[2.134046,41.432741],[2.134046,41.43275],[2.134046,41.432768],[2.134045,41.432777],[2.134045,41.432786],[2.134033,41.432795],[2.134033,41.432813],[2.134033,41.432813],[2.134033,41.432822],[2.134033,41.432831],[2.134033,41.43284],[2.134032,41.432858],[2.134032,41.432867],[2.134032,41.432876],[2.134032,41.432885],[2.134044,41.432903],[2.134044,41.432912],[2.134044,41.432921],[2.134043,41.43293],[2.134043,41.432948],[2.134043,41.432957],[2.134055,41.432966],[2.134055,41.432975],[2.134055,41.432993],[2.134054,41.433002],[2.134066,41.433011],[2.134066,41.43302],[2.134066,41.433038],[2.134078,41.433047],[2.134078,41.433056],[2.134089,41.433074],[2.134089,41.433083],[2.134101,41.433092],[2.134101,41.433101],[2.134113,41.43311],[2.134113,41.433128],[2.134124,41.433138],[2.134124,41.433147],[2.134136,41.433156],[2.134136,41.433165],[2.134148,41.433183],[2.13416,41.433192],[2.13416,41.433201],[2.134183,41.433219],[2.134195,41.433237],[2.134207,41.433255],[2.134218,41.433282],[2.134242,41.433301],[2.134254,41.433319],[2.134265,41.433337],[2.13443,41.433545],[2.134512,41.433663],[2.134607,41.433781],[2.134618,41.433808],[2.134618,41.433835],[2.13463,41.433862],[2.134629,41.433898],[2.134629,41.433925],[2.134616,41.433952],[2.134616,41.433979],[2.134604,41.434015],[2.134579,41.434033],[2.134567,41.43406],[2.134543,41.434077],[2.134531,41.434086],[2.134507,41.434095],[2.134495,41.434104],[2.134483,41.434113],[2.134446,41.434131],[2.134422,41.43414],[2.134386,41.434148],[2.134362,41.434148],[2.134338,41.434157],[2.134326,41.434157],[2.134302,41.434157],[2.134279,41.434157],[2.134255,41.434156],[2.134231,41.434156],[2.134219,41.434147],[2.134195,41.434147],[2.134171,41.434138],[2.134147,41.434138],[2.134135,41.434128],[2.134111,41.434119],[2.1341,41.43411],[2.134076,41.434101],[2.134064,41.434092],[2.13404,41.434065],[2.134017,41.434046],[2.134005,41.434019],[2.133981,41.434001],[2.13397,41.433974],[2.133946,41.433947],[2.133934,41.433929],[2.133923,41.433902],[2.133831,41.433595],[2.133751,41.433333],[2.133739,41.433297],[2.133705,41.433188],[2.13367,41.433098],[2.133659,41.433044],[2.133648,41.43299],[2.133636,41.432936],[2.133625,41.432891],[2.133626,41.432837],[2.133626,41.432791],[2.133627,41.432737],[2.13364,41.432693],[2.133652,41.432639],[2.133665,41.432612],[2.133677,41.432558],[2.133702,41.432504],[2.133727,41.43245],[2.133763,41.432387],[2.1338,41.432306],[2.133825,41.432262],[2.133849,41.432226],[2.13385,41.432208],[2.133862,41.432199],[2.133862,41.43219],[2.133874,41.432181],[2.133874,41.432172],[2.133874,41.432154],[2.133886,41.432145],[2.133886,41.432136],[2.133887,41.432127],[2.133899,41.432118],[2.133899,41.4321],[2.133899,41.432091],[2.133899,41.432082],[2.133899,41.432073],[2.133899,41.432064],[2.133899,41.432055],[2.1339,41.432046],[2.1339,41.432037],[2.1339,41.432028],[2.1339,41.432019],[2.1339,41.43201],[2.1339,41.432001],[2.1339,41.431983],[2.133901,41.431974],[2.133901,41.431974],[2.133901,41.431965],[2.133901,41.431956],[2.133901,41.431947],[2.133889,41.431938],[2.133889,41.431929],[2.133889,41.431929],[2.133889,41.43192],[2.133877,41.431911],[2.133878,41.431902],[2.133878,41.431893],[2.133878,41.431893],[2.133866,41.431884],[2.133866,41.431875],[2.133866,41.431866],[2.133854,41.431865],[2.133854,41.431856],[2.133842,41.431847],[2.133843,41.431838],[2.133831,41.431829],[2.133831,41.431829],[2.133819,41.43182],[2.133819,41.431811],[2.133807,41.431811],[2.133807,41.431802],[2.133795,41.431793],[2.133783,41.431793],[2.133783,41.431784],[2.133772,41.431775],[2.13376,41.431775],[2.13376,41.431766],[2.133724,41.431747],[2.133724,41.431747],[2.133688,41.431729],[2.133665,41.431711],[2.133629,41.431702],[2.133605,41.431692],[2.133569,41.431683],[2.133534,41.431674],[2.133498,41.431674],[2.133474,41.431673],[2.133438,41.431673],[2.133402,41.431673],[2.133366,41.431673],[2.133342,41.431672],[2.133282,41.43169],[2.133234,41.431699],[2.133186,41.431716],[2.13303,41.431769],[2.132885,41.431813],[2.132681,41.431884],[2.132549,41.431928],[2.132513,41.431936],[2.132465,41.431954],[2.132417,41.431963],[2.132369,41.431971],[2.132321,41.431971],[2.132273,41.43198],[2.132237,41.431979],[2.132189,41.43197],[2.132153,41.43197],[2.132153,41.43197],[2.132117,41.43196],[2.13207,41.431951],[2.132034,41.431933],[2.131998,41.431924],[2.131951,41.431896],[2.131891,41.431878],[2.131796,41.431832],[2.131701,41.431777],[2.131594,41.431722],[2.131558,41.431704],[2.131523,41.431686],[2.131475,41.431676],[2.131439,41.431658],[2.131391,41.431649],[2.131344,41.431639],[2.131296,41.43163],[2.131248,41.431621],[2.1312,41.43162],[2.131152,41.43162],[2.131117,41.43162],[2.131105,41.43162],[2.131057,41.431628],[2.130961,41.431636],[2.130841,41.431663],[2.130769,41.43168],[2.130673,41.431697],[2.13018,41.43182],[2.130132,41.431837],[2.130084,41.431846],[2.130036,41.431855],[2.129988,41.431863],[2.129928,41.431863],[2.129893,41.431863],[2.12988,41.431871],[2.129833,41.431871],[2.129821,41.431871],[2.129797,41.431871],[2.129785,41.431862],[2.129773,41.431862],[2.129761,41.431862],[2.129749,41.431861],[2.129737,41.431861],[2.129725,41.431861],[2.129701,41.431861],[2.129689,41.431852],[2.129665,41.431852],[2.129629,41.431843],[2.129594,41.431842],[2.12957,41.431833],[2.129534,41.431833],[2.129498,41.431824],[2.129474,41.431823],[2.129438,41.431814],[2.129415,41.431805],[2.129379,41.431805],[2.129355,41.431795],[2.129319,41.431795],[2.129295,41.431786],[2.129259,41.431786],[2.129223,41.431785],[2.1292,41.431776],[2.129164,41.431776],[2.129164,41.431776],[2.129032,41.431757],[2.12896,41.431756],[2.128793,41.431773],[2.128325,41.431824],[2.127989,41.431866],[2.127834,41.431874],[2.127762,41.431882],[2.127654,41.431891],[2.12757,41.43189],[2.127499,41.43188],[2.127379,41.431871],[2.127284,41.431852],[2.1272,41.431833],[2.127128,41.431815],[2.127009,41.431787],[2.126926,41.431759],[2.126842,41.431731],[2.126807,41.431704],[2.126724,41.431658],[2.126629,41.431595],[2.126509,41.431603],[2.124106,41.429612],[2.123869,41.429439],[2.123667,41.429311],[2.122657,41.428763],[2.122754,41.428665],[2.122826,41.428683],[2.122921,41.428702],[2.123005,41.428703],[2.123077,41.428694],[2.121993,41.426524],[2.121273,41.425834],[2.121273,41.425834],[2.121214,41.42578],[2.12125,41.425753],[2.121323,41.425672],[2.121347,41.425619],[2.12136,41.425547],[2.121349,41.425465],[2.121315,41.425384],[2.120518,41.424108],[2.120472,41.423936],[2.120451,41.423747],[2.120543,41.423117],[2.120532,41.423054],[2.12044,41.422801],[2.120429,41.42272],[2.120773,41.422056],[2.120883,41.421877],[2.12098,41.421761],[2.121308,41.421457],[2.121405,41.421349],[2.121466,41.421233],[2.121516,41.421125],[2.121541,41.420981],[2.12153,41.420918],[2.121507,41.420873],[2.121471,41.420846],[2.121162,41.420708],[2.121162,41.420708],[2.121174,41.420708],[2.12121,41.42069],[2.12121,41.42069],[2.121222,41.420681],[2.121271,41.420664],[2.121295,41.420655],[2.121283,41.420655],[2.121355,41.420619],[2.121451,41.420584],[2.121523,41.420549],[2.121535,41.420549],[2.121547,41.42054],[2.121547,41.420549],[2.121559,41.420558],[2.121559,41.420558],[2.121607,41.42054],[2.121703,41.420505],[2.121824,41.420452],[2.121956,41.42039],[2.122053,41.420346],[2.122149,41.42031],[2.122173,41.420292],[2.122269,41.420257],[2.122534,41.420142],[2.122871,41.420001],[2.123003,41.419938],[2.123028,41.41993],[2.123328,41.419806],[2.123352,41.419797],[2.123376,41.419788],[2.123641,41.419673],[2.12387,41.419576],[2.124038,41.419505],[2.124099,41.419478],[2.124291,41.419399],[2.124387,41.419355],[2.12446,41.419328],[2.124508,41.419301],[2.124712,41.419213],[2.124724,41.419213],[2.12476,41.419204],[2.124845,41.419178],[2.124929,41.419151],[2.125085,41.419099],[2.125121,41.41909],[2.125157,41.419072],[2.125193,41.419054],[2.125241,41.419037],[2.125313,41.41901],[2.125374,41.418984],[2.125386,41.418975],[2.125422,41.418957],[2.125602,41.418886],[2.125663,41.41886],[2.125867,41.418771],[2.126168,41.418629],[2.126252,41.418594],[2.126445,41.418514],[2.126794,41.418355],[2.126939,41.418293],[2.127167,41.418187],[2.1273,41.418134],[2.127456,41.418063],[2.127637,41.417974],[2.127793,41.417912],[2.127926,41.41785],[2.128046,41.417797],[2.128166,41.417744],[2.128275,41.417691],[2.128407,41.417638],[2.128564,41.417567],[2.128672,41.417513],[2.128696,41.417505],[2.12878,41.417469],[2.12878,41.417469],[2.128792,41.417478],[2.128901,41.417434],[2.128925,41.417425],[2.128936,41.417434],[2.128924,41.417488],[2.128863,41.41756],[2.12862,41.41781],[2.128379,41.417989],[2.128149,41.418122],[2.128017,41.418184],[2.127944,41.418247],[2.127908,41.418291],[2.127895,41.418345],[2.127906,41.418417],[2.127965,41.418472],[2.128084,41.418572],[2.128166,41.418663],[2.128177,41.418708],[2.128165,41.418762],[2.128128,41.418815],[2.128019,41.41895],[2.127922,41.419012],[2.127729,41.41911],[2.127561,41.419198],[2.127464,41.419252],[2.127451,41.419378],[2.127581,41.419496],[2.127854,41.419597],[2.12789,41.419615],[2.128056,41.419725],[2.128128,41.419743],[2.128224,41.419726],[2.128344,41.4197],[2.128403,41.419709],[2.128475,41.419746],[2.128641,41.419873],[2.128688,41.41991],[2.128724,41.419928],[2.128759,41.419928],[2.128795,41.419937],[2.128819,41.419929],[2.128855,41.41992],[2.12888,41.419902],[2.128916,41.419866],[2.128953,41.419785],[2.129027,41.419642],[2.129075,41.419597],[2.129159,41.419562],[2.129207,41.419544],[2.129255,41.419536],[2.129315,41.419518],[2.129375,41.419509],[2.129435,41.41951],[2.129483,41.41951],[2.129519,41.419511],[2.129555,41.41952],[2.12959,41.419538],[2.129626,41.419556],[2.129674,41.419584],[2.129709,41.41962],[2.129733,41.419647],[2.129768,41.419675],[2.12978,41.419711],[2.129803,41.419738],[2.129803,41.419756],[2.129815,41.419774],[2.129826,41.419801],[2.129838,41.419837],[2.129849,41.419864],[2.129849,41.419891],[2.129861,41.419918],[2.129884,41.419955],[2.129907,41.419991],[2.129931,41.420018],[2.129955,41.420036],[2.129979,41.420045],[2.130002,41.420055],[2.130014,41.420064],[2.13005,41.420073],[2.130074,41.420073],[2.13011,41.420073],[2.130134,41.420074],[2.130194,41.420065],[2.130242,41.420047],[2.13029,41.42003],[2.130362,41.420003],[2.130422,41.419986],[2.130422,41.419986],[2.13047,41.419968],[2.130506,41.419959],[2.130518,41.41995],[2.130554,41.419933],[2.130579,41.419915],[2.130615,41.419888],[2.130651,41.419852],[2.130675,41.419826],[2.130688,41.41979],[2.130713,41.419727],[2.130725,41.4197],[2.13075,41.419637],[2.130775,41.419574],[2.130799,41.419538],[2.130823,41.419502],[2.13086,41.419458],[2.130884,41.419449],[2.130896,41.419431],[2.130932,41.419413],[2.130944,41.419404],[2.13098,41.419395],[2.131004,41.419396],[2.131052,41.419387],[2.131088,41.419396],[2.131136,41.419397],[2.131172,41.419415],[2.131207,41.419424],[2.131243,41.419452],[2.131279,41.41947],[2.131433,41.419561],[2.131504,41.419598],[2.13154,41.419616],[2.131611,41.419643],[2.131659,41.419662],[2.13173,41.41968],[2.131885,41.419736],[2.131921,41.419745],[2.131945,41.419754],[2.132004,41.419773],[2.132064,41.4198],[2.1321,41.419818],[2.132135,41.419846],[2.132171,41.419873],[2.132194,41.4199],[2.132206,41.419936],[2.132205,41.419972],[2.132205,41.41999],[2.132193,41.420017],[2.13218,41.420035],[2.132168,41.420053],[2.132156,41.42008],[2.132071,41.42016],[2.13201,41.420232],[2.131901,41.420357],[2.13184,41.420429],[2.131743,41.420563],[2.131669,41.420671],[2.131621,41.420724],[2.131572,41.420778],[2.131487,41.420868],[2.131427,41.420921],[2.131342,41.421002],[2.131318,41.421028],[2.131305,41.421055],[2.131281,41.421082],[2.131256,41.421127],[2.131256,41.421154],[2.131256,41.421163],[2.131244,41.421181],[2.131231,41.421226],[2.131231,41.421262],[2.131231,41.421271],[2.131242,41.421289],[2.131254,41.421316],[2.131266,41.421334],[2.131254,41.421343],[2.131242,41.421352],[2.130916,41.421557],[2.130734,41.421754],[2.130685,41.421807],[2.130673,41.421807],[2.13048,41.421959],[2.130407,41.422039],[2.130236,41.422236],[2.1302,41.422281],[2.130091,41.422406],[2.130066,41.422433],[2.130042,41.422451],[2.130042,41.422451],[2.129945,41.422567],[2.129957,41.422567],[2.129969,41.422576],[2.129981,41.422577],[2.129992,41.422586],[2.130004,41.422595],[2.130016,41.422595],[2.130028,41.422604],[2.13004,41.422613],[2.130052,41.422613],[2.130052,41.422613],[2.130064,41.422622],[2.130076,41.422622],[2.130076,41.422622],[2.130088,41.422622],[2.1301,41.422632],[2.13035,41.422714],[2.130362,41.422715],[2.130362,41.422715],[2.130374,41.422715],[2.130386,41.422715],[2.130397,41.422724],[2.130409,41.422724],[2.130421,41.422724],[2.130481,41.422724],[2.130565,41.422734],[2.130577,41.422752],[2.130577,41.422752],[2.130589,41.422752],[2.130613,41.422743],[2.130721,41.422717],[2.130745,41.422708],[2.130805,41.4227],[2.130805,41.4227],[2.130817,41.4227],[2.130841,41.4227],[2.130925,41.422683],[2.130985,41.422674],[2.130997,41.422674],[2.130997,41.422674],[2.131068,41.422675],[2.131116,41.422657],[2.131248,41.422631],[2.131368,41.422605],[2.131416,41.422596],[2.131488,41.422579],[2.131632,41.422553],[2.131692,41.422544],[2.131692,41.422544],[2.13174,41.422545],[2.1318,41.422536],[2.131824,41.422536],[2.131884,41.422537],[2.131908,41.422537],[2.131908,41.422528],[2.131968,41.422529],[2.132027,41.422538],[2.132051,41.422538],[2.132075,41.422538],[2.132099,41.422539],[2.132123,41.422539],[2.132135,41.422539],[2.132159,41.422548],[2.132183,41.422548],[2.132195,41.422548],[2.132219,41.422548],[2.132255,41.422549],[2.132291,41.422549],[2.132314,41.422558],[2.13235,41.422558],[2.132362,41.422559],[2.132386,41.422559],[2.13241,41.422559],[2.132446,41.422568],[2.132482,41.422568],[2.132518,41.422569],[2.13253,41.422569],[2.13253,41.422569],[2.132566,41.422569],[2.13259,41.422569],[2.132601,41.422578],[2.132637,41.422579],[2.132661,41.422579],[2.132685,41.422579],[2.132697,41.422579],[2.132745,41.422579],[2.132769,41.422589],[2.132781,41.422589],[2.132817,41.422589],[2.132817,41.422589],[2.132853,41.42258],[2.132913,41.422572],[2.132961,41.422563],[2.132997,41.422554],[2.133009,41.422554],[2.133033,41.422546],[2.133069,41.422528],[2.133105,41.422519],[2.133141,41.422501],[2.133177,41.422493],[2.133213,41.422484],[2.133249,41.422466],[2.133273,41.422457],[2.133309,41.42244],[2.133333,41.422431],[2.133357,41.422413],[2.133382,41.422404],[2.133406,41.422395],[2.133418,41.422386],[2.133442,41.422378],[2.13349,41.42236],[2.133502,41.422351],[2.13355,41.422333],[2.133622,41.422325],[2.133694,41.422316],[2.133838,41.42229],[2.133934,41.422273],[2.13397,41.422273],[2.134078,41.422256],[2.134161,41.422248],[2.134269,41.42224],[2.134353,41.422222],[2.134437,41.422205],[2.134521,41.422187],[2.134653,41.422152],[2.134677,41.422144],[2.13469,41.422135],[2.134701,41.422135],[2.134701,41.422135],[2.134773,41.422162],[2.1347,41.422261],[2.134651,41.422324],[2.134639,41.422332],[2.134627,41.422341],[2.134603,41.42235],[2.134555,41.422377],[2.134543,41.422386],[2.134494,41.422412],[2.134494,41.422412],[2.134434,41.422448],[2.134434,41.422457],[2.134386,41.422493],[2.134386,41.422493],[2.134374,41.422493],[2.134325,41.422528],[2.134301,41.422555],[2.134301,41.422555],[2.134277,41.422573],[2.134277,41.422582],[2.134264,41.4226],[2.134252,41.422618],[2.13424,41.422618],[2.13424,41.422636],[2.134216,41.422672],[2.134215,41.422699],[2.134215,41.422726],[2.134215,41.422744],[2.134214,41.422762],[2.134214,41.42278],[2.134214,41.422807],[2.134237,41.422861],[2.134249,41.422879],[2.134249,41.422897],[2.134249,41.422897],[2.13426,41.422924],[2.134272,41.422951],[2.134283,41.423014],[2.134295,41.423041],[2.134318,41.423078],[2.13433,41.423105],[2.134341,41.423132],[2.134341,41.423132],[2.134341,41.423141],[2.134365,41.423168],[2.134376,41.423204],[2.134399,41.423258],[2.134446,41.423322],[2.134458,41.423358],[2.134481,41.423385],[2.134528,41.423449],[2.134564,41.423512],[2.134587,41.42353],[2.134587,41.423539],[2.134587,41.423539],[2.134599,41.423548],[2.134611,41.423566],[2.134622,41.423584],[2.134634,41.423584],[2.134646,41.423612],[2.13467,41.423603],[2.13467,41.423603],[2.134754,41.423585],[2.134754,41.423585],[2.134778,41.423577],[2.134801,41.423622],[2.134801,41.423622],[2.134836,41.423685],[2.134848,41.423721],[2.13486,41.423739],[2.134883,41.423757],[2.134907,41.423776],[2.134967,41.423803],[2.135002,41.42383],[2.135073,41.423894],[2.135085,41.423903],[2.13512,41.42393],[2.135144,41.423958],[2.135156,41.423976],[2.135215,41.42403],[2.13525,41.424085],[2.135273,41.42413],[2.135285,41.424139],[2.135285,41.424148],[2.135309,41.424184],[2.13532,41.424211],[2.135344,41.424247],[2.135355,41.424274],[2.135355,41.424274],[2.135367,41.424293],[2.135367,41.424311],[2.135366,41.424329],[2.135366,41.424338],[2.135366,41.424365],[2.135366,41.424374],[2.135342,41.4244],[2.135329,41.424418],[2.135293,41.424454],[2.135184,41.424543],[2.135099,41.424624],[2.135075,41.424651],[2.135063,41.424669],[2.13505,41.424705],[2.135038,41.42474],[2.135038,41.424758],[2.135049,41.424786],[2.135061,41.424804],[2.135061,41.424804],[2.135061,41.424804],[2.135084,41.42484],[2.135108,41.424876],[2.135805,41.424647],[2.135901,41.424603],[2.135974,41.424549],[2.136071,41.424442],[2.136132,41.424343],[2.136145,41.424253],[2.136147,41.424136],[2.136139,41.423857],[2.136152,41.423767],[2.136213,41.423686],[2.136285,41.423624],[2.136406,41.42358],[2.136538,41.423554],[2.136993,41.423512],[2.137257,41.42346],[2.137594,41.423318],[2.137763,41.423194],[2.137908,41.423069],[2.138079,41.422827],[2.138388,41.422063],[2.138413,41.421991],[2.138439,41.421875],[2.13844,41.421767],[2.138405,41.421676],[2.138358,41.421604],[2.138264,41.421531],[2.138145,41.421476],[2.138121,41.421458],[2.137799,41.421338],[2.13774,41.421284],[2.137693,41.421229],[2.13767,41.421157],[2.137671,41.421067],[2.13772,41.420995],[2.137793,41.420933],[2.137877,41.420889],[2.138875,41.420572],[2.139199,41.420466],[2.13986,41.420282],[2.14004,41.420229],[2.140459,41.421097],[2.140669,41.42154],[2.140808,41.421847],[2.14082,41.421856],[2.141065,41.422363],[2.141251,41.422769],[2.141449,41.423176],[2.141647,41.423601],[2.141752,41.423773],[2.141811,41.423899],[2.142033,41.424279],[2.142255,41.42465],[2.142325,41.424786],[2.142325,41.424786],[2.142181,41.42483],[2.141857,41.424918],[2.14134,41.425058],[2.141064,41.425137],[2.14092,41.425172],[2.140884,41.425181],[2.140824,41.425198],[2.140776,41.425216],[2.140716,41.425224],[2.140656,41.425242],[2.14062,41.425251],[2.140584,41.425259],[2.140548,41.425268],[2.1405,41.425286],[2.140464,41.425295],[2.140428,41.425303],[2.140392,41.425312],[2.140356,41.425321],[2.140308,41.425329],[2.14026,41.425347],[2.1402,41.425356],[2.140152,41.425373],[2.140091,41.425391],[2.140032,41.425399],[2.139983,41.425417],[2.139947,41.425426],[2.139911,41.425435],[2.139875,41.425443],[2.139839,41.425461],[2.139827,41.42547],[2.139803,41.425479],[2.139791,41.425488],[2.139779,41.425506],[2.13962,41.425757],[2.139192,41.426456],[2.139378,41.426854],[2.139378,41.426854],[2.139342,41.426853],[2.139342,41.426862],[2.139246,41.42688],[2.139258,41.426916],[2.139245,41.426961],[2.139233,41.426961],[2.139185,41.426951],[2.139162,41.426906],[2.139102,41.426924],[2.138982,41.42695],[2.138994,41.426959],[2.138726,41.427326],[2.138713,41.427362],[2.138689,41.42738],[2.138628,41.42747],[2.13853,41.427613],[2.13853,41.427613],[2.138433,41.427756],[2.13836,41.427855],[2.13836,41.427855],[2.138274,41.427971],[2.138202,41.427989],[2.13819,41.427989],[2.138094,41.428015],[2.138046,41.428015],[2.138046,41.428015],[2.137831,41.428031],[2.137759,41.42804],[2.137399,41.428073],[2.137303,41.428081],[2.137421,41.428235],[2.137503,41.428335],[2.137633,41.428507],[2.137809,41.428725],[2.137963,41.428915],[2.138068,41.429087],[2.138149,41.429268],[2.138219,41.42943],[2.138323,41.429683],[2.138239,41.429701],[2.138215,41.429709],[2.138179,41.429736],[2.138167,41.429754],[2.138107,41.42979],[2.138082,41.429816],[2.138082,41.429816],[2.138022,41.429834],[2.137962,41.429843],[2.13795,41.429843],[2.137903,41.429833],[2.137568,41.429759],[2.137127,41.429647],[2.136518,41.429508],[2.136065,41.429396],[2.135994,41.429377],[2.135767,41.429322],[2.135307,41.429706],[2.135198,41.429795],[2.134823,41.430116],[2.134714,41.430215],[2.13469,41.430214],[2.13464,41.430376],[2.134578,41.430529],[2.134553,41.430601],[2.134528,41.430673],[2.134479,41.43078],[2.134466,41.430825],[2.134465,41.430933],[2.134464,41.431041],[2.134475,41.431113],[2.134474,41.431168],[2.134497,41.431213],[2.13452,41.431276],[2.134543,41.43133],[2.134579,41.431375],[2.134626,41.43143],[2.134685,41.431475],[2.134756,41.431521],[2.134852,41.431549],[2.134899,41.431585],[2.134923,41.431603],[2.134958,41.431631],[2.134754,41.431674],[2.134646,41.431691]]]}},{"type":"Feature","properties":{"barri":"Montbau","districte":"Horta-Guinardó"},"geometry":{"type":"Polygon","coordinates":[[[2.136271,41.442738],[2.136199,41.442791],[2.136102,41.442835],[2.136018,41.442871],[2.135982,41.442889],[2.135934,41.442924],[2.135886,41.442942],[2.135837,41.442987],[2.135753,41.443022],[2.135619,41.443147],[2.135414,41.443281],[2.135269,41.443415],[2.135148,41.443513],[2.135051,41.443575],[2.13499,41.443638],[2.134906,41.443682],[2.134786,41.443699],[2.134642,41.443752],[2.134461,41.443823],[2.134293,41.443885],[2.134173,41.443929],[2.134161,41.443929],[2.134161,41.443929],[2.134149,41.443938],[2.134137,41.443938],[2.134137,41.443938],[2.134137,41.443938],[2.134137,41.443938],[2.134137,41.443938],[2.134137,41.443938],[2.134112,41.443946],[2.134101,41.443946],[2.134088,41.443955],[2.134088,41.443955],[2.134088,41.443955],[2.134076,41.443964],[2.134076,41.443964],[2.134064,41.443964],[2.134052,41.443973],[2.13404,41.443982],[2.13404,41.443982],[2.13404,41.443982],[2.134028,41.444],[2.134016,41.444009],[2.134016,41.444009],[2.134016,41.444009],[2.134004,41.444018],[2.134004,41.444027],[2.133992,41.444027],[2.133992,41.444036],[2.133835,41.444124],[2.133738,41.444232],[2.133676,41.444393],[2.133615,41.444438],[2.133555,41.444492],[2.133435,41.4445],[2.133435,41.4445],[2.13335,41.444544],[2.133195,41.444561],[2.133062,41.444605],[2.13293,41.444658],[2.132869,41.444712],[2.132869,41.444712],[2.132869,41.444712],[2.132857,41.44473],[2.132845,41.444702],[2.132822,41.444639],[2.132787,41.444603],[2.13274,41.444567],[2.132704,41.444548],[2.132632,41.444521],[2.132537,41.444457],[2.132467,41.444384],[2.132372,41.444321],[2.132289,41.444257],[2.132218,41.444211],[2.13211,41.444174],[2.132027,41.444147],[2.131824,41.444109],[2.131621,41.444063],[2.131466,41.444025],[2.131358,41.444007],[2.131215,41.443952],[2.131084,41.443915],[2.130953,41.443886],[2.130857,41.443877],[2.130786,41.443858],[2.130714,41.443831],[2.130679,41.443785],[2.130644,41.443704],[2.130621,41.443632],[2.13055,41.443559],[2.130266,41.443314],[2.130112,41.443187],[2.129947,41.443032],[2.129947,41.443032],[2.129964,41.442654],[2.129942,41.442474],[2.1298,41.442347],[2.129648,41.442102],[2.129601,41.442048],[2.129495,41.441912],[2.129509,41.441741],[2.129924,41.441167],[2.129961,41.441087],[2.129963,41.440952],[2.12993,41.440672],[2.129896,41.4406],[2.129848,41.440545],[2.129446,41.440236],[2.129387,41.440173],[2.129352,41.440082],[2.129378,41.439929],[2.129394,41.439578],[2.129361,41.43938],[2.129476,41.438831],[2.129478,41.438732],[2.129421,41.438497],[2.129296,41.438019],[2.129273,41.437911],[2.129263,41.43774],[2.12924,41.437667],[2.129217,41.437622],[2.128652,41.436915],[2.128618,41.436789],[2.128596,41.436636],[2.128596,41.4366],[2.128768,41.436286],[2.128805,41.436205],[2.128846,41.435809],[2.1288,41.435691],[2.128789,41.435592],[2.12879,41.435547],[2.128804,41.435394],[2.128817,41.435322],[2.128842,41.43525],[2.128843,41.435178],[2.128832,41.435106],[2.128798,41.434944],[2.128775,41.434881],[2.128693,41.434772],[2.128634,41.434672],[2.128494,41.434392],[2.128447,41.434329],[2.128389,41.43422],[2.128331,41.434058],[2.128309,41.433949],[2.12831,41.433868],[2.128335,41.433742],[2.128302,41.433526],[2.128267,41.433508],[2.128159,41.43348],[2.127695,41.433269],[2.127542,41.433142],[2.127342,41.432843],[2.127261,41.432635],[2.126789,41.432145],[2.126694,41.432046],[2.126518,41.431846],[2.126424,41.431674],[2.126533,41.431612],[2.126509,41.431603],[2.126629,41.431595],[2.126724,41.431658],[2.126807,41.431704],[2.126842,41.431731],[2.126926,41.431759],[2.127009,41.431787],[2.127128,41.431815],[2.1272,41.431833],[2.127284,41.431852],[2.127379,41.431871],[2.127499,41.43188],[2.12757,41.43189],[2.127654,41.431891],[2.127762,41.431882],[2.127834,41.431874],[2.127989,41.431866],[2.128325,41.431824],[2.128793,41.431773],[2.12896,41.431756],[2.129032,41.431757],[2.129164,41.431776],[2.129164,41.431776],[2.1292,41.431776],[2.129223,41.431785],[2.129259,41.431786],[2.129295,41.431786],[2.129319,41.431795],[2.129355,41.431795],[2.129379,41.431805],[2.129415,41.431805],[2.129438,41.431814],[2.129474,41.431823],[2.129498,41.431824],[2.129534,41.431833],[2.12957,41.431833],[2.129594,41.431842],[2.129629,41.431843],[2.129665,41.431852],[2.129689,41.431852],[2.129701,41.431861],[2.129725,41.431861],[2.129737,41.431861],[2.129749,41.431861],[2.129761,41.431862],[2.129773,41.431862],[2.129785,41.431862],[2.129797,41.431871],[2.129821,41.431871],[2.129833,41.431871],[2.12988,41.431871],[2.129893,41.431863],[2.129928,41.431863],[2.129988,41.431863],[2.130036,41.431855],[2.130084,41.431846],[2.130132,41.431837],[2.13018,41.43182],[2.130673,41.431697],[2.130769,41.43168],[2.130841,41.431663],[2.130961,41.431636],[2.131057,41.431628],[2.131105,41.43162],[2.131117,41.43162],[2.131152,41.43162],[2.1312,41.43162],[2.131248,41.431621],[2.131296,41.43163],[2.131344,41.431639],[2.131391,41.431649],[2.131439,41.431658],[2.131475,41.431676],[2.131523,41.431686],[2.131558,41.431704],[2.131594,41.431722],[2.131701,41.431777],[2.131796,41.431832],[2.131891,41.431878],[2.131951,41.431896],[2.131998,41.431924],[2.132034,41.431933],[2.13207,41.431951],[2.132117,41.43196],[2.132153,41.43197],[2.132153,41.43197],[2.132189,41.43197],[2.132237,41.431979],[2.132273,41.43198],[2.132321,41.431971],[2.132369,41.431971],[2.132417,41.431963],[2.132465,41.431954],[2.132513,41.431936],[2.132549,41.431928],[2.132681,41.431884],[2.132885,41.431813],[2.13303,41.431769],[2.133186,41.431716],[2.133234,41.431699],[2.133282,41.43169],[2.133342,41.431672],[2.133366,41.431673],[2.133402,41.431673],[2.133438,41.431673],[2.133474,41.431673],[2.133498,41.431674],[2.133534,41.431674],[2.133569,41.431683],[2.133605,41.431692],[2.133629,41.431702],[2.133665,41.431711],[2.133688,41.431729],[2.133724,41.431747],[2.133724,41.431747],[2.13376,41.431766],[2.13376,41.431775],[2.133772,41.431775],[2.133783,41.431784],[2.133783,41.431793],[2.133795,41.431793],[2.133807,41.431802],[2.133807,41.431811],[2.133819,41.431811],[2.133819,41.43182],[2.133831,41.431829],[2.133831,41.431829],[2.133843,41.431838],[2.133842,41.431847],[2.133854,41.431856],[2.133854,41.431865],[2.133866,41.431866],[2.133866,41.431875],[2.133866,41.431884],[2.133878,41.431893],[2.133878,41.431893],[2.133878,41.431902],[2.133877,41.431911],[2.133889,41.43192],[2.133889,41.431929],[2.133889,41.431929],[2.133889,41.431938],[2.133901,41.431947],[2.133901,41.431956],[2.133901,41.431965],[2.133901,41.431974],[2.133901,41.431974],[2.1339,41.431983],[2.1339,41.432001],[2.1339,41.43201],[2.1339,41.432019],[2.1339,41.432028],[2.1339,41.432037],[2.1339,41.432046],[2.133899,41.432055],[2.133899,41.432064],[2.133899,41.432073],[2.133899,41.432082],[2.133899,41.432091],[2.133899,41.4321],[2.133899,41.432118],[2.133887,41.432127],[2.133886,41.432136],[2.133886,41.432145],[2.133874,41.432154],[2.133874,41.432172],[2.133874,41.432181],[2.133862,41.43219],[2.133862,41.432199],[2.13385,41.432208],[2.133849,41.432226],[2.133825,41.432262],[2.1338,41.432306],[2.133763,41.432387],[2.133727,41.43245],[2.133702,41.432504],[2.133677,41.432558],[2.133665,41.432612],[2.133652,41.432639],[2.13364,41.432693],[2.133627,41.432737],[2.133626,41.432791],[2.133626,41.432837],[2.133625,41.432891],[2.133636,41.432936],[2.133648,41.43299],[2.133659,41.433044],[2.13367,41.433098],[2.133705,41.433188],[2.133739,41.433297],[2.133751,41.433333],[2.133831,41.433595],[2.133923,41.433902],[2.133934,41.433929],[2.133946,41.433947],[2.13397,41.433974],[2.133981,41.434001],[2.134005,41.434019],[2.134017,41.434046],[2.13404,41.434065],[2.134064,41.434092],[2.134076,41.434101],[2.1341,41.43411],[2.134111,41.434119],[2.134135,41.434128],[2.134147,41.434138],[2.134171,41.434138],[2.134195,41.434147],[2.134219,41.434147],[2.134231,41.434156],[2.134255,41.434156],[2.134279,41.434157],[2.134302,41.434157],[2.134326,41.434157],[2.134338,41.434157],[2.134362,41.434148],[2.134386,41.434148],[2.134422,41.43414],[2.134446,41.434131],[2.134483,41.434113],[2.134495,41.434104],[2.134507,41.434095],[2.134531,41.434086],[2.134543,41.434077],[2.134567,41.43406],[2.134579,41.434033],[2.134604,41.434015],[2.134616,41.433979],[2.134616,41.433952],[2.134629,41.433925],[2.134629,41.433898],[2.13463,41.433862],[2.134618,41.433835],[2.134618,41.433808],[2.134607,41.433781],[2.134512,41.433663],[2.13443,41.433545],[2.134265,41.433337],[2.134254,41.433319],[2.134242,41.433301],[2.134218,41.433282],[2.134207,41.433255],[2.134195,41.433237],[2.134183,41.433219],[2.13416,41.433201],[2.13416,41.433192],[2.134148,41.433183],[2.134136,41.433165],[2.134136,41.433156],[2.134124,41.433147],[2.134124,41.433138],[2.134113,41.433128],[2.134113,41.43311],[2.134101,41.433101],[2.134101,41.433092],[2.134089,41.433083],[2.134089,41.433074],[2.134078,41.433056],[2.134078,41.433047],[2.134066,41.433038],[2.134066,41.43302],[2.134066,41.433011],[2.134054,41.433002],[2.134055,41.432993],[2.134055,41.432975],[2.134055,41.432966],[2.134043,41.432957],[2.134043,41.432948],[2.134043,41.43293],[2.134044,41.432921],[2.134044,41.432912],[2.134044,41.432903],[2.134032,41.432885],[2.134032,41.432876],[2.134032,41.432867],[2.134032,41.432858],[2.134033,41.43284],[2.134033,41.432831],[2.134033,41.432822],[2.134033,41.432813],[2.134033,41.432813],[2.134033,41.432795],[2.134045,41.432786],[2.134045,41.432777],[2.134046,41.432768],[2.134046,41.43275],[2.134046,41.432741],[2.134046,41.432723],[2.134058,41.432714],[2.134058,41.432705],[2.134059,41.432687],[2.134059,41.432678],[2.134071,41.432669],[2.134071,41.432651],[2.134083,41.432642],[2.134083,41.432633],[2.134084,41.432615],[2.134096,41.432606],[2.134096,41.432597],[2.134108,41.432579],[2.134108,41.43257],[2.13412,41.432561],[2.13412,41.432552],[2.134145,41.432516],[2.134169,41.43248],[2.134181,41.432453],[2.134206,41.432418],[2.13423,41.432391],[2.134243,41.432355],[2.134267,41.432328],[2.134291,41.432292],[2.134304,41.432256],[2.13434,41.432211],[2.134377,41.432167],[2.134377,41.432158],[2.134377,41.432149],[2.134389,41.43214],[2.134389,41.432131],[2.134401,41.432122],[2.134401,41.432113],[2.134402,41.432104],[2.134414,41.432095],[2.134414,41.432095],[2.134414,41.432086],[2.134414,41.432077],[2.134426,41.432068],[2.134426,41.432059],[2.134426,41.43205],[2.134426,41.432041],[2.134426,41.432032],[2.134439,41.432023],[2.134439,41.432023],[2.134439,41.432014],[2.134439,41.432005],[2.134439,41.431996],[2.134439,41.431987],[2.134439,41.431978],[2.134439,41.43196],[2.134439,41.431951],[2.13444,41.431942],[2.13444,41.431933],[2.13444,41.431924],[2.13444,41.431915],[2.13444,41.431906],[2.13444,41.431888],[2.13444,41.431879],[2.134441,41.43187],[2.134441,41.431861],[2.134441,41.431852],[2.134429,41.431834],[2.134429,41.431825],[2.134429,41.431816],[2.134429,41.431807],[2.134418,41.431798],[2.134418,41.43178],[2.134418,41.431771],[2.134406,41.431762],[2.134406,41.431753],[2.134406,41.431744],[2.134394,41.431734],[2.134395,41.431725],[2.134562,41.431709],[2.13461,41.4317],[2.134646,41.431691],[2.134754,41.431674],[2.134958,41.431631],[2.134923,41.431603],[2.134899,41.431585],[2.134852,41.431549],[2.134756,41.431521],[2.134685,41.431475],[2.134626,41.43143],[2.134579,41.431375],[2.134543,41.43133],[2.13452,41.431276],[2.134497,41.431213],[2.134474,41.431168],[2.134475,41.431113],[2.134464,41.431041],[2.134465,41.430933],[2.134466,41.430825],[2.134479,41.43078],[2.134528,41.430673],[2.134553,41.430601],[2.134578,41.430529],[2.13464,41.430376],[2.13469,41.430214],[2.134714,41.430215],[2.134823,41.430116],[2.135198,41.429795],[2.135307,41.429706],[2.135767,41.429322],[2.135994,41.429377],[2.136065,41.429396],[2.136518,41.429508],[2.137127,41.429647],[2.137568,41.429759],[2.137903,41.429833],[2.13795,41.429843],[2.137962,41.429843],[2.138022,41.429834],[2.138082,41.429816],[2.138082,41.429816],[2.138107,41.42979],[2.138167,41.429754],[2.138179,41.429736],[2.138215,41.429709],[2.138239,41.429701],[2.138323,41.429683],[2.138219,41.42943],[2.138149,41.429268],[2.138068,41.429087],[2.137963,41.428915],[2.137809,41.428725],[2.137633,41.428507],[2.137503,41.428335],[2.137421,41.428235],[2.137303,41.428081],[2.137399,41.428073],[2.137759,41.42804],[2.137831,41.428031],[2.138046,41.428015],[2.138046,41.428015],[2.138094,41.428015],[2.13819,41.427989],[2.138202,41.427989],[2.138274,41.427971],[2.13836,41.427855],[2.13836,41.427855],[2.138433,41.427756],[2.13853,41.427613],[2.13853,41.427613],[2.138628,41.42747],[2.138689,41.42738],[2.138713,41.427362],[2.138726,41.427326],[2.138994,41.426959],[2.138982,41.42695],[2.139102,41.426924],[2.139162,41.426906],[2.139185,41.426951],[2.139233,41.426961],[2.139245,41.426961],[2.139258,41.426916],[2.139246,41.42688],[2.139342,41.426862],[2.139342,41.426853],[2.139378,41.426854],[2.139378,41.426854],[2.139192,41.426456],[2.13962,41.425757],[2.139779,41.425506],[2.139791,41.425488],[2.139803,41.425479],[2.139827,41.42547],[2.139839,41.425461],[2.139875,41.425443],[2.139911,41.425435],[2.139947,41.425426],[2.139983,41.425417],[2.140032,41.425399],[2.140091,41.425391],[2.140152,41.425373],[2.1402,41.425356],[2.14026,41.425347],[2.140308,41.425329],[2.140356,41.425321],[2.140392,41.425312],[2.140428,41.425303],[2.140464,41.425295],[2.1405,41.425286],[2.140548,41.425268],[2.140584,41.425259],[2.14062,41.425251],[2.140656,41.425242],[2.140716,41.425224],[2.140776,41.425216],[2.140824,41.425198],[2.140884,41.425181],[2.14092,41.425172],[2.141064,41.425137],[2.14134,41.425058],[2.141857,41.424918],[2.142181,41.42483],[2.142325,41.424786],[2.142384,41.424877],[2.142454,41.425021],[2.142606,41.425311],[2.142734,41.425591],[2.143013,41.426196],[2.143176,41.426549],[2.143257,41.426721],[2.143432,41.427118],[2.143629,41.427552],[2.143828,41.427959],[2.14406,41.428465],[2.144363,41.429134],[2.144514,41.42945],[2.14463,41.429712],[2.14477,41.430002],[2.144898,41.4303],[2.145037,41.430616],[2.145165,41.430896],[2.145305,41.431212],[2.145386,41.431375],[2.145503,41.431646],[2.145619,41.43189],[2.145642,41.431927],[2.1457,41.432071],[2.145794,41.432252],[2.146026,41.432767],[2.146108,41.432939],[2.146213,41.433156],[2.146411,41.433554],[2.146516,41.433744],[2.146587,41.433861],[2.146598,41.433888],[2.146727,41.434105],[2.146762,41.434169],[2.146809,41.43425],[2.14688,41.434341],[2.146985,41.434495],[2.147056,41.434603],[2.147209,41.434803],[2.147291,41.434902],[2.147374,41.435002],[2.147456,41.435102],[2.147527,41.435174],[2.14761,41.435265],[2.147739,41.435401],[2.147822,41.435483],[2.147952,41.43561],[2.148047,41.435682],[2.14813,41.435764],[2.14826,41.435873],[2.148402,41.435991],[2.148568,41.436119],[2.148275,41.436549],[2.148185,41.437008],[2.148185,41.437026],[2.148173,41.437053],[2.148172,41.43708],[2.148147,41.437178],[2.148133,41.437304],[2.148108,41.437412],[2.148108,41.437421],[2.148108,41.43743],[2.148096,41.437448],[2.148096,41.437457],[2.148095,41.437466],[2.148083,41.437502],[2.148071,41.43752],[2.148046,41.437556],[2.148034,41.437574],[2.148022,41.437592],[2.14801,41.43761],[2.147998,41.437628],[2.147973,41.437646],[2.147961,41.437663],[2.147937,41.437672],[2.147925,41.43769],[2.147719,41.43786],[2.147562,41.437994],[2.147538,41.438012],[2.147514,41.438029],[2.147418,41.437993],[2.147347,41.437956],[2.147213,41.438099],[2.147201,41.438099],[2.147177,41.438117],[2.147165,41.438126],[2.146707,41.438375],[2.146321,41.438597],[2.146273,41.438615],[2.146261,41.438624],[2.146249,41.438633],[2.146201,41.438659],[2.146152,41.438686],[2.146128,41.438704],[2.146128,41.438731],[2.146127,41.438758],[2.146115,41.438776],[2.146091,41.438803],[2.146055,41.438811],[2.146031,41.43882],[2.145995,41.43882],[2.145995,41.43882],[2.145983,41.43882],[2.145983,41.43882],[2.145971,41.43882],[2.145959,41.43882],[2.145935,41.438846],[2.145729,41.439052],[2.145717,41.439061],[2.14563,41.439232],[2.145582,41.439258],[2.145582,41.439258],[2.145353,41.439401],[2.145076,41.439498],[2.144704,41.43963],[2.144439,41.439727],[2.144403,41.439736],[2.144379,41.439745],[2.144367,41.439754],[2.144367,41.439754],[2.143763,41.440136],[2.143282,41.440322],[2.142945,41.440455],[2.14291,41.440373],[2.142828,41.440229],[2.142816,41.440237],[2.14272,41.440282],[2.141767,41.439905],[2.141148,41.439667],[2.140438,41.439976],[2.140353,41.440012],[2.140317,41.44003],[2.13974,41.440259],[2.13939,41.440419],[2.139198,41.44049],[2.138982,41.44056],[2.138428,41.44079],[2.137836,41.440317],[2.137835,41.440335],[2.137823,41.440353],[2.137799,41.440371],[2.137787,41.44038],[2.137775,41.440389],[2.137775,41.440398],[2.137762,41.440425],[2.137738,41.440425],[2.137738,41.440434],[2.137726,41.440434],[2.137618,41.44046],[2.137594,41.440469],[2.137498,41.440495],[2.13739,41.440539],[2.137305,41.440584],[2.137233,41.440637],[2.137197,41.440655],[2.137173,41.440673],[2.137136,41.440708],[2.137075,41.440771],[2.13699,41.440878],[2.136941,41.440959],[2.136952,41.441049],[2.136975,41.441149],[2.136985,41.441275],[2.136995,41.441392],[2.137006,41.441518],[2.137017,41.441545],[2.137029,41.441572],[2.13704,41.441617],[2.137052,41.441654],[2.137052,41.441672],[2.137063,41.44169],[2.137063,41.441726],[2.13705,41.441816],[2.136989,41.441887],[2.136928,41.441941],[2.136892,41.441977],[2.136819,41.442039],[2.136783,41.442084],[2.136746,41.442138],[2.136673,41.442227],[2.136589,41.442272],[2.13654,41.442361],[2.136478,41.442487],[2.136393,41.442612],[2.136307,41.442729],[2.136295,41.442729],[2.136271,41.442738]]]}},{"type":"Feature","properties":{"barri":"la Vall d'Hebron","districte":"Horta-Guinardó"},"geometry":{"type":"Polygon","coordinates":[[[2.1525,41.435652],[2.15244,41.43567],[2.152416,41.435679],[2.152332,41.435705],[2.15232,41.435714],[2.15232,41.435714],[2.15232,41.435714],[2.152307,41.435741],[2.152246,41.43584],[2.152234,41.435858],[2.152222,41.435875],[2.152222,41.435875],[2.152149,41.435983],[2.152112,41.436055],[2.1521,41.436073],[2.152087,41.436082],[2.152087,41.436091],[2.152051,41.436144],[2.152014,41.436198],[2.15199,41.436225],[2.15199,41.436234],[2.15199,41.436243],[2.15199,41.436243],[2.152002,41.436243],[2.152002,41.436243],[2.152013,41.436252],[2.152121,41.43628],[2.152121,41.436289],[2.152121,41.436289],[2.152145,41.436289],[2.152168,41.436298],[2.152168,41.436298],[2.152192,41.436308],[2.152216,41.436317],[2.152216,41.436317],[2.152252,41.436326],[2.152323,41.436372],[2.152441,41.436472],[2.152441,41.436472],[2.152453,41.436481],[2.152714,41.436699],[2.152714,41.436708],[2.152737,41.436726],[2.152773,41.436762],[2.152712,41.436825],[2.152712,41.436834],[2.1527,41.436834],[2.152688,41.436843],[2.152676,41.436852],[2.152676,41.436861],[2.152664,41.43687],[2.15264,41.436887],[2.152615,41.436905],[2.152603,41.436923],[2.152579,41.436941],[2.152555,41.436959],[2.152531,41.436977],[2.152519,41.436986],[2.152494,41.437003],[2.152482,41.437021],[2.15247,41.43703],[2.152458,41.437039],[2.152446,41.437048],[2.152434,41.437057],[2.152434,41.437066],[2.152422,41.437075],[2.15241,41.437084],[2.152397,41.437093],[2.152385,41.437102],[2.152373,41.437111],[2.152361,41.43712],[2.152349,41.437128],[2.152337,41.437137],[2.152337,41.437146],[2.152325,41.437155],[2.152313,41.437164],[2.152301,41.437164],[2.152289,41.437173],[2.152277,41.437182],[2.152264,41.437191],[2.152252,41.4372],[2.15224,41.4372],[2.152228,41.437209],[2.152204,41.437217],[2.152192,41.437217],[2.15218,41.437226],[2.152168,41.437235],[2.152156,41.437235],[2.152144,41.437244],[2.152132,41.437253],[2.15212,41.437253],[2.152096,41.437262],[2.152084,41.437262],[2.152072,41.437271],[2.15206,41.43727],[2.152048,41.437279],[2.152036,41.437279],[2.152036,41.437279],[2.152,41.437288],[2.151976,41.437297],[2.151952,41.437306],[2.15194,41.437306],[2.151916,41.437305],[2.151904,41.437314],[2.151892,41.437314],[2.151868,41.437314],[2.151856,41.437323],[2.151832,41.437323],[2.15182,41.437323],[2.151808,41.437323],[2.151784,41.437322],[2.151772,41.437331],[2.15176,41.437331],[2.151736,41.437331],[2.151724,41.437331],[2.1517,41.437331],[2.151688,41.437331],[2.151676,41.437331],[2.151652,41.43733],[2.15164,41.43733],[2.151616,41.43733],[2.151604,41.43733],[2.15158,41.43733],[2.151568,41.43733],[2.151556,41.43733],[2.151533,41.43733],[2.151521,41.43732],[2.151497,41.43732],[2.151485,41.43732],[2.151461,41.43732],[2.151449,41.437311],[2.151425,41.437311],[2.151413,41.437311],[2.151401,41.437311],[2.151377,41.437301],[2.151198,41.437264],[2.151043,41.437227],[2.1509,41.437199],[2.150422,41.437114],[2.149826,41.436912],[2.149648,41.43682],[2.149482,41.436729],[2.149303,41.43662],[2.14909,41.436483],[2.148995,41.436428],[2.148876,41.436337],[2.148817,41.436301],[2.148746,41.436246],[2.148686,41.43621],[2.148627,41.436164],[2.148568,41.436119],[2.148402,41.435991],[2.14826,41.435873],[2.14813,41.435764],[2.148047,41.435682],[2.147952,41.43561],[2.147822,41.435483],[2.147739,41.435401],[2.14761,41.435265],[2.147527,41.435174],[2.147456,41.435102],[2.147374,41.435002],[2.147291,41.434902],[2.147209,41.434803],[2.147056,41.434603],[2.146985,41.434495],[2.14688,41.434341],[2.146809,41.43425],[2.146762,41.434169],[2.146727,41.434105],[2.146598,41.433888],[2.146587,41.433861],[2.146516,41.433744],[2.146411,41.433554],[2.146213,41.433156],[2.146108,41.432939],[2.146026,41.432767],[2.145794,41.432252],[2.1457,41.432071],[2.145642,41.431927],[2.145619,41.43189],[2.145503,41.431646],[2.145386,41.431375],[2.145305,41.431212],[2.145165,41.430896],[2.145037,41.430616],[2.144898,41.4303],[2.14477,41.430002],[2.14463,41.429712],[2.144514,41.42945],[2.144363,41.429134],[2.14406,41.428465],[2.143828,41.427959],[2.143629,41.427552],[2.143432,41.427118],[2.143257,41.426721],[2.143176,41.426549],[2.143013,41.426196],[2.142734,41.425591],[2.142606,41.425311],[2.142454,41.425021],[2.142384,41.424877],[2.142325,41.424786],[2.142626,41.424707],[2.142794,41.424645],[2.143107,41.424522],[2.143323,41.42446],[2.143443,41.424434],[2.143623,41.424426],[2.143862,41.424419],[2.144041,41.424429],[2.144197,41.42444],[2.144364,41.424468],[2.144615,41.424479],[2.144807,41.42448],[2.144962,41.424472],[2.145647,41.424297],[2.145767,41.424271],[2.146055,41.424228],[2.146378,41.424204],[2.146605,41.424223],[2.146844,41.424252],[2.147107,41.424308],[2.147286,41.424355],[2.147476,41.424428],[2.147667,41.424501],[2.147726,41.424529],[2.147786,41.424547],[2.147845,41.424575],[2.147893,41.424602],[2.147952,41.42463],[2.148011,41.424666],[2.148071,41.424694],[2.148118,41.424721],[2.148273,41.424812],[2.148427,41.424912],[2.148546,41.425003],[2.148605,41.42504],[2.148676,41.425094],[2.148842,41.425222],[2.148925,41.425285],[2.148984,41.425322],[2.149044,41.425358],[2.149162,41.425431],[2.149281,41.425495],[2.1494,41.42555],[2.149472,41.425578],[2.149543,41.425614],[2.149662,41.42566],[2.149853,41.425725],[2.150007,41.42578],[2.149863,41.425815],[2.149815,41.425832],[2.149755,41.425859],[2.149695,41.425895],[2.14967,41.42593],[2.149646,41.425966],[2.149622,41.426002],[2.149609,41.426038],[2.149609,41.426047],[2.149609,41.426083],[2.149608,41.426137],[2.149607,41.426173],[2.149631,41.426218],[2.149666,41.426264],[2.149701,41.426309],[2.149749,41.426345],[2.149832,41.426391],[2.149903,41.426446],[2.149974,41.426491],[2.149986,41.426509],[2.149998,41.426527],[2.150009,41.426554],[2.150123,41.426979],[2.150158,41.42706],[2.150182,41.427114],[2.150217,41.427168],[2.150264,41.427232],[2.150264,41.427232],[2.150311,41.427295],[2.15037,41.427359],[2.150417,41.427413],[2.150464,41.427459],[2.150523,41.427513],[2.150582,41.427586],[2.150606,41.427622],[2.150665,41.427685],[2.150735,41.427785],[2.15077,41.427848],[2.150794,41.427884],[2.150841,41.427966],[2.150899,41.428065],[2.150922,41.428128],[2.150957,41.428201],[2.15098,41.428273],[2.150992,41.428282],[2.151003,41.428336],[2.151026,41.428408],[2.151049,41.428508],[2.151072,41.428607],[2.151082,41.428706],[2.151082,41.428742],[2.151092,41.428868],[2.15109,41.42903],[2.151088,41.429166],[2.151088,41.429166],[2.151076,41.429229],[2.151075,41.429247],[2.151061,41.429391],[2.151061,41.429391],[2.151326,41.430176],[2.151326,41.430185],[2.151326,41.430185],[2.151314,41.430194],[2.151314,41.430203],[2.151314,41.430203],[2.151314,41.430212],[2.151314,41.430221],[2.151314,41.43023],[2.151314,41.430239],[2.151314,41.430248],[2.151314,41.430248],[2.151313,41.430257],[2.151313,41.430266],[2.151313,41.430275],[2.151313,41.430284],[2.151313,41.430293],[2.151313,41.430302],[2.151313,41.430311],[2.151313,41.430311],[2.151325,41.43032],[2.151324,41.430329],[2.151324,41.430338],[2.151324,41.430347],[2.151336,41.430356],[2.151336,41.430365],[2.151336,41.430374],[2.151336,41.430374],[2.151336,41.430374],[2.151336,41.430383],[2.151336,41.430383],[2.151336,41.430392],[2.151348,41.430393],[2.151347,41.430402],[2.151347,41.430411],[2.151347,41.430411],[2.151347,41.43042],[2.151359,41.430429],[2.151359,41.430429],[2.151359,41.430438],[2.151359,41.430438],[2.151371,41.430447],[2.151371,41.430456],[2.151371,41.430465],[2.151383,41.430465],[2.151382,41.430474],[2.151382,41.430474],[2.151382,41.430483],[2.151394,41.430492],[2.151394,41.430492],[2.151394,41.430492],[2.151441,41.430537],[2.151453,41.430546],[2.151453,41.430546],[2.151465,41.430556],[2.151465,41.430556],[2.151465,41.430565],[2.151477,41.430565],[2.151477,41.430565],[2.151489,41.430574],[2.151489,41.430574],[2.151501,41.430583],[2.151501,41.430583],[2.151501,41.430592],[2.151513,41.430592],[2.151513,41.430592],[2.151524,41.430601],[2.151524,41.430601],[2.151524,41.430601],[2.151536,41.43061],[2.151536,41.43061],[2.151548,41.43061],[2.151548,41.430619],[2.15156,41.430628],[2.151572,41.430628],[2.151572,41.430628],[2.151584,41.430637],[2.151584,41.430637],[2.151596,41.430638],[2.151608,41.430647],[2.151608,41.430647],[2.15162,41.430647],[2.151619,41.430656],[2.151631,41.430656],[2.151667,41.430674],[2.151679,41.430674],[2.151691,41.430674],[2.151762,41.430702],[2.151798,41.430711],[2.15181,41.430702],[2.151822,41.430702],[2.151822,41.430702],[2.151834,41.430693],[2.151846,41.430684],[2.151846,41.430684],[2.151871,41.430667],[2.151883,41.430658],[2.151895,41.430658],[2.151907,41.430649],[2.151919,41.43064],[2.151919,41.430649],[2.151942,41.430667],[2.151989,41.430731],[2.152001,41.430749],[2.152001,41.430749],[2.152001,41.430749],[2.152001,41.430749],[2.152048,41.430812],[2.152048,41.430821],[2.152072,41.430848],[2.152083,41.430884],[2.152095,41.430884],[2.152119,41.430885],[2.152143,41.430885],[2.152167,41.430885],[2.152203,41.430894],[2.152227,41.430894],[2.152263,41.430895],[2.152287,41.430895],[2.152322,41.430895],[2.152346,41.430904],[2.152478,41.430914],[2.152705,41.430916],[2.152741,41.430916],[2.152777,41.430925],[2.152801,41.430944],[2.152836,41.430953],[2.153429,41.431435],[2.153678,41.431617],[2.153784,41.43169],[2.153209,41.432649],[2.153209,41.432649],[2.153124,41.432784],[2.153087,41.432837],[2.152941,41.433061],[2.152916,41.433097],[2.152868,41.433142],[2.152784,41.433177],[2.152771,41.433186],[2.152771,41.433186],[2.152699,41.433204],[2.152519,41.433238],[2.152399,41.433283],[2.152315,41.433336],[2.152266,41.433399],[2.152217,41.433488],[2.152216,41.433588],[2.152227,41.433651],[2.152297,41.43375],[2.15238,41.433814],[2.152511,41.433869],[2.15257,41.433923],[2.152606,41.433978],[2.152641,41.434041],[2.152722,41.434258],[2.152803,41.434448],[2.152908,41.434637],[2.153014,41.434818],[2.153084,41.434909],[2.153273,41.435145],[2.153391,41.435281],[2.153473,41.435398],[2.153519,41.435516],[2.153518,41.435633],[2.153516,41.435741],[2.153478,41.435885],[2.15337,41.435911],[2.15319,41.435955],[2.152855,41.435979],[2.152772,41.43588],[2.152822,41.435754],[2.152762,41.435744],[2.15275,41.435744],[2.152714,41.435735],[2.152702,41.435735],[2.152523,41.435698],[2.1525,41.435652]]]}},{"type":"Feature","properties":{"barri":"la Clota","districte":"Horta-Guinardó"},"geometry":{"type":"Polygon","coordinates":[[[2.153833,41.4316],[2.153784,41.43169],[2.153678,41.431617],[2.153429,41.431435],[2.152836,41.430953],[2.152801,41.430944],[2.152777,41.430925],[2.152741,41.430916],[2.152705,41.430916],[2.152478,41.430914],[2.152346,41.430904],[2.152322,41.430895],[2.152287,41.430895],[2.152263,41.430895],[2.152227,41.430894],[2.152203,41.430894],[2.152167,41.430885],[2.152143,41.430885],[2.152119,41.430885],[2.152095,41.430884],[2.152083,41.430884],[2.152072,41.430848],[2.152048,41.430821],[2.152048,41.430812],[2.152001,41.430749],[2.152001,41.430749],[2.152001,41.430749],[2.152001,41.430749],[2.151989,41.430731],[2.151942,41.430667],[2.151919,41.430649],[2.151919,41.43064],[2.151907,41.430649],[2.151895,41.430658],[2.151883,41.430658],[2.151871,41.430667],[2.151846,41.430684],[2.151846,41.430684],[2.151834,41.430693],[2.151822,41.430702],[2.151822,41.430702],[2.15181,41.430702],[2.151798,41.430711],[2.151762,41.430702],[2.151691,41.430674],[2.151679,41.430674],[2.151667,41.430674],[2.151631,41.430656],[2.151619,41.430656],[2.15162,41.430647],[2.151608,41.430647],[2.151608,41.430647],[2.151596,41.430638],[2.151584,41.430637],[2.151584,41.430637],[2.151572,41.430628],[2.151572,41.430628],[2.15156,41.430628],[2.151548,41.430619],[2.151548,41.43061],[2.151536,41.43061],[2.151536,41.43061],[2.151524,41.430601],[2.151524,41.430601],[2.151524,41.430601],[2.151513,41.430592],[2.151513,41.430592],[2.151501,41.430592],[2.151501,41.430583],[2.151501,41.430583],[2.151489,41.430574],[2.151489,41.430574],[2.151477,41.430565],[2.151477,41.430565],[2.151465,41.430565],[2.151465,41.430556],[2.151465,41.430556],[2.151453,41.430546],[2.151453,41.430546],[2.151441,41.430537],[2.151394,41.430492],[2.151394,41.430492],[2.151394,41.430492],[2.151382,41.430483],[2.151382,41.430474],[2.151382,41.430474],[2.151383,41.430465],[2.151371,41.430465],[2.151371,41.430456],[2.151371,41.430447],[2.151359,41.430438],[2.151359,41.430438],[2.151359,41.430429],[2.151359,41.430429],[2.151347,41.43042],[2.151347,41.430411],[2.151347,41.430411],[2.151347,41.430402],[2.151348,41.430393],[2.151336,41.430392],[2.151336,41.430383],[2.151336,41.430383],[2.151336,41.430374],[2.151336,41.430374],[2.151336,41.430374],[2.151336,41.430365],[2.151336,41.430356],[2.151324,41.430347],[2.151324,41.430338],[2.151324,41.430329],[2.151325,41.43032],[2.151313,41.430311],[2.151313,41.430311],[2.151313,41.430302],[2.151313,41.430293],[2.151313,41.430284],[2.151313,41.430275],[2.151313,41.430266],[2.151313,41.430257],[2.151314,41.430248],[2.151314,41.430248],[2.151314,41.430239],[2.151314,41.43023],[2.151314,41.430221],[2.151314,41.430212],[2.151314,41.430203],[2.151314,41.430203],[2.151314,41.430194],[2.151326,41.430185],[2.151326,41.430185],[2.151326,41.430176],[2.151061,41.429391],[2.151061,41.429391],[2.151075,41.429247],[2.151076,41.429229],[2.151088,41.429166],[2.151088,41.429166],[2.15109,41.42903],[2.151092,41.428868],[2.151082,41.428742],[2.151082,41.428706],[2.151072,41.428607],[2.151049,41.428508],[2.151026,41.428408],[2.151003,41.428336],[2.150992,41.428282],[2.15098,41.428273],[2.150957,41.428201],[2.150922,41.428128],[2.150899,41.428065],[2.150841,41.427966],[2.150794,41.427884],[2.15077,41.427848],[2.150735,41.427785],[2.150665,41.427685],[2.150606,41.427622],[2.150582,41.427586],[2.150523,41.427513],[2.150464,41.427459],[2.150417,41.427413],[2.15037,41.427359],[2.150311,41.427295],[2.150264,41.427232],[2.150264,41.427232],[2.150217,41.427168],[2.150182,41.427114],[2.150158,41.42706],[2.150123,41.426979],[2.150009,41.426554],[2.149998,41.426527],[2.149986,41.426509],[2.149974,41.426491],[2.149903,41.426446],[2.149832,41.426391],[2.149749,41.426345],[2.149701,41.426309],[2.149666,41.426264],[2.149631,41.426218],[2.149607,41.426173],[2.149608,41.426137],[2.149609,41.426083],[2.149609,41.426047],[2.149609,41.426038],[2.149622,41.426002],[2.149646,41.425966],[2.14967,41.42593],[2.149695,41.425895],[2.149755,41.425859],[2.149815,41.425832],[2.149863,41.425815],[2.150007,41.42578],[2.150103,41.425799],[2.150175,41.425817],[2.150246,41.425845],[2.150293,41.425872],[2.150341,41.425908],[2.150376,41.425945],[2.150412,41.42599],[2.150423,41.426026],[2.150434,41.426071],[2.150446,41.426107],[2.150446,41.426143],[2.150433,41.426179],[2.150613,41.426181],[2.150816,41.4262],[2.150983,41.426228],[2.151126,41.426247],[2.15115,41.426257],[2.151329,41.426294],[2.15146,41.426331],[2.151556,41.426359],[2.151675,41.426405],[2.151758,41.426432],[2.151794,41.426451],[2.151818,41.426469],[2.151877,41.426505],[2.151913,41.426523],[2.151948,41.42656],[2.152078,41.426678],[2.152137,41.426723],[2.152208,41.426778],[2.152292,41.426833],[2.152292,41.426833],[2.152375,41.426878],[2.152458,41.426915],[2.152589,41.426979],[2.152708,41.427025],[2.152839,41.42708],[2.15291,41.427107],[2.153041,41.427153],[2.153268,41.427245],[2.15341,41.4273],[2.153529,41.427355],[2.153553,41.427355],[2.15366,41.42741],[2.153779,41.427474],[2.15391,41.427547],[2.154076,41.427647],[2.154124,41.427675],[2.154171,41.427702],[2.154302,41.427802],[2.154385,41.427857],[2.154729,41.428093],[2.154919,41.428212],[2.155014,41.428267],[2.155263,41.428386],[2.155668,41.428551],[2.155823,41.428597],[2.155966,41.428652],[2.156145,41.428707],[2.15618,41.428726],[2.156324,41.428772],[2.156526,41.428845],[2.157015,41.429011],[2.156905,41.429145],[2.156747,41.429351],[2.156662,41.42945],[2.156517,41.429557],[2.156432,41.429628],[2.156275,41.429717],[2.156071,41.429806],[2.155914,41.429886],[2.155817,41.429966],[2.155756,41.430047],[2.155708,41.4301],[2.155537,41.430324],[2.155464,41.430423],[2.155368,41.430494],[2.154523,41.430992],[2.154318,41.431126],[2.154149,41.431251],[2.154004,41.431385],[2.153919,41.431474],[2.153833,41.4316]]]}},{"type":"Feature","properties":{"barri":"Horta","districte":"Horta-Guinardó"},"geometry":{"type":"Polygon","coordinates":[[[2.132869,41.444766],[2.132857,41.44473],[2.132869,41.444712],[2.132869,41.444712],[2.132869,41.444712],[2.13293,41.444658],[2.133062,41.444605],[2.133195,41.444561],[2.13335,41.444544],[2.133435,41.4445],[2.133435,41.4445],[2.133555,41.444492],[2.133615,41.444438],[2.133676,41.444393],[2.133738,41.444232],[2.133835,41.444124],[2.133992,41.444036],[2.133992,41.444027],[2.134004,41.444027],[2.134004,41.444018],[2.134016,41.444009],[2.134016,41.444009],[2.134016,41.444009],[2.134028,41.444],[2.13404,41.443982],[2.13404,41.443982],[2.13404,41.443982],[2.134052,41.443973],[2.134064,41.443964],[2.134076,41.443964],[2.134076,41.443964],[2.134088,41.443955],[2.134088,41.443955],[2.134088,41.443955],[2.134101,41.443946],[2.134112,41.443946],[2.134137,41.443938],[2.134137,41.443938],[2.134137,41.443938],[2.134137,41.443938],[2.134137,41.443938],[2.134137,41.443938],[2.134149,41.443938],[2.134161,41.443929],[2.134161,41.443929],[2.134173,41.443929],[2.134293,41.443885],[2.134461,41.443823],[2.134642,41.443752],[2.134786,41.443699],[2.134906,41.443682],[2.13499,41.443638],[2.135051,41.443575],[2.135148,41.443513],[2.135269,41.443415],[2.135414,41.443281],[2.135619,41.443147],[2.135753,41.443022],[2.135837,41.442987],[2.135886,41.442942],[2.135934,41.442924],[2.135982,41.442889],[2.136018,41.442871],[2.136102,41.442835],[2.136199,41.442791],[2.136271,41.442738],[2.136295,41.442729],[2.136307,41.442729],[2.136393,41.442612],[2.136478,41.442487],[2.13654,41.442361],[2.136589,41.442272],[2.136673,41.442227],[2.136746,41.442138],[2.136783,41.442084],[2.136819,41.442039],[2.136892,41.441977],[2.136928,41.441941],[2.136989,41.441887],[2.13705,41.441816],[2.137063,41.441726],[2.137063,41.44169],[2.137052,41.441672],[2.137052,41.441654],[2.13704,41.441617],[2.137029,41.441572],[2.137017,41.441545],[2.137006,41.441518],[2.136995,41.441392],[2.136985,41.441275],[2.136975,41.441149],[2.136952,41.441049],[2.136941,41.440959],[2.13699,41.440878],[2.137075,41.440771],[2.137136,41.440708],[2.137173,41.440673],[2.137197,41.440655],[2.137233,41.440637],[2.137305,41.440584],[2.13739,41.440539],[2.137498,41.440495],[2.137594,41.440469],[2.137618,41.44046],[2.137726,41.440434],[2.137738,41.440434],[2.137738,41.440425],[2.137762,41.440425],[2.137775,41.440398],[2.137775,41.440389],[2.137787,41.44038],[2.137799,41.440371],[2.137823,41.440353],[2.137835,41.440335],[2.137836,41.440317],[2.138428,41.44079],[2.138982,41.44056],[2.139198,41.44049],[2.13939,41.440419],[2.13974,41.440259],[2.140317,41.44003],[2.140353,41.440012],[2.140438,41.439976],[2.141148,41.439667],[2.141767,41.439905],[2.14272,41.440282],[2.142816,41.440237],[2.142828,41.440229],[2.14291,41.440373],[2.142945,41.440455],[2.143282,41.440322],[2.143763,41.440136],[2.144367,41.439754],[2.144367,41.439754],[2.144379,41.439745],[2.144403,41.439736],[2.144439,41.439727],[2.144704,41.43963],[2.145076,41.439498],[2.145353,41.439401],[2.145582,41.439258],[2.145582,41.439258],[2.14563,41.439232],[2.145717,41.439061],[2.145729,41.439052],[2.145935,41.438846],[2.145959,41.43882],[2.145971,41.43882],[2.145983,41.43882],[2.145983,41.43882],[2.145995,41.43882],[2.145995,41.43882],[2.146031,41.43882],[2.146055,41.438811],[2.146091,41.438803],[2.146115,41.438776],[2.146127,41.438758],[2.146128,41.438731],[2.146128,41.438704],[2.146152,41.438686],[2.146201,41.438659],[2.146249,41.438633],[2.146261,41.438624],[2.146273,41.438615],[2.146321,41.438597],[2.146707,41.438375],[2.147165,41.438126],[2.147177,41.438117],[2.147201,41.438099],[2.147213,41.438099],[2.147347,41.437956],[2.147418,41.437993],[2.147514,41.438029],[2.147538,41.438012],[2.147562,41.437994],[2.147719,41.43786],[2.147925,41.43769],[2.147937,41.437672],[2.147961,41.437663],[2.147973,41.437646],[2.147998,41.437628],[2.14801,41.43761],[2.148022,41.437592],[2.148034,41.437574],[2.148046,41.437556],[2.148071,41.43752],[2.148083,41.437502],[2.148095,41.437466],[2.148096,41.437457],[2.148096,41.437448],[2.148108,41.43743],[2.148108,41.437421],[2.148108,41.437412],[2.148133,41.437304],[2.148147,41.437178],[2.148172,41.43708],[2.148173,41.437053],[2.148185,41.437026],[2.148185,41.437008],[2.148275,41.436549],[2.148568,41.436119],[2.148627,41.436164],[2.148686,41.43621],[2.148746,41.436246],[2.148817,41.436301],[2.148876,41.436337],[2.148995,41.436428],[2.14909,41.436483],[2.149303,41.43662],[2.149482,41.436729],[2.149648,41.43682],[2.149826,41.436912],[2.150422,41.437114],[2.1509,41.437199],[2.151043,41.437227],[2.151198,41.437264],[2.151377,41.437301],[2.151401,41.437311],[2.151413,41.437311],[2.151425,41.437311],[2.151449,41.437311],[2.151461,41.43732],[2.151485,41.43732],[2.151497,41.43732],[2.151521,41.43732],[2.151533,41.43733],[2.151556,41.43733],[2.151568,41.43733],[2.15158,41.43733],[2.151604,41.43733],[2.151616,41.43733],[2.15164,41.43733],[2.151652,41.43733],[2.151676,41.437331],[2.151688,41.437331],[2.1517,41.437331],[2.151724,41.437331],[2.151736,41.437331],[2.15176,41.437331],[2.151772,41.437331],[2.151784,41.437322],[2.151808,41.437323],[2.15182,41.437323],[2.151832,41.437323],[2.151856,41.437323],[2.151868,41.437314],[2.151892,41.437314],[2.151904,41.437314],[2.151916,41.437305],[2.15194,41.437306],[2.151952,41.437306],[2.151976,41.437297],[2.152,41.437288],[2.152036,41.437279],[2.152036,41.437279],[2.152048,41.437279],[2.15206,41.43727],[2.152072,41.437271],[2.152084,41.437262],[2.152096,41.437262],[2.15212,41.437253],[2.152132,41.437253],[2.152144,41.437244],[2.152156,41.437235],[2.152168,41.437235],[2.15218,41.437226],[2.152192,41.437217],[2.152204,41.437217],[2.152228,41.437209],[2.15224,41.4372],[2.152252,41.4372],[2.152264,41.437191],[2.152277,41.437182],[2.152289,41.437173],[2.152301,41.437164],[2.152313,41.437164],[2.152325,41.437155],[2.152337,41.437146],[2.152337,41.437137],[2.152349,41.437128],[2.152361,41.43712],[2.152373,41.437111],[2.152385,41.437102],[2.152397,41.437093],[2.15241,41.437084],[2.152422,41.437075],[2.152434,41.437066],[2.152434,41.437057],[2.152446,41.437048],[2.152458,41.437039],[2.15247,41.43703],[2.152482,41.437021],[2.152494,41.437003],[2.152519,41.436986],[2.152531,41.436977],[2.152555,41.436959],[2.152579,41.436941],[2.152603,41.436923],[2.152615,41.436905],[2.15264,41.436887],[2.152664,41.43687],[2.152676,41.436861],[2.152676,41.436852],[2.152688,41.436843],[2.1527,41.436834],[2.152712,41.436834],[2.152712,41.436825],[2.152773,41.436762],[2.152737,41.436726],[2.152714,41.436708],[2.152714,41.436699],[2.152453,41.436481],[2.152441,41.436472],[2.152441,41.436472],[2.152323,41.436372],[2.152252,41.436326],[2.152216,41.436317],[2.152216,41.436317],[2.152192,41.436308],[2.152168,41.436298],[2.152168,41.436298],[2.152145,41.436289],[2.152121,41.436289],[2.152121,41.436289],[2.152121,41.43628],[2.152013,41.436252],[2.152002,41.436243],[2.152002,41.436243],[2.15199,41.436243],[2.15199,41.436243],[2.15199,41.436234],[2.15199,41.436225],[2.152014,41.436198],[2.152051,41.436144],[2.152087,41.436091],[2.152087,41.436082],[2.1521,41.436073],[2.152112,41.436055],[2.152149,41.435983],[2.152222,41.435875],[2.152222,41.435875],[2.152234,41.435858],[2.152246,41.43584],[2.152307,41.435741],[2.15232,41.435714],[2.15232,41.435714],[2.15232,41.435714],[2.152332,41.435705],[2.152416,41.435679],[2.15244,41.43567],[2.1525,41.435652],[2.152523,41.435698],[2.152702,41.435735],[2.152714,41.435735],[2.15275,41.435744],[2.152762,41.435744],[2.152822,41.435754],[2.152772,41.43588],[2.152855,41.435979],[2.15319,41.435955],[2.15337,41.435911],[2.153478,41.435885],[2.153516,41.435741],[2.153518,41.435633],[2.153519,41.435516],[2.153473,41.435398],[2.153391,41.435281],[2.153273,41.435145],[2.153084,41.434909],[2.153014,41.434818],[2.152908,41.434637],[2.152803,41.434448],[2.152722,41.434258],[2.152641,41.434041],[2.152606,41.433978],[2.15257,41.433923],[2.152511,41.433869],[2.15238,41.433814],[2.152297,41.43375],[2.152227,41.433651],[2.152216,41.433588],[2.152217,41.433488],[2.152266,41.433399],[2.152315,41.433336],[2.152399,41.433283],[2.152519,41.433238],[2.152699,41.433204],[2.152771,41.433186],[2.152771,41.433186],[2.152784,41.433177],[2.152868,41.433142],[2.152916,41.433097],[2.152941,41.433061],[2.153087,41.432837],[2.153124,41.432784],[2.153209,41.432649],[2.153784,41.43169],[2.153833,41.4316],[2.153919,41.431474],[2.154004,41.431385],[2.154149,41.431251],[2.154318,41.431126],[2.154523,41.430992],[2.155368,41.430494],[2.155464,41.430423],[2.155537,41.430324],[2.155708,41.4301],[2.155756,41.430047],[2.155817,41.429966],[2.155914,41.429886],[2.156071,41.429806],[2.156275,41.429717],[2.156432,41.429628],[2.156517,41.429557],[2.156662,41.42945],[2.156747,41.429351],[2.156905,41.429145],[2.157015,41.429011],[2.157467,41.429167],[2.157944,41.429333],[2.157914,41.428837],[2.157916,41.428747],[2.157905,41.428639],[2.157907,41.428504],[2.157763,41.428485],[2.157776,41.428422],[2.157789,41.428323],[2.157827,41.428179],[2.157866,41.42799],[2.157929,41.427694],[2.157954,41.427658],[2.157978,41.427604],[2.158042,41.427325],[2.158133,41.426767],[2.158125,41.42647],[2.158187,41.426263],[2.158289,41.42576],[2.15834,41.425526],[2.158541,41.425698],[2.158589,41.425735],[2.158743,41.425817],[2.15885,41.425881],[2.158874,41.42589],[2.158957,41.425945],[2.159064,41.425999],[2.159147,41.426045],[2.159207,41.426082],[2.159362,41.426137],[2.159433,41.426164],[2.15954,41.426201],[2.159767,41.426284],[2.159933,41.426339],[2.159945,41.426339],[2.160052,41.426385],[2.160172,41.426431],[2.160362,41.426513],[2.160433,41.426541],[2.160481,41.426559],[2.160767,41.426678],[2.160969,41.42677],[2.161064,41.426807],[2.161362,41.426935],[2.161517,41.426999],[2.161683,41.427072],[2.161993,41.427201],[2.162052,41.427219],[2.162064,41.427228],[2.1621,41.427238],[2.16235,41.42733],[2.162505,41.427394],[2.162933,41.427568],[2.163385,41.427787],[2.163719,41.427934],[2.163801,41.428007],[2.163693,41.428069],[2.163633,41.428095],[2.163787,41.428205],[2.164796,41.428852],[2.164962,41.428952],[2.16615,41.429627],[2.16615,41.429627],[2.164836,41.430392],[2.164317,41.430767],[2.164087,41.430972],[2.16365,41.431383],[2.163407,41.431697],[2.163322,41.431822],[2.163236,41.431975],[2.163186,41.432119],[2.16316,41.432263],[2.163147,41.432334],[2.16311,41.43246],[2.163107,41.432712],[2.163116,41.432884],[2.163151,41.433028],[2.163471,41.434183],[2.163574,41.434553],[2.163586,41.434562],[2.163805,41.435204],[2.164177,41.43608],[2.164212,41.436152],[2.16427,41.436288],[2.163333,41.436542],[2.163213,41.436577],[2.163165,41.436586],[2.163235,41.436677],[2.163247,41.436704],[2.163247,41.436713],[2.163259,41.436722],[2.16327,41.436749],[2.163294,41.436767],[2.163294,41.436776],[2.163294,41.436776],[2.163306,41.436794],[2.163317,41.436803],[2.163353,41.436858],[2.163364,41.436876],[2.1634,41.43693],[2.163447,41.436993],[2.163517,41.437102],[2.163493,41.43712],[2.163372,41.437191],[2.16336,41.437191],[2.163288,41.437236],[2.163288,41.437245],[2.163252,41.437262],[2.163216,41.43728],[2.163215,41.437289],[2.163227,41.437298],[2.163239,41.437307],[2.163203,41.437325],[2.163203,41.437325],[2.163191,41.437334],[2.163155,41.437352],[2.163143,41.437361],[2.163131,41.437361],[2.163131,41.437361],[2.163166,41.437397],[2.16319,41.437415],[2.163273,41.437506],[2.163285,41.437506],[2.163332,41.437551],[2.163344,41.43756],[2.163367,41.437587],[2.163379,41.437597],[2.163379,41.437606],[2.163391,41.437615],[2.163415,41.437624],[2.163415,41.437633],[2.163415,41.437633],[2.163462,41.437678],[2.163486,41.437696],[2.163533,41.437742],[2.163545,41.437751],[2.163568,41.437778],[2.163592,41.437805],[2.163592,41.437805],[2.163592,41.437805],[2.163604,41.437805],[2.163604,41.437805],[2.163604,41.437814],[2.163616,41.437823],[2.163627,41.437833],[2.163651,41.437851],[2.163663,41.43786],[2.163651,41.43786],[2.162565,41.438509],[2.162505,41.438545],[2.162445,41.43859],[2.162384,41.438625],[2.162275,41.438714],[2.162179,41.438804],[2.162118,41.438848],[2.162021,41.438947],[2.161948,41.439027],[2.161936,41.439045],[2.161875,41.439117],[2.161839,41.43918],[2.161754,41.439242],[2.16167,41.439286],[2.161716,41.439422],[2.161796,41.439666],[2.161796,41.439666],[2.161748,41.439701],[2.1617,41.439746],[2.161675,41.439773],[2.161639,41.439818],[2.161602,41.43988],[2.161565,41.439952],[2.161541,41.440015],[2.161528,41.440078],[2.161527,41.440141],[2.161538,41.440195],[2.161549,41.440267],[2.161572,41.440331],[2.161607,41.440394],[2.161654,41.440466],[2.161702,41.44053],[2.161761,41.440575],[2.161832,41.440621],[2.161891,41.440666],[2.161963,41.440703],[2.162046,41.44073],[2.162118,41.440758],[2.162213,41.440777],[2.162285,41.440786],[2.162368,41.440796],[2.162391,41.440895],[2.162437,41.441012],[2.162397,41.441327],[2.162397,41.441327],[2.161711,41.441629],[2.16164,41.441565],[2.161544,41.441609],[2.161496,41.441627],[2.1614,41.441671],[2.1614,41.441671],[2.161291,41.441716],[2.161087,41.441804],[2.160605,41.442026],[2.160593,41.442026],[2.160593,41.442026],[2.160593,41.442026],[2.160581,41.442035],[2.160581,41.442035],[2.160557,41.442044],[2.160557,41.442044],[2.160497,41.44207],[2.160424,41.442097],[2.160328,41.442132],[2.160124,41.442203],[2.160112,41.442221],[2.160087,41.442256],[2.160063,41.442274],[2.15999,41.442355],[2.159966,41.442382],[2.159942,41.442372],[2.159824,41.442281],[2.159753,41.442218],[2.159694,41.442127],[2.159441,41.442225],[2.159188,41.442376],[2.159115,41.442438],[2.159042,41.442519],[2.158981,41.442627],[2.158932,41.442716],[2.158701,41.443012],[2.158602,41.443263],[2.158541,41.443353],[2.158491,41.443479],[2.158477,41.443695],[2.158403,41.443856],[2.158341,41.443955],[2.158293,41.444],[2.158172,41.444089],[2.158028,41.44416],[2.157991,41.444205],[2.157979,41.44425],[2.157964,41.444421],[2.157951,41.444529],[2.157902,41.444618],[2.157841,41.444708],[2.157708,41.444833],[2.157526,41.444985],[2.157478,41.445021],[2.157382,41.445047],[2.157118,41.44509],[2.156998,41.445107],[2.156913,41.445152],[2.156829,41.445205],[2.15672,41.445285],[2.156612,41.445348],[2.156479,41.44541],[2.156359,41.445454],[2.156262,41.445498],[2.156106,41.445542],[2.156058,41.445551],[2.156022,41.44555],[2.155903,41.445549],[2.155831,41.445549],[2.155783,41.445558],[2.155747,41.445584],[2.155722,41.445611],[2.15571,41.445656],[2.155709,41.445692],[2.155757,41.445729],[2.155792,41.445747],[2.15584,41.445765],[2.15584,41.445765],[2.1559,41.445775],[2.156008,41.445775],[2.156211,41.445786],[2.156426,41.445833],[2.156653,41.445879],[2.157082,41.445963],[2.157166,41.445991],[2.157214,41.446009],[2.157249,41.446055],[2.157319,41.446172],[2.157412,41.446371],[2.157519,41.446489],[2.157589,41.446607],[2.157588,41.446715],[2.157562,41.44685],[2.157549,41.446949],[2.157512,41.44702],[2.157475,41.447083],[2.157427,41.447128],[2.157246,41.447217],[2.157113,41.447279],[2.157065,41.447323],[2.157041,41.44735],[2.157028,41.447395],[2.15704,41.447431],[2.157099,41.44745],[2.157207,41.44746],[2.157338,41.447461],[2.157494,41.447471],[2.157577,41.447498],[2.157661,41.447544],[2.157672,41.447553],[2.157779,41.447608],[2.157946,41.447708],[2.158064,41.447826],[2.158336,41.448071],[2.158643,41.448407],[2.158749,41.448534],[2.158925,41.448805],[2.158949,41.448823],[2.159008,41.448896],[2.159149,41.449077],[2.159278,41.449267],[2.15942,41.449394],[2.159431,41.449503],[2.159418,41.449593],[2.159488,41.449764],[2.159473,41.449962],[2.159374,41.450187],[2.159217,41.450321],[2.159181,41.450356],[2.159132,41.450446],[2.159107,41.450518],[2.158963,41.450517],[2.158927,41.45049],[2.158868,41.450426],[2.158774,41.450344],[2.158679,41.450299],[2.158583,41.450262],[2.1585,41.450225],[2.158429,41.450171],[2.158369,41.450125],[2.15831,41.45008],[2.158275,41.450044],[2.158215,41.449998],[2.158168,41.449953],[2.158097,41.449889],[2.158014,41.449825],[2.157967,41.449807],[2.157907,41.44978],[2.1578,41.449734],[2.157681,41.449679],[2.157562,41.449624],[2.157502,41.449606],[2.157443,41.449596],[2.157383,41.449587],[2.157323,41.449604],[2.157214,41.449639],[2.157082,41.449684],[2.15695,41.449728],[2.156805,41.44979],[2.156745,41.449825],[2.156697,41.449852],[2.156649,41.449888],[2.156576,41.449914],[2.156433,41.449922],[2.156313,41.449921],[2.156157,41.449938],[2.156013,41.449955],[2.155846,41.449936],[2.155727,41.44989],[2.155548,41.449825],[2.155465,41.449789],[2.155382,41.449734],[2.155275,41.449679],[2.155167,41.449624],[2.154965,41.449569],[2.15475,41.449531],[2.154547,41.449458],[2.15444,41.449421],[2.15444,41.449421],[2.15444,41.449421],[2.15444,41.449421],[2.15444,41.449421],[2.15444,41.449421],[2.15444,41.449421],[2.15444,41.449421],[2.15444,41.449421],[2.154428,41.449421],[2.154428,41.449421],[2.154428,41.449421],[2.154428,41.449421],[2.154428,41.449421],[2.154428,41.449421],[2.154428,41.449421],[2.154428,41.449421],[2.154428,41.449421],[2.154428,41.449421],[2.154416,41.449412],[2.154416,41.449412],[2.154416,41.449412],[2.154416,41.449412],[2.154416,41.449412],[2.154416,41.449412],[2.154416,41.449412],[2.154416,41.449412],[2.154416,41.449412],[2.154416,41.449412],[2.154416,41.449412],[2.154404,41.449412],[2.154404,41.449412],[2.154404,41.449412],[2.154404,41.449412],[2.154404,41.449412],[2.154404,41.449412],[2.154404,41.449403],[2.154404,41.449403],[2.154404,41.449403],[2.154404,41.449403],[2.154404,41.449403],[2.154392,41.449403],[2.154392,41.449403],[2.154392,41.449403],[2.154392,41.449403],[2.154392,41.449403],[2.154392,41.449403],[2.154392,41.449403],[2.154392,41.449403],[2.154392,41.449403],[2.154392,41.449403],[2.154392,41.449403],[2.154392,41.449403],[2.154392,41.449394],[2.15438,41.449393],[2.15438,41.449393],[2.15438,41.449393],[2.15438,41.449393],[2.15438,41.449393],[2.15438,41.449393],[2.15438,41.449393],[2.15438,41.449393],[2.15438,41.449393],[2.15438,41.449393],[2.15438,41.449393],[2.154368,41.449393],[2.154368,41.449384],[2.154368,41.449384],[2.154368,41.449384],[2.154368,41.449384],[2.154368,41.449384],[2.154368,41.449384],[2.154368,41.449384],[2.154368,41.449384],[2.154368,41.449384],[2.154368,41.449384],[2.154368,41.449384],[2.154368,41.449384],[2.154356,41.449384],[2.154356,41.449384],[2.154357,41.449375],[2.154357,41.449375],[2.154357,41.449375],[2.154357,41.449375],[2.154357,41.449375],[2.154357,41.449375],[2.154357,41.449375],[2.154357,41.449375],[2.154357,41.449375],[2.154357,41.449375],[2.154357,41.449375],[2.154357,41.449375],[2.154345,41.449366],[2.154345,41.449366],[2.154345,41.449366],[2.154345,41.449366],[2.154345,41.449366],[2.154345,41.449366],[2.154345,41.449366],[2.154345,41.449366],[2.154345,41.449366],[2.154345,41.449366],[2.154345,41.449366],[2.154345,41.449357],[2.154345,41.449357],[2.154345,41.449357],[2.154333,41.449357],[2.154333,41.449357],[2.154333,41.449357],[2.154333,41.449357],[2.154333,41.449357],[2.154333,41.449357],[2.154333,41.449357],[2.154333,41.449357],[2.154333,41.449348],[2.154333,41.449348],[2.154333,41.449348],[2.154333,41.449348],[2.154333,41.449348],[2.154333,41.449348],[2.154333,41.449348],[2.154333,41.449348],[2.154333,41.449348],[2.154321,41.449339],[2.154309,41.449321],[2.154286,41.449312],[2.154286,41.449303],[2.15425,41.449275],[2.154167,41.449221],[2.154143,41.449203],[2.154013,41.449112],[2.153906,41.449039],[2.153835,41.448984],[2.153681,41.448884],[2.153562,41.448802],[2.15355,41.448784],[2.153527,41.448766],[2.153503,41.448747],[2.153432,41.448648],[2.153432,41.448648],[2.153432,41.448648],[2.153432,41.448648],[2.153432,41.448648],[2.153432,41.448648],[2.153432,41.448648],[2.153432,41.448648],[2.153432,41.448648],[2.153432,41.448648],[2.153432,41.448648],[2.153432,41.448639],[2.153432,41.448639],[2.153432,41.448639],[2.15342,41.448639],[2.15342,41.448639],[2.15342,41.448639],[2.15342,41.448639],[2.15342,41.448639],[2.15342,41.448639],[2.15342,41.448639],[2.15342,41.448639],[2.153421,41.44863],[2.153421,41.44863],[2.153421,41.44863],[2.153421,41.44863],[2.153421,41.44863],[2.153421,41.44863],[2.153421,41.44863],[2.153421,41.44863],[2.153421,41.44863],[2.153421,41.44863],[2.153421,41.448621],[2.153421,41.448621],[2.153421,41.448621],[2.153421,41.448621],[2.153421,41.448621],[2.153421,41.448621],[2.153421,41.448621],[2.153421,41.448621],[2.153421,41.448621],[2.153409,41.448621],[2.153409,41.448612],[2.153409,41.448612],[2.153409,41.448612],[2.153409,41.448612],[2.153409,41.448612],[2.153409,41.448612],[2.153409,41.448612],[2.153409,41.448612],[2.153409,41.448612],[2.153409,41.448612],[2.153409,41.448603],[2.153409,41.448603],[2.153409,41.448603],[2.153409,41.448603],[2.153409,41.448603],[2.153409,41.448603],[2.153409,41.448603],[2.153409,41.448603],[2.153409,41.448603],[2.153409,41.448603],[2.153409,41.448594],[2.153409,41.448594],[2.153409,41.448594],[2.153409,41.448594],[2.153409,41.448594],[2.153409,41.448594],[2.153409,41.448594],[2.153409,41.448594],[2.153409,41.448594],[2.153409,41.448594],[2.153409,41.448585],[2.153409,41.448585],[2.153409,41.448585],[2.153409,41.448585],[2.153409,41.448585],[2.153409,41.448585],[2.153409,41.448585],[2.153409,41.448585],[2.153409,41.448585],[2.153409,41.448585],[2.153409,41.448576],[2.153409,41.448576],[2.153409,41.448576],[2.153409,41.448576],[2.153409,41.448576],[2.153409,41.448576],[2.153409,41.448576],[2.153409,41.448576],[2.153388,41.448377],[2.153342,41.448215],[2.15332,41.448062],[2.153309,41.447971],[2.15331,41.447899],[2.153299,41.447845],[2.153264,41.447791],[2.15318,41.447763],[2.153061,41.447735],[2.152954,41.44769],[2.152846,41.447662],[2.152763,41.447607],[2.152609,41.447498],[2.152526,41.447425],[2.15236,41.447298],[2.152206,41.44718],[2.152076,41.447062],[2.152029,41.447043],[2.151969,41.447025],[2.151909,41.447024],[2.151837,41.447024],[2.151717,41.447041],[2.151621,41.447067],[2.151489,41.447102],[2.151297,41.447146],[2.151153,41.44719],[2.151044,41.447225],[2.150864,41.447269],[2.150756,41.447304],[2.15066,41.447303],[2.150577,41.447285],[2.150446,41.44723],[2.150362,41.447211],[2.150291,41.447202],[2.150195,41.447192],[2.150004,41.447172],[2.14986,41.447189],[2.149728,41.447215],[2.149644,41.447233],[2.149536,41.447223],[2.149429,41.447177],[2.149286,41.447104],[2.149227,41.447059],[2.149156,41.447004],[2.149061,41.446949],[2.148882,41.446903],[2.148739,41.446839],[2.148632,41.446793],[2.14856,41.446774],[2.148489,41.446756],[2.148429,41.446755],[2.148369,41.446773],[2.148261,41.446808],[2.148141,41.446825],[2.148056,41.446852],[2.147925,41.44686],[2.147805,41.446877],[2.147709,41.446903],[2.147588,41.446947],[2.147408,41.447036],[2.147251,41.447116],[2.147082,41.447223],[2.146949,41.447339],[2.146792,41.447446],[2.146719,41.447508],[2.146611,41.447553],[2.146503,41.447588],[2.146334,41.447632],[2.146238,41.44764],[2.146095,41.447657],[2.145927,41.447683],[2.145771,41.447709],[2.145651,41.447726],[2.145423,41.447778],[2.145326,41.447822],[2.145206,41.447884],[2.145145,41.447938],[2.145097,41.447956],[2.145037,41.447955],[2.144858,41.4479],[2.144763,41.447854],[2.144596,41.447817],[2.144465,41.447798],[2.144273,41.447769],[2.144154,41.447769],[2.143986,41.447767],[2.143509,41.44762],[2.143426,41.447592],[2.143295,41.447537],[2.143283,41.447537],[2.143247,41.447528],[2.143068,41.447463],[2.143056,41.447463],[2.143033,41.447445],[2.142997,41.447427],[2.142926,41.447363],[2.14257,41.447144],[2.142439,41.447035],[2.142344,41.44698],[2.142273,41.446962],[2.142117,41.446943],[2.142034,41.446942],[2.141854,41.446932],[2.141758,41.446949],[2.14165,41.446984],[2.141566,41.447029],[2.141481,41.447082],[2.141397,41.447145],[2.141348,41.447198],[2.141348,41.447198],[2.141348,41.447198],[2.141348,41.447198],[2.141348,41.447198],[2.141348,41.447198],[2.141336,41.447198],[2.141336,41.447198],[2.141336,41.447198],[2.141336,41.447198],[2.141336,41.447198],[2.141336,41.447198],[2.141336,41.447198],[2.141336,41.447198],[2.141336,41.447207],[2.141336,41.447207],[2.141324,41.447207],[2.141324,41.447207],[2.141324,41.447207],[2.141324,41.447207],[2.141324,41.447207],[2.141324,41.447207],[2.141324,41.447207],[2.141324,41.447207],[2.141324,41.447207],[2.141324,41.447207],[2.141312,41.447207],[2.141312,41.447207],[2.141312,41.447207],[2.141312,41.447207],[2.141312,41.447207],[2.141312,41.447207],[2.141312,41.447207],[2.141312,41.447207],[2.141312,41.447207],[2.141312,41.447207],[2.1413,41.447207],[2.1413,41.447207],[2.1413,41.447207],[2.1413,41.447207],[2.1413,41.447207],[2.1413,41.447207],[2.1413,41.447207],[2.1413,41.447207],[2.1413,41.447207],[2.1413,41.447207],[2.141288,41.447207],[2.141288,41.447207],[2.141288,41.447207],[2.141288,41.447207],[2.141288,41.447207],[2.141288,41.447207],[2.141288,41.447207],[2.141288,41.447207],[2.141288,41.447207],[2.141288,41.447207],[2.141276,41.447207],[2.141276,41.447207],[2.141276,41.447207],[2.141276,41.447207],[2.141276,41.447207],[2.141276,41.447207],[2.141276,41.447207],[2.141276,41.447207],[2.141276,41.447207],[2.141276,41.447207],[2.141264,41.447207],[2.141264,41.447207],[2.141264,41.447207],[2.141264,41.447207],[2.141264,41.447207],[2.141264,41.447207],[2.141264,41.447207],[2.141264,41.447207],[2.141264,41.447207],[2.141264,41.447207],[2.141252,41.447207],[2.141252,41.447207],[2.141252,41.447207],[2.141252,41.447207],[2.141252,41.447207],[2.141252,41.447207],[2.141252,41.447207],[2.141252,41.447207],[2.141252,41.447207],[2.141252,41.447207],[2.14124,41.447206],[2.14124,41.447206],[2.14124,41.447206],[2.14124,41.447206],[2.14124,41.447206],[2.14124,41.447206],[2.14124,41.447206],[2.14124,41.447206],[2.14124,41.447206],[2.14124,41.447215],[2.141228,41.447215],[2.141228,41.447215],[2.141228,41.447215],[2.141228,41.447215],[2.141228,41.447215],[2.141228,41.447215],[2.141228,41.447215],[2.141216,41.447215],[2.141204,41.447215],[2.141192,41.447224],[2.14118,41.447233],[2.14118,41.447242],[2.141168,41.447251],[2.141155,41.447269],[2.141143,41.447278],[2.141131,41.447287],[2.141119,41.447296],[2.141095,41.447313],[2.141059,41.447331],[2.141023,41.447358],[2.140998,41.447376],[2.140986,41.447385],[2.140962,41.447393],[2.140938,41.447402],[2.14089,41.44742],[2.140842,41.447438],[2.140818,41.447446],[2.140794,41.447446],[2.140746,41.447464],[2.140698,41.447473],[2.140674,41.447472],[2.140662,41.447481],[2.140614,41.447481],[2.140578,41.447481],[2.140566,41.44749],[2.140506,41.447489],[2.140494,41.447489],[2.140494,41.447489],[2.140494,41.447489],[2.140494,41.447489],[2.140494,41.447489],[2.140494,41.447489],[2.140494,41.447489],[2.140494,41.447489],[2.140494,41.447489],[2.140494,41.447489],[2.140494,41.44748],[2.140482,41.44748],[2.140482,41.44748],[2.140482,41.44748],[2.140482,41.44748],[2.140482,41.44748],[2.140482,41.44748],[2.140482,41.44748],[2.140482,41.44748],[2.140482,41.44748],[2.140482,41.44748],[2.14047,41.44748],[2.14047,41.44748],[2.14047,41.44748],[2.14047,41.44748],[2.14047,41.44748],[2.14047,41.44748],[2.14047,41.44748],[2.14047,41.44748],[2.14047,41.44748],[2.14047,41.44748],[2.140458,41.44748],[2.140458,41.44748],[2.140458,41.44748],[2.140458,41.44748],[2.140458,41.44748],[2.140458,41.44748],[2.140458,41.44748],[2.140458,41.44748],[2.140458,41.44748],[2.140458,41.44748],[2.140446,41.44748],[2.140446,41.44748],[2.140446,41.44748],[2.140446,41.44748],[2.140446,41.44748],[2.140446,41.44748],[2.140446,41.44748],[2.140446,41.44748],[2.140446,41.44748],[2.140446,41.44748],[2.140434,41.44748],[2.140434,41.44748],[2.140434,41.44748],[2.140434,41.44748],[2.140434,41.44748],[2.140434,41.44748],[2.140434,41.44748],[2.140434,41.44748],[2.140434,41.44748],[2.140434,41.44748],[2.140422,41.44748],[2.140422,41.44748],[2.140422,41.44748],[2.140422,41.44748],[2.140422,41.44748],[2.140422,41.44748],[2.140422,41.44748],[2.140422,41.44748],[2.140422,41.44748],[2.140422,41.44748],[2.14041,41.447479],[2.14041,41.447479],[2.14041,41.447479],[2.14041,41.447479],[2.14041,41.447479],[2.14041,41.447479],[2.14041,41.447479],[2.14041,41.447479],[2.14041,41.447479],[2.14041,41.447479],[2.140398,41.447479],[2.140398,41.447479],[2.140398,41.447488],[2.140398,41.447488],[2.140398,41.447488],[2.140398,41.447488],[2.140398,41.447488],[2.140398,41.447488],[2.140398,41.447488],[2.140398,41.447488],[2.140386,41.447488],[2.140386,41.447488],[2.140386,41.447488],[2.140386,41.447488],[2.140386,41.447488],[2.140386,41.447488],[2.140386,41.447488],[2.140386,41.447488],[2.140386,41.447488],[2.140386,41.447488],[2.140374,41.447488],[2.140374,41.447488],[2.140374,41.447488],[2.140374,41.447488],[2.140374,41.447488],[2.140374,41.447488],[2.140374,41.447488],[2.140374,41.447488],[2.140374,41.447488],[2.140374,41.447488],[2.140362,41.447488],[2.140362,41.447488],[2.140362,41.447488],[2.140362,41.447488],[2.140362,41.447488],[2.140362,41.447488],[2.140362,41.447488],[2.140362,41.447488],[2.140362,41.447488],[2.140362,41.447488],[2.14035,41.447488],[2.14035,41.447488],[2.14035,41.447488],[2.14035,41.447488],[2.14035,41.447488],[2.14035,41.447488],[2.14035,41.447488],[2.14035,41.447488],[2.14035,41.447488],[2.14035,41.447488],[2.140338,41.447488],[2.140338,41.447488],[2.140338,41.447488],[2.140338,41.447488],[2.140338,41.447488],[2.140338,41.447488],[2.140338,41.447488],[2.140338,41.447488],[2.140338,41.447488],[2.140338,41.447488],[2.140327,41.447488],[2.140327,41.447488],[2.140327,41.447488],[2.140327,41.447488],[2.140327,41.447488],[2.140327,41.447488],[2.140327,41.447488],[2.140327,41.447488],[2.140327,41.447488],[2.140327,41.447488],[2.140315,41.447488],[2.140315,41.447488],[2.140315,41.447488],[2.140315,41.447488],[2.140315,41.447488],[2.140315,41.447488],[2.140315,41.447488],[2.140315,41.447488],[2.140315,41.447488],[2.140315,41.447488],[2.140303,41.447488],[2.140303,41.447488],[2.140303,41.447488],[2.140303,41.447488],[2.140303,41.447488],[2.140303,41.447488],[2.140303,41.447488],[2.140303,41.447488],[2.140303,41.447488],[2.140303,41.447488],[2.140291,41.447488],[2.140291,41.447488],[2.140291,41.447488],[2.140291,41.447488],[2.140291,41.447488],[2.140291,41.447488],[2.140291,41.447488],[2.140291,41.447488],[2.140291,41.447488],[2.140291,41.447488],[2.140279,41.447487],[2.140279,41.447487],[2.140279,41.447487],[2.140279,41.447487],[2.140279,41.447487],[2.140279,41.447487],[2.140279,41.447487],[2.140279,41.447487],[2.140279,41.447487],[2.140279,41.447487],[2.140267,41.447487],[2.140267,41.447487],[2.140267,41.447487],[2.140267,41.447487],[2.140267,41.447487],[2.140267,41.447487],[2.140267,41.447487],[2.140267,41.447496],[2.140267,41.447496],[2.140267,41.447496],[2.140255,41.447496],[2.140255,41.447496],[2.140255,41.447496],[2.140255,41.447496],[2.140255,41.447496],[2.140255,41.447496],[2.140255,41.447496],[2.140255,41.447496],[2.140255,41.447496],[2.140255,41.447496],[2.140243,41.447496],[2.140243,41.447496],[2.140243,41.447496],[2.140243,41.447496],[2.140243,41.447496],[2.140243,41.447496],[2.140243,41.447496],[2.140243,41.447496],[2.140243,41.447496],[2.140243,41.447496],[2.140231,41.447496],[2.140231,41.447496],[2.140231,41.447496],[2.140231,41.447496],[2.140231,41.447496],[2.140231,41.447496],[2.140231,41.447496],[2.140231,41.447496],[2.140231,41.447496],[2.140231,41.447496],[2.140219,41.447496],[2.140219,41.447496],[2.140219,41.447496],[2.140219,41.447496],[2.140219,41.447496],[2.140219,41.447496],[2.140219,41.447496],[2.140219,41.447496],[2.140219,41.447496],[2.140219,41.447496],[2.140207,41.447496],[2.140207,41.447496],[2.140207,41.447496],[2.140207,41.447496],[2.140207,41.447496],[2.140207,41.447496],[2.140207,41.447496],[2.140207,41.447496],[2.140207,41.447505],[2.140207,41.447505],[2.140195,41.447505],[2.140195,41.447505],[2.140195,41.447505],[2.140195,41.447505],[2.140195,41.447505],[2.140195,41.447505],[2.140195,41.447505],[2.140195,41.447505],[2.140195,41.447505],[2.140195,41.447505],[2.140183,41.447505],[2.140183,41.447505],[2.140183,41.447505],[2.140183,41.447505],[2.140183,41.447505],[2.140183,41.447505],[2.140183,41.447505],[2.140183,41.447505],[2.140183,41.447505],[2.140183,41.447505],[2.140171,41.447505],[2.140171,41.447505],[2.140171,41.447505],[2.140171,41.447505],[2.140171,41.447505],[2.140171,41.447505],[2.140171,41.447505],[2.140171,41.447505],[2.140171,41.447505],[2.140171,41.447505],[2.140159,41.447505],[2.140159,41.447505],[2.140159,41.447505],[2.140159,41.447505],[2.140159,41.447505],[2.140159,41.447505],[2.140159,41.447505],[2.140159,41.447514],[2.140159,41.447514],[2.140159,41.447514],[2.140147,41.447514],[2.140147,41.447514],[2.140147,41.447514],[2.140147,41.447514],[2.140147,41.447514],[2.140147,41.447514],[2.140147,41.447514],[2.140147,41.447514],[2.140147,41.447514],[2.140147,41.447514],[2.140135,41.447513],[2.140135,41.447513],[2.140135,41.447513],[2.140135,41.447513],[2.140135,41.447513],[2.140135,41.447513],[2.140135,41.447513],[2.140135,41.447513],[2.140135,41.447513],[2.140135,41.447513],[2.140123,41.447513],[2.140123,41.447513],[2.140123,41.447513],[2.140123,41.447513],[2.140123,41.447513],[2.140123,41.447513],[2.140123,41.447513],[2.140123,41.447513],[2.140123,41.447513],[2.140123,41.447513],[2.140123,41.447522],[2.140111,41.447522],[2.140111,41.447522],[2.140111,41.447522],[2.140111,41.447522],[2.140111,41.447522],[2.140111,41.447522],[2.140111,41.447522],[2.140111,41.447522],[2.140111,41.447522],[2.140111,41.447522],[2.140099,41.447522],[2.140099,41.447522],[2.140099,41.447522],[2.140099,41.447522],[2.140099,41.447522],[2.140099,41.447522],[2.140099,41.447522],[2.140099,41.447522],[2.140099,41.447522],[2.140099,41.447522],[2.140087,41.447522],[2.140087,41.447522],[2.140087,41.447522],[2.140087,41.447522],[2.140087,41.447522],[2.140087,41.447522],[2.140087,41.447522],[2.140087,41.447522],[2.140087,41.447531],[2.140087,41.447531],[2.140087,41.447531],[2.140075,41.447531],[2.140075,41.447531],[2.140075,41.447531],[2.140075,41.447531],[2.140075,41.447531],[2.140075,41.447531],[2.140075,41.447531],[2.140075,41.447531],[2.140075,41.447531],[2.140075,41.447531],[2.140063,41.447531],[2.140063,41.447531],[2.140063,41.447531],[2.140063,41.447531],[2.140063,41.447531],[2.140063,41.447531],[2.140063,41.447531],[2.140063,41.447531],[2.140063,41.447531],[2.140063,41.447531],[2.140051,41.447531],[2.140051,41.447531],[2.14005,41.44754],[2.14005,41.44754],[2.14005,41.44754],[2.14005,41.44754],[2.14005,41.44754],[2.14005,41.44754],[2.14005,41.44754],[2.14005,41.44754],[2.140039,41.44754],[2.140039,41.44754],[2.140039,41.44754],[2.140039,41.44754],[2.140039,41.44754],[2.140039,41.44754],[2.140039,41.44754],[2.140039,41.44754],[2.140039,41.44754],[2.140039,41.44754],[2.140027,41.44754],[2.140027,41.44754],[2.140027,41.44754],[2.140027,41.44754],[2.140027,41.44754],[2.140027,41.44754],[2.140026,41.447549],[2.140026,41.447549],[2.140026,41.447549],[2.140026,41.447549],[2.140026,41.447549],[2.140014,41.447549],[2.140014,41.447549],[2.140014,41.447549],[2.140014,41.447549],[2.140014,41.447549],[2.140014,41.447549],[2.140014,41.447549],[2.140014,41.447549],[2.140014,41.447549],[2.140014,41.447549],[2.140002,41.447548],[2.140002,41.447548],[2.140002,41.447548],[2.140002,41.447548],[2.140002,41.447548],[2.140002,41.447548],[2.140002,41.447548],[2.140002,41.447557],[2.140002,41.447557],[2.140002,41.447557],[2.13999,41.447557],[2.13999,41.447557],[2.13999,41.447557],[2.13999,41.447557],[2.13999,41.447557],[2.13999,41.447557],[2.139978,41.447557],[2.139978,41.447566],[2.139954,41.447575],[2.139942,41.447584],[2.139918,41.447593],[2.139894,41.447611],[2.139894,41.447611],[2.139894,41.447611],[2.139882,41.447611],[2.139882,41.447611],[2.139882,41.447611],[2.139882,41.447611],[2.139882,41.447611],[2.139882,41.447611],[2.139882,41.44762],[2.139882,41.44762],[2.139882,41.44762],[2.139882,41.44762],[2.13987,41.44762],[2.13987,41.44762],[2.13987,41.44762],[2.13987,41.44762],[2.13987,41.44762],[2.13987,41.44762],[2.13987,41.44762],[2.13987,41.44762],[2.13987,41.44762],[2.13987,41.44762],[2.139858,41.447619],[2.139858,41.447619],[2.139858,41.447619],[2.139858,41.447619],[2.139858,41.447619],[2.139858,41.447619],[2.139858,41.447619],[2.139858,41.447619],[2.139858,41.447619],[2.139858,41.447619],[2.139846,41.447619],[2.139846,41.447619],[2.139846,41.447619],[2.139846,41.447619],[2.139846,41.447619],[2.139846,41.447619],[2.139846,41.447619],[2.139834,41.447619],[2.139834,41.447619],[2.13975,41.447619],[2.13969,41.447627],[2.139678,41.447627],[2.139582,41.447644],[2.139474,41.447653],[2.13939,41.44767],[2.139294,41.447687],[2.139186,41.447695],[2.139043,41.447712],[2.138935,41.447721],[2.138827,41.447738],[2.138719,41.447755],[2.138671,41.447764],[2.138503,41.447807],[2.138299,41.447851],[2.138142,41.447904],[2.13801,41.447939],[2.137926,41.447947],[2.137818,41.447955],[2.137723,41.447946],[2.137639,41.447918],[2.137592,41.447891],[2.137497,41.447836],[2.137437,41.447799],[2.137402,41.447763],[2.137307,41.447726],[2.137235,41.447672],[2.1372,41.447663],[2.137104,41.447617],[2.13702,41.447634],[2.136948,41.447652],[2.136816,41.447687],[2.136624,41.447748],[2.136493,41.447675],[2.13635,41.447611],[2.136148,41.447556],[2.135957,41.4475],[2.135742,41.447435],[2.13543,41.447487],[2.135358,41.447505],[2.135238,41.447531],[2.135202,41.447539],[2.135178,41.447548],[2.13501,41.447583],[2.134914,41.447591],[2.134818,41.447591],[2.13477,41.447581],[2.134735,41.447563],[2.134711,41.447527],[2.134688,41.447482],[2.134629,41.447409],[2.134607,41.447256],[2.134585,41.447093],[2.134491,41.446958],[2.134445,41.446876],[2.134339,41.44674],[2.134256,41.446623],[2.13415,41.446496],[2.13408,41.446396],[2.134021,41.446297],[2.133951,41.446197],[2.13388,41.446097],[2.133845,41.446043],[2.13381,41.445998],[2.133727,41.445925],[2.133609,41.445798],[2.133491,41.445707],[2.133395,41.445652],[2.133205,41.44557],[2.133098,41.445533],[2.133014,41.445505],[2.132931,41.44546],[2.132908,41.445433],[2.132896,41.445378],[2.132897,41.445324],[2.132886,41.445252],[2.132875,41.445198],[2.132888,41.445117],[2.132901,41.445045],[2.132902,41.444946],[2.13288,41.444838],[2.132869,41.444766]]]}},{"type":"Feature","properties":{"barri":"Vilapicina i la Torre Llobeta","districte":"Nou Barris"},"geometry":{"type":"Polygon","coordinates":[[[2.165613,41.430434],[2.165157,41.430548],[2.164592,41.430787],[2.164183,41.430937],[2.164087,41.430972],[2.164317,41.430767],[2.164836,41.430392],[2.16615,41.429627],[2.16615,41.429627],[2.164962,41.428952],[2.164796,41.428852],[2.163787,41.428205],[2.163633,41.428095],[2.163693,41.428069],[2.163801,41.428007],[2.163873,41.427989],[2.164018,41.427945],[2.164222,41.427911],[2.164425,41.427885],[2.164545,41.427868],[2.165001,41.427799],[2.165169,41.427773],[2.16693,41.427597],[2.16729,41.427564],[2.167434,41.427547],[2.167841,41.427495],[2.169712,41.42723],[2.169976,41.427178],[2.170228,41.427107],[2.170456,41.427046],[2.171008,41.426897],[2.171777,41.426686],[2.172353,41.426528],[2.175668,41.425606],[2.175788,41.42558],[2.175896,41.425536],[2.176065,41.425447],[2.176209,41.425457],[2.176879,41.425471],[2.177309,41.425492],[2.177229,41.427122],[2.177226,41.427338],[2.177257,41.427761],[2.177287,41.428176],[2.178486,41.427986],[2.179074,41.427891],[2.179182,41.427874],[2.179446,41.42784],[2.179817,41.427825],[2.182535,41.427718],[2.184295,41.42764],[2.18437,41.428352],[2.184175,41.428648],[2.184126,41.42872],[2.183736,41.429294],[2.183066,41.43019],[2.183054,41.43019],[2.182839,41.430197],[2.182779,41.430197],[2.182576,41.430195],[2.182564,41.430195],[2.18254,41.430195],[2.182217,41.430202],[2.182037,41.430209],[2.18175,41.430207],[2.181738,41.430207],[2.181738,41.430207],[2.181403,41.430214],[2.181307,41.430222],[2.180936,41.43022],[2.180852,41.430228],[2.180816,41.430228],[2.180804,41.430228],[2.180768,41.430227],[2.180421,41.430234],[2.179918,41.430239],[2.179894,41.430239],[2.179858,41.430239],[2.179511,41.430246],[2.179164,41.430252],[2.179056,41.430251],[2.178996,41.430251],[2.178996,41.430251],[2.178123,41.430263],[2.178111,41.430263],[2.177344,41.430275],[2.176722,41.43028],[2.176375,41.430286],[2.175585,41.43029],[2.175525,41.430298],[2.175202,41.430305],[2.174962,41.430303],[2.174687,41.43031],[2.174376,41.430317],[2.173993,41.430332],[2.172867,41.430342],[2.172532,41.43034],[2.171946,41.430335],[2.171922,41.430335],[2.169528,41.43039],[2.169264,41.430415],[2.168989,41.430422],[2.168306,41.430435],[2.16742,41.430456],[2.167277,41.430455],[2.166858,41.430461],[2.166535,41.430468],[2.166307,41.430475],[2.166045,41.43041],[2.165853,41.4304],[2.165613,41.430434]]]}},{"type":"Feature","properties":{"barri":"Porta","districte":"Nou Barris"},"geometry":{"type":"Polygon","coordinates":[[[2.185425,41.4397],[2.18478,41.439624],[2.183477,41.43947],[2.181768,41.439269],[2.181684,41.439259],[2.181493,41.439249],[2.18025,41.439096],[2.180118,41.439077],[2.180106,41.439077],[2.179258,41.438972],[2.17878,41.438905],[2.17878,41.438905],[2.178397,41.438858],[2.178385,41.438858],[2.176557,41.43861],[2.176318,41.438582],[2.176318,41.438582],[2.174896,41.4384],[2.174896,41.438346],[2.174885,41.438292],[2.174838,41.438238],[2.174767,41.438192],[2.174695,41.438165],[2.174647,41.438164],[2.174588,41.438164],[2.17454,41.438173],[2.174467,41.438199],[2.174279,41.437945],[2.174115,41.43771],[2.174009,41.437574],[2.173938,41.437493],[2.173831,41.437384],[2.173784,41.437329],[2.173548,41.437103],[2.173051,41.436622],[2.172886,41.436449],[2.172744,41.436268],[2.172368,41.43577],[2.172227,41.435553],[2.17205,41.435362],[2.172148,41.435192],[2.172246,41.435012],[2.172331,41.434851],[2.172344,41.434833],[2.172442,41.434663],[2.172589,41.434393],[2.17276,41.434097],[2.172785,41.434026],[2.172883,41.433846],[2.172907,41.433801],[2.173054,41.433568],[2.173177,41.433335],[2.173189,41.433326],[2.173323,41.433084],[2.173348,41.43303],[2.173532,41.43268],[2.173703,41.432411],[2.173814,41.432186],[2.173838,41.432142],[2.173875,41.432079],[2.173911,41.432025],[2.173936,41.431971],[2.174058,41.431747],[2.174083,41.431702],[2.174083,41.431684],[2.174218,41.431451],[2.17434,41.431235],[2.174377,41.431164],[2.174475,41.431002],[2.174634,41.430688],[2.174683,41.430616],[2.174687,41.43031],[2.174962,41.430303],[2.175202,41.430305],[2.175525,41.430298],[2.175585,41.43029],[2.176375,41.430286],[2.176722,41.43028],[2.177344,41.430275],[2.178111,41.430263],[2.178123,41.430263],[2.178996,41.430251],[2.178996,41.430251],[2.179056,41.430251],[2.179164,41.430252],[2.179511,41.430246],[2.179858,41.430239],[2.179894,41.430239],[2.179918,41.430239],[2.180421,41.430234],[2.180768,41.430227],[2.180804,41.430228],[2.180816,41.430228],[2.180852,41.430228],[2.180936,41.43022],[2.181307,41.430222],[2.181403,41.430214],[2.181738,41.430207],[2.181738,41.430207],[2.18175,41.430207],[2.182037,41.430209],[2.182217,41.430202],[2.18254,41.430195],[2.182564,41.430195],[2.182576,41.430195],[2.182779,41.430197],[2.182839,41.430197],[2.183054,41.43019],[2.183066,41.43019],[2.182872,41.430441],[2.182786,41.430638],[2.182671,41.431205],[2.182748,41.431746],[2.182759,41.431782],[2.182875,41.432116],[2.183186,41.433046],[2.183567,41.434157],[2.183648,41.434418],[2.184063,41.435655],[2.184514,41.436974],[2.184733,41.437624],[2.185425,41.4397]]]}},{"type":"Feature","properties":{"barri":"el Turó de la Peira","districte":"Nou Barris"},"geometry":{"type":"Polygon","coordinates":[[[2.172344,41.434833],[2.172331,41.434851],[2.172246,41.435012],[2.172148,41.435192],[2.17205,41.435362],[2.172026,41.435344],[2.171991,41.435299],[2.171884,41.435217],[2.171694,41.43509],[2.171516,41.434998],[2.171373,41.434934],[2.171218,41.434888],[2.171087,41.434851],[2.170884,41.434822],[2.170836,41.434813],[2.170812,41.434813],[2.170704,41.434803],[2.170597,41.434793],[2.170489,41.434793],[2.170393,41.434783],[2.170286,41.434782],[2.170166,41.43479],[2.17001,41.434807],[2.169818,41.434833],[2.169602,41.434867],[2.169425,41.434722],[2.169271,41.434577],[2.169236,41.434522],[2.169014,41.434061],[2.169122,41.434008],[2.169833,41.43368],[2.16975,41.43358],[2.169692,41.433499],[2.169562,41.433345],[2.169562,41.433336],[2.169527,41.43329],[2.169418,41.433335],[2.169177,41.43345],[2.169033,41.433512],[2.169033,41.433503],[2.168809,41.433222],[2.168785,41.43324],[2.168597,41.433005],[2.168404,41.433057],[2.168404,41.433057],[2.168357,41.433066],[2.168368,41.433111],[2.168332,41.43312],[2.168308,41.43312],[2.168272,41.433128],[2.168175,41.4332],[2.168091,41.433271],[2.168006,41.433325],[2.168006,41.433325],[2.167982,41.433333],[2.167934,41.43336],[2.167789,41.433431],[2.167657,41.433493],[2.167501,41.433528],[2.167117,41.433624],[2.16672,41.433712],[2.166648,41.433729],[2.166576,41.433747],[2.1666,41.433801],[2.166611,41.433828],[2.166646,41.433909],[2.166658,41.433936],[2.16667,41.433945],[2.166598,41.433963],[2.166598,41.433963],[2.166333,41.434024],[2.166081,41.434085],[2.166069,41.434094],[2.165793,41.434164],[2.165781,41.434164],[2.165781,41.434155],[2.165723,41.43402],[2.165639,41.434037],[2.165219,41.434133],[2.165195,41.434142],[2.164835,41.434229],[2.164788,41.434121],[2.164813,41.434094],[2.164778,41.434013],[2.164766,41.433986],[2.164766,41.433986],[2.164743,41.433931],[2.164671,41.433949],[2.164671,41.433949],[2.164527,41.433984],[2.164503,41.433984],[2.164503,41.433984],[2.164479,41.433929],[2.164468,41.43392],[2.164433,41.433839],[2.164469,41.43383],[2.164541,41.433822],[2.164541,41.433813],[2.164541,41.433813],[2.164553,41.433795],[2.164458,41.433731],[2.164434,41.433704],[2.164423,41.433677],[2.164411,41.433677],[2.164399,41.433677],[2.164399,41.433677],[2.164291,41.433658],[2.164279,41.433658],[2.164279,41.433658],[2.164256,41.433649],[2.164232,41.433648],[2.16422,41.433648],[2.164196,41.433648],[2.164184,41.433648],[2.164184,41.433648],[2.164172,41.433648],[2.16416,41.433639],[2.164148,41.433639],[2.164148,41.433639],[2.164136,41.433639],[2.164136,41.433639],[2.164136,41.433639],[2.164124,41.43363],[2.164112,41.43363],[2.1641,41.43362],[2.164088,41.43362],[2.164076,41.43362],[2.164065,41.433611],[2.164065,41.433611],[2.164053,41.433611],[2.164053,41.433611],[2.164041,41.433611],[2.164041,41.433611],[2.164041,41.433611],[2.164029,41.433611],[2.164029,41.433611],[2.164029,41.433611],[2.164017,41.433611],[2.164017,41.433611],[2.164017,41.433611],[2.164005,41.433611],[2.164005,41.433611],[2.163909,41.433628],[2.163849,41.433637],[2.163801,41.433645],[2.163847,41.433781],[2.163859,41.43379],[2.163859,41.43379],[2.163859,41.433808],[2.163894,41.433889],[2.163905,41.433925],[2.163917,41.433952],[2.16394,41.433989],[2.16394,41.434016],[2.163952,41.434034],[2.163963,41.434052],[2.163975,41.434079],[2.163819,41.434114],[2.163543,41.434175],[2.163471,41.434183],[2.163151,41.433028],[2.163116,41.432884],[2.163107,41.432712],[2.16311,41.43246],[2.163147,41.432334],[2.16316,41.432263],[2.163186,41.432119],[2.163236,41.431975],[2.163322,41.431822],[2.163407,41.431697],[2.16365,41.431383],[2.164087,41.430972],[2.164183,41.430937],[2.164592,41.430787],[2.165157,41.430548],[2.165613,41.430434],[2.165853,41.4304],[2.166045,41.43041],[2.166307,41.430475],[2.166535,41.430468],[2.166858,41.430461],[2.167277,41.430455],[2.16742,41.430456],[2.168306,41.430435],[2.168989,41.430422],[2.169264,41.430415],[2.169528,41.43039],[2.171922,41.430335],[2.171946,41.430335],[2.172532,41.43034],[2.172867,41.430342],[2.173993,41.430332],[2.174376,41.430317],[2.174687,41.43031],[2.174683,41.430616],[2.174634,41.430688],[2.174475,41.431002],[2.174377,41.431164],[2.17434,41.431235],[2.174218,41.431451],[2.174083,41.431684],[2.174083,41.431702],[2.174058,41.431747],[2.173936,41.431971],[2.173911,41.432025],[2.173875,41.432079],[2.173838,41.432142],[2.173814,41.432186],[2.173703,41.432411],[2.173532,41.43268],[2.173348,41.43303],[2.173323,41.433084],[2.173189,41.433326],[2.173177,41.433335],[2.173054,41.433568],[2.172907,41.433801],[2.172883,41.433846],[2.172785,41.434026],[2.17276,41.434097],[2.172589,41.434393],[2.172442,41.434663],[2.172344,41.434833]]]}},{"type":"Feature","properties":{"barri":"Can Peguera","districte":"Nou Barris"},"geometry":{"type":"Polygon","coordinates":[[[2.16555,41.436342],[2.164855,41.436409],[2.164711,41.436435],[2.164531,41.436479],[2.164495,41.436488],[2.164231,41.436504],[2.163509,41.436787],[2.163509,41.436787],[2.163403,41.436651],[2.163391,41.436633],[2.163333,41.436542],[2.16427,41.436288],[2.164212,41.436152],[2.164177,41.43608],[2.163805,41.435204],[2.163586,41.434562],[2.163574,41.434553],[2.163471,41.434183],[2.163543,41.434175],[2.163819,41.434114],[2.163975,41.434079],[2.163963,41.434052],[2.163952,41.434034],[2.16394,41.434016],[2.16394,41.433989],[2.163917,41.433952],[2.163905,41.433925],[2.163894,41.433889],[2.163859,41.433808],[2.163859,41.43379],[2.163859,41.43379],[2.163847,41.433781],[2.163801,41.433645],[2.163849,41.433637],[2.163909,41.433628],[2.164005,41.433611],[2.164005,41.433611],[2.164017,41.433611],[2.164017,41.433611],[2.164017,41.433611],[2.164029,41.433611],[2.164029,41.433611],[2.164029,41.433611],[2.164041,41.433611],[2.164041,41.433611],[2.164041,41.433611],[2.164053,41.433611],[2.164053,41.433611],[2.164065,41.433611],[2.164065,41.433611],[2.164076,41.43362],[2.164088,41.43362],[2.1641,41.43362],[2.164112,41.43363],[2.164124,41.43363],[2.164136,41.433639],[2.164136,41.433639],[2.164136,41.433639],[2.164148,41.433639],[2.164148,41.433639],[2.16416,41.433639],[2.164172,41.433648],[2.164184,41.433648],[2.164184,41.433648],[2.164196,41.433648],[2.16422,41.433648],[2.164232,41.433648],[2.164256,41.433649],[2.164279,41.433658],[2.164279,41.433658],[2.164291,41.433658],[2.164399,41.433677],[2.164399,41.433677],[2.164411,41.433677],[2.164423,41.433677],[2.164434,41.433704],[2.164458,41.433731],[2.164553,41.433795],[2.164541,41.433813],[2.164541,41.433813],[2.164541,41.433822],[2.164469,41.43383],[2.164433,41.433839],[2.164468,41.43392],[2.164479,41.433929],[2.164503,41.433984],[2.164503,41.433984],[2.164527,41.433984],[2.164671,41.433949],[2.164671,41.433949],[2.164743,41.433931],[2.164766,41.433986],[2.164766,41.433986],[2.164778,41.434013],[2.164813,41.434094],[2.164788,41.434121],[2.164835,41.434229],[2.165195,41.434142],[2.165219,41.434133],[2.165639,41.434037],[2.165723,41.43402],[2.165781,41.434155],[2.165781,41.434164],[2.165793,41.434164],[2.166069,41.434094],[2.166081,41.434085],[2.166333,41.434024],[2.166598,41.433963],[2.166598,41.433963],[2.16667,41.433945],[2.166658,41.433936],[2.166646,41.433909],[2.166611,41.433828],[2.1666,41.433801],[2.166576,41.433747],[2.166648,41.433729],[2.16672,41.433712],[2.167117,41.433624],[2.167501,41.433528],[2.167657,41.433493],[2.167789,41.433431],[2.167934,41.43336],[2.167982,41.433333],[2.168006,41.433325],[2.168006,41.433325],[2.168091,41.433271],[2.168175,41.4332],[2.168272,41.433128],[2.168308,41.43312],[2.168332,41.43312],[2.168368,41.433111],[2.168357,41.433066],[2.168404,41.433057],[2.168404,41.433057],[2.168597,41.433005],[2.168785,41.43324],[2.168809,41.433222],[2.169033,41.433503],[2.169033,41.433512],[2.169177,41.43345],[2.169418,41.433335],[2.169527,41.43329],[2.169562,41.433336],[2.169562,41.433345],[2.169692,41.433499],[2.16975,41.43358],[2.169833,41.43368],[2.169122,41.434008],[2.169014,41.434061],[2.169236,41.434522],[2.169271,41.434577],[2.169425,41.434722],[2.169602,41.434867],[2.169602,41.434867],[2.169518,41.434894],[2.168966,41.435043],[2.168954,41.435043],[2.16893,41.435052],[2.167962,41.435837],[2.167891,41.435783],[2.167879,41.435792],[2.167867,41.435801],[2.167855,41.435809],[2.167843,41.435818],[2.167831,41.435827],[2.167819,41.435827],[2.167806,41.435836],[2.167794,41.435845],[2.16777,41.435845],[2.167758,41.435845],[2.167746,41.435854],[2.167722,41.435854],[2.16771,41.435853],[2.167699,41.435853],[2.167699,41.435853],[2.167699,41.435853],[2.167699,41.435853],[2.167687,41.435853],[2.167687,41.435853],[2.167675,41.435853],[2.167675,41.435853],[2.167663,41.435853],[2.167651,41.435853],[2.167615,41.435853],[2.167591,41.435853],[2.167555,41.435852],[2.167531,41.435852],[2.167507,41.435852],[2.167495,41.435861],[2.167471,41.435861],[2.167435,41.43586],[2.167423,41.435869],[2.167411,41.435869],[2.167375,41.435878],[2.167363,41.435878],[2.167351,41.435878],[2.167315,41.435887],[2.167291,41.435895],[2.166318,41.43615],[2.166306,41.43615],[2.16627,41.436167],[2.16627,41.436167],[2.16627,41.436167],[2.166234,41.436176],[2.166198,41.436185],[2.165934,41.436255],[2.165682,41.436316],[2.165646,41.436325],[2.16561,41.436343],[2.165574,41.436342],[2.16555,41.436342]]]}},{"type":"Feature","properties":{"barri":"la Guineueta","districte":"Nou Barris"},"geometry":{"type":"Polygon","coordinates":[[[2.161565,41.439952],[2.161602,41.43988],[2.161639,41.439818],[2.161675,41.439773],[2.1617,41.439746],[2.161748,41.439701],[2.161796,41.439666],[2.161796,41.439666],[2.161716,41.439422],[2.16167,41.439286],[2.161754,41.439242],[2.161839,41.43918],[2.161875,41.439117],[2.161936,41.439045],[2.161948,41.439027],[2.162021,41.438947],[2.162118,41.438848],[2.162179,41.438804],[2.162275,41.438714],[2.162384,41.438625],[2.162445,41.43859],[2.162505,41.438545],[2.162565,41.438509],[2.163651,41.43786],[2.163663,41.43786],[2.163651,41.437851],[2.163627,41.437833],[2.163616,41.437823],[2.163604,41.437814],[2.163604,41.437805],[2.163604,41.437805],[2.163592,41.437805],[2.163592,41.437805],[2.163592,41.437805],[2.163568,41.437778],[2.163545,41.437751],[2.163533,41.437742],[2.163486,41.437696],[2.163462,41.437678],[2.163415,41.437633],[2.163415,41.437633],[2.163415,41.437624],[2.163391,41.437615],[2.163379,41.437606],[2.163379,41.437597],[2.163367,41.437587],[2.163344,41.43756],[2.163332,41.437551],[2.163285,41.437506],[2.163273,41.437506],[2.16319,41.437415],[2.163166,41.437397],[2.163131,41.437361],[2.163131,41.437361],[2.163143,41.437361],[2.163155,41.437352],[2.163191,41.437334],[2.163203,41.437325],[2.163203,41.437325],[2.163239,41.437307],[2.163227,41.437298],[2.163215,41.437289],[2.163216,41.43728],[2.163252,41.437262],[2.163288,41.437245],[2.163288,41.437236],[2.16336,41.437191],[2.163372,41.437191],[2.163493,41.43712],[2.163517,41.437102],[2.163447,41.436993],[2.1634,41.43693],[2.163364,41.436876],[2.163353,41.436858],[2.163317,41.436803],[2.163306,41.436794],[2.163294,41.436776],[2.163294,41.436776],[2.163294,41.436767],[2.16327,41.436749],[2.163259,41.436722],[2.163247,41.436713],[2.163247,41.436704],[2.163235,41.436677],[2.163165,41.436586],[2.163213,41.436577],[2.163333,41.436542],[2.163391,41.436633],[2.163403,41.436651],[2.163509,41.436787],[2.163509,41.436787],[2.164231,41.436504],[2.164495,41.436488],[2.164531,41.436479],[2.164711,41.436435],[2.164855,41.436409],[2.16555,41.436342],[2.165574,41.436342],[2.16561,41.436343],[2.165646,41.436325],[2.165682,41.436316],[2.165934,41.436255],[2.166198,41.436185],[2.166234,41.436176],[2.16627,41.436167],[2.16627,41.436167],[2.16627,41.436167],[2.166306,41.43615],[2.166318,41.43615],[2.167291,41.435895],[2.167315,41.435887],[2.167351,41.435878],[2.167363,41.435878],[2.167375,41.435878],[2.167411,41.435869],[2.167423,41.435869],[2.167435,41.43586],[2.167471,41.435861],[2.167495,41.435861],[2.167507,41.435852],[2.167531,41.435852],[2.167555,41.435852],[2.167591,41.435853],[2.167615,41.435853],[2.167651,41.435853],[2.167663,41.435853],[2.167675,41.435853],[2.167675,41.435853],[2.167687,41.435853],[2.167687,41.435853],[2.167699,41.435853],[2.167699,41.435853],[2.167699,41.435853],[2.167699,41.435853],[2.16771,41.435853],[2.167722,41.435854],[2.167746,41.435854],[2.167758,41.435845],[2.16777,41.435845],[2.167794,41.435845],[2.167806,41.435836],[2.167819,41.435827],[2.167831,41.435827],[2.167843,41.435818],[2.167855,41.435809],[2.167867,41.435801],[2.167879,41.435792],[2.167891,41.435783],[2.167962,41.435837],[2.16893,41.435052],[2.168954,41.435043],[2.168966,41.435043],[2.169518,41.434894],[2.169602,41.434867],[2.169602,41.434867],[2.169818,41.434833],[2.17001,41.434807],[2.170166,41.43479],[2.170286,41.434782],[2.170393,41.434783],[2.170489,41.434793],[2.170597,41.434793],[2.170704,41.434803],[2.170812,41.434813],[2.170836,41.434813],[2.170884,41.434822],[2.171087,41.434851],[2.171218,41.434888],[2.171373,41.434934],[2.171516,41.434998],[2.171694,41.43509],[2.171884,41.435217],[2.171991,41.435299],[2.172026,41.435344],[2.17205,41.435362],[2.172227,41.435553],[2.172368,41.43577],[2.172744,41.436268],[2.172886,41.436449],[2.173051,41.436622],[2.173548,41.437103],[2.173784,41.437329],[2.173831,41.437384],[2.173938,41.437493],[2.174009,41.437574],[2.174115,41.43771],[2.174279,41.437945],[2.174467,41.438199],[2.17454,41.438173],[2.174588,41.438164],[2.174647,41.438164],[2.174695,41.438165],[2.174767,41.438192],[2.174838,41.438238],[2.174885,41.438292],[2.174896,41.438346],[2.174896,41.4384],[2.174896,41.438409],[2.174883,41.438436],[2.174859,41.438463],[2.174835,41.438499],[2.174798,41.438526],[2.174762,41.438543],[2.174738,41.438552],[2.174702,41.438561],[2.174856,41.438733],[2.175115,41.439014],[2.175067,41.439059],[2.174994,41.439122],[2.174691,41.439435],[2.174303,41.439837],[2.174303,41.439837],[2.17423,41.439909],[2.174206,41.439927],[2.174182,41.439944],[2.17417,41.439962],[2.174158,41.43998],[2.174134,41.439989],[2.174097,41.440034],[2.174073,41.440052],[2.174049,41.44007],[2.174037,41.440078],[2.174012,41.440096],[2.174,41.440105],[2.173964,41.440132],[2.17394,41.44015],[2.173916,41.440177],[2.17388,41.440194],[2.173843,41.440221],[2.173831,41.44023],[2.173807,41.440239],[2.173771,41.440266],[2.173735,41.440293],[2.173638,41.440346],[2.173614,41.440364],[2.173614,41.440364],[2.173493,41.440453],[2.173348,41.440578],[2.173203,41.440721],[2.173093,41.440873],[2.172995,41.441026],[2.172934,41.441151],[2.172847,41.441376],[2.172834,41.441493],[2.172821,41.441511],[2.172809,41.441565],[2.172808,41.441592],[2.172808,41.441601],[2.172808,41.44161],[2.172796,41.441646],[2.172795,41.441673],[2.172783,41.4417],[2.172757,41.441853],[2.172732,41.441952],[2.172683,41.442059],[2.172585,41.442203],[2.172427,41.442409],[2.172281,41.442624],[2.172183,41.44274],[2.172147,41.442794],[2.172001,41.442982],[2.171891,41.443144],[2.171757,41.443314],[2.17165,41.443277],[2.171412,41.443185],[2.171149,41.443093],[2.170911,41.443001],[2.170828,41.442974],[2.17047,41.442836],[2.170435,41.442818],[2.170137,41.442708],[2.169863,41.442607],[2.169648,41.442515],[2.16947,41.442433],[2.169232,41.442323],[2.169018,41.442231],[2.168875,41.442176],[2.168541,41.442057],[2.168446,41.44202],[2.168148,41.441901],[2.168076,41.441882],[2.167206,41.441579],[2.166706,41.441377],[2.165515,41.4409],[2.163669,41.440184],[2.163562,41.440138],[2.163479,41.440083],[2.163384,41.440002],[2.163337,41.439947],[2.163265,41.439956],[2.163276,41.440028],[2.163287,41.440136],[2.163273,41.440253],[2.163236,41.440352],[2.162425,41.44013],[2.161565,41.439952]]]}},{"type":"Feature","properties":{"barri":"Canyelles","districte":"Nou Barris"},"geometry":{"type":"Polygon","coordinates":[[[2.16021,41.450337],[2.160186,41.450346],[2.159994,41.450434],[2.159562,41.450503],[2.159562,41.450521],[2.159107,41.450518],[2.159132,41.450446],[2.159181,41.450356],[2.159217,41.450321],[2.159374,41.450187],[2.159473,41.449962],[2.159488,41.449764],[2.159418,41.449593],[2.159431,41.449503],[2.15942,41.449394],[2.159278,41.449267],[2.159149,41.449077],[2.159008,41.448896],[2.158949,41.448823],[2.158925,41.448805],[2.158749,41.448534],[2.158643,41.448407],[2.158336,41.448071],[2.158064,41.447826],[2.157946,41.447708],[2.157779,41.447608],[2.157672,41.447553],[2.157661,41.447544],[2.157577,41.447498],[2.157494,41.447471],[2.157338,41.447461],[2.157207,41.44746],[2.157099,41.44745],[2.15704,41.447431],[2.157028,41.447395],[2.157041,41.44735],[2.157065,41.447323],[2.157113,41.447279],[2.157246,41.447217],[2.157427,41.447128],[2.157475,41.447083],[2.157512,41.44702],[2.157549,41.446949],[2.157562,41.44685],[2.157588,41.446715],[2.157589,41.446607],[2.157519,41.446489],[2.157412,41.446371],[2.157319,41.446172],[2.157249,41.446055],[2.157214,41.446009],[2.157166,41.445991],[2.157082,41.445963],[2.156653,41.445879],[2.156426,41.445833],[2.156211,41.445786],[2.156008,41.445775],[2.1559,41.445775],[2.15584,41.445765],[2.15584,41.445765],[2.155792,41.445747],[2.155757,41.445729],[2.155709,41.445692],[2.15571,41.445656],[2.155722,41.445611],[2.155747,41.445584],[2.155783,41.445558],[2.155831,41.445549],[2.155903,41.445549],[2.156022,41.44555],[2.156058,41.445551],[2.156106,41.445542],[2.156262,41.445498],[2.156359,41.445454],[2.156479,41.44541],[2.156612,41.445348],[2.15672,41.445285],[2.156829,41.445205],[2.156913,41.445152],[2.156998,41.445107],[2.157118,41.44509],[2.157382,41.445047],[2.157478,41.445021],[2.157526,41.444985],[2.157708,41.444833],[2.157841,41.444708],[2.157902,41.444618],[2.157951,41.444529],[2.157964,41.444421],[2.157979,41.44425],[2.157991,41.444205],[2.158028,41.44416],[2.158172,41.444089],[2.158293,41.444],[2.158341,41.443955],[2.158403,41.443856],[2.158477,41.443695],[2.158491,41.443479],[2.158541,41.443353],[2.158602,41.443263],[2.158701,41.443012],[2.158932,41.442716],[2.158981,41.442627],[2.159042,41.442519],[2.159115,41.442438],[2.159188,41.442376],[2.159441,41.442225],[2.159694,41.442127],[2.159753,41.442218],[2.159824,41.442281],[2.159942,41.442372],[2.159966,41.442382],[2.15999,41.442355],[2.160063,41.442274],[2.160087,41.442256],[2.160112,41.442221],[2.160124,41.442203],[2.160328,41.442132],[2.160424,41.442097],[2.160497,41.44207],[2.160557,41.442044],[2.160557,41.442044],[2.160581,41.442035],[2.160581,41.442035],[2.160593,41.442026],[2.160593,41.442026],[2.160593,41.442026],[2.160605,41.442026],[2.161087,41.441804],[2.161291,41.441716],[2.1614,41.441671],[2.1614,41.441671],[2.161496,41.441627],[2.161544,41.441609],[2.16164,41.441565],[2.161711,41.441629],[2.162397,41.441327],[2.162397,41.441327],[2.162437,41.441012],[2.162391,41.440895],[2.162368,41.440796],[2.162285,41.440786],[2.162213,41.440777],[2.162118,41.440758],[2.162046,41.44073],[2.161963,41.440703],[2.161891,41.440666],[2.161832,41.440621],[2.161761,41.440575],[2.161702,41.44053],[2.161654,41.440466],[2.161607,41.440394],[2.161572,41.440331],[2.161549,41.440267],[2.161538,41.440195],[2.161527,41.440141],[2.161528,41.440078],[2.161541,41.440015],[2.161565,41.439952],[2.162425,41.44013],[2.163236,41.440352],[2.163273,41.440253],[2.163287,41.440136],[2.163276,41.440028],[2.163265,41.439956],[2.163337,41.439947],[2.163384,41.440002],[2.163479,41.440083],[2.163562,41.440138],[2.163669,41.440184],[2.165515,41.4409],[2.166706,41.441377],[2.167206,41.441579],[2.168076,41.441882],[2.168148,41.441901],[2.168446,41.44202],[2.168541,41.442057],[2.168875,41.442176],[2.169018,41.442231],[2.169232,41.442323],[2.16947,41.442433],[2.169648,41.442515],[2.169863,41.442607],[2.170137,41.442708],[2.170435,41.442818],[2.17047,41.442836],[2.170828,41.442974],[2.170911,41.443001],[2.171149,41.443093],[2.171412,41.443185],[2.17165,41.443277],[2.171757,41.443314],[2.171525,41.443663],[2.171464,41.443744],[2.171378,41.443924],[2.171255,41.444166],[2.171107,41.444525],[2.170916,41.44447],[2.170833,41.444442],[2.170761,41.444424],[2.170749,41.444414],[2.1707,41.444531],[2.1707,41.444531],[2.170639,41.444648],[2.170577,41.444764],[2.170553,41.444818],[2.17035,41.444763],[2.170004,41.444679],[2.169992,41.444697],[2.16998,41.444706],[2.169967,41.444733],[2.169869,41.444931],[2.169844,41.444975],[2.169771,41.445119],[2.16966,41.445325],[2.169525,41.445604],[2.169452,41.44572],[2.168863,41.44686],[2.168801,41.446977],[2.168479,41.446902],[2.168264,41.446847],[2.167838,41.447447],[2.167801,41.447501],[2.167801,41.447501],[2.167753,41.447482],[2.167694,41.447455],[2.167622,41.447445],[2.167539,41.447436],[2.167012,41.447423],[2.166952,41.447423],[2.16688,41.447413],[2.166833,41.447404],[2.166773,41.447394],[2.166713,41.447385],[2.166665,41.447366],[2.166582,41.44733],[2.166499,41.447275],[2.16644,41.447239],[2.166404,41.447202],[2.166357,41.447157],[2.166333,41.447121],[2.16631,41.447085],[2.16631,41.447067],[2.166311,41.44704],[2.166312,41.446958],[2.16635,41.446761],[2.166351,41.446707],[2.166363,41.446653],[2.166352,41.446598],[2.166353,41.446562],[2.166341,41.446526],[2.16633,41.44649],[2.166306,41.446445],[2.166224,41.446327],[2.166059,41.446128],[2.166035,41.446092],[2.166,41.446074],[2.165988,41.446064],[2.16594,41.446073],[2.165892,41.446082],[2.165544,41.446151],[2.163894,41.44786],[2.163915,41.449013],[2.164016,41.4495],[2.164072,41.449789],[2.164072,41.449789],[2.164037,41.449788],[2.163893,41.449769],[2.163761,41.449786],[2.163677,41.449795],[2.163581,41.449803],[2.163474,41.449802],[2.163378,41.449802],[2.163258,41.449801],[2.163187,41.449791],[2.163067,41.449781],[2.162971,41.449772],[2.162875,41.44978],[2.162791,41.449788],[2.162683,41.449824],[2.162599,41.449877],[2.16249,41.44993],[2.162394,41.449984],[2.162297,41.450055],[2.162189,41.450117],[2.162104,41.450162],[2.161996,41.450224],[2.161864,41.450259],[2.16172,41.450276],[2.161528,41.450283],[2.1613,41.450309],[2.161049,41.450325],[2.160414,41.450338],[2.160366,41.45032],[2.16021,41.450337]]]}},{"type":"Feature","properties":{"barri":"les Roquetes","districte":"Nou Barris"},"geometry":{"type":"Polygon","coordinates":[[[2.183142,41.45279],[2.183165,41.452844],[2.183188,41.452916],[2.183211,41.452998],[2.183223,41.453016],[2.183258,41.453079],[2.183282,41.453115],[2.183317,41.45316],[2.183341,41.453188],[2.183376,41.453224],[2.183412,41.453251],[2.183459,41.453279],[2.183507,41.453315],[2.18359,41.453352],[2.183697,41.453406],[2.183745,41.453443],[2.18378,41.453479],[2.183815,41.453569],[2.183862,41.453642],[2.183909,41.453714],[2.183956,41.453778],[2.183991,41.453832],[2.18405,41.453886],[2.184098,41.453932],[2.184157,41.453986],[2.184204,41.454031],[2.184228,41.454068],[2.184251,41.454104],[2.184275,41.454131],[2.184286,41.454167],[2.184298,41.454176],[2.18431,41.454203],[2.184321,41.45423],[2.184333,41.454285],[2.184344,41.454321],[2.184355,41.454375],[2.184367,41.454402],[2.184367,41.454429],[2.184367,41.454447],[2.184366,41.454456],[2.184354,41.454465],[2.184342,41.454474],[2.184342,41.454474],[2.184342,41.454483],[2.184318,41.454492],[2.184306,41.454501],[2.184294,41.454501],[2.18427,41.4545],[2.184258,41.4545],[2.184246,41.454491],[2.184234,41.454482],[2.184234,41.454482],[2.184223,41.454473],[2.184223,41.454464],[2.184223,41.454455],[2.184211,41.454455],[2.184211,41.454419],[2.184188,41.454356],[2.184153,41.454301],[2.184094,41.454229],[2.18407,41.454211],[2.184058,41.454202],[2.18394,41.454093],[2.183881,41.454056],[2.183773,41.454001],[2.183643,41.453937],[2.183547,41.453883],[2.183393,41.45381],[2.183357,41.453791],[2.183274,41.453764],[2.183166,41.453727],[2.182951,41.453671],[2.182856,41.453644],[2.182761,41.453598],[2.182654,41.453534],[2.182523,41.453443],[2.182345,41.453352],[2.182274,41.453315],[2.182179,41.453242],[2.182072,41.453143],[2.182013,41.45307],[2.181966,41.452989],[2.181956,41.452881],[2.181932,41.452835],[2.181885,41.452799],[2.181802,41.452762],[2.181706,41.452753],[2.181383,41.452741],[2.181239,41.452722],[2.181132,41.452722],[2.18112,41.452722],[2.18112,41.452722],[2.18106,41.452721],[2.181048,41.452721],[2.181012,41.45273],[2.180976,41.452729],[2.180892,41.452729],[2.180796,41.452719],[2.180761,41.45271],[2.180689,41.452691],[2.180606,41.452655],[2.180606,41.452655],[2.180344,41.452491],[2.180333,41.452473],[2.180225,41.452463],[2.179866,41.452451],[2.17977,41.452424],[2.179711,41.452405],[2.179496,41.452341],[2.179437,41.452304],[2.179307,41.452186],[2.179295,41.452168],[2.179247,41.452141],[2.179211,41.452167],[2.179211,41.452176],[2.179163,41.452203],[2.178997,41.452058],[2.178913,41.452084],[2.178841,41.452093],[2.178793,41.452074],[2.178296,41.451611],[2.178201,41.451548],[2.178178,41.451521],[2.178154,41.451511],[2.17813,41.451502],[2.178106,41.451493],[2.178058,41.451475],[2.178011,41.451465],[2.177951,41.451456],[2.177891,41.451437],[2.177831,41.451437],[2.177784,41.451428],[2.1777,41.451418],[2.177616,41.451408],[2.177521,41.45139],[2.177449,41.451389],[2.177341,41.451379],[2.177246,41.45137],[2.177162,41.45136],[2.177138,41.45136],[2.177078,41.451351],[2.177054,41.45135],[2.177042,41.451341],[2.177019,41.451341],[2.176995,41.451341],[2.176983,41.451341],[2.176959,41.451332],[2.176947,41.451332],[2.176923,41.451322],[2.176911,41.451322],[2.176887,41.451313],[2.176875,41.451313],[2.176851,41.451304],[2.176839,41.451304],[2.176828,41.451295],[2.176816,41.451295],[2.176792,41.451285],[2.17678,41.451285],[2.176768,41.451276],[2.176756,41.451267],[2.176732,41.451267],[2.17672,41.451258],[2.176708,41.451249],[2.176696,41.451249],[2.176685,41.45124],[2.176673,41.45124],[2.176661,41.45123],[2.176649,41.451221],[2.176637,41.451221],[2.176625,41.451212],[2.176613,41.451203],[2.176601,41.451194],[2.176589,41.451194],[2.176578,41.451185],[2.176566,41.451176],[2.176554,41.451167],[2.176542,41.451167],[2.17653,41.451157],[2.176518,41.451148],[2.176518,41.451139],[2.176506,41.45113],[2.176495,41.451121],[2.176483,41.451112],[2.176471,41.451103],[2.176471,41.451094],[2.176459,41.451094],[2.176459,41.451085],[2.176447,41.451076],[2.176447,41.451067],[2.176435,41.451058],[2.176436,41.451049],[2.176424,41.451049],[2.176424,41.45104],[2.176412,41.451031],[2.176412,41.451022],[2.1764,41.451012],[2.176377,41.450976],[2.176353,41.450949],[2.176341,41.45094],[2.176341,41.450931],[2.176329,41.450922],[2.176318,41.450913],[2.176318,41.450904],[2.176306,41.450895],[2.176294,41.450886],[2.176294,41.450877],[2.176282,41.450867],[2.17627,41.450858],[2.176271,41.450849],[2.176235,41.450822],[2.176188,41.450768],[2.176128,41.450722],[2.176081,41.450668],[2.176046,41.450641],[2.176022,41.450604],[2.17601,41.450595],[2.175998,41.450586],[2.175987,41.450577],[2.175987,41.450568],[2.175975,41.450568],[2.175963,41.450559],[2.175951,41.45055],[2.175939,41.450541],[2.175927,41.450541],[2.175915,41.450532],[2.175903,41.450531],[2.175892,41.450522],[2.175868,41.450522],[2.175856,41.450513],[2.175844,41.450513],[2.175832,41.450504],[2.17582,41.450504],[2.175808,41.450504],[2.175796,41.450495],[2.175784,41.450495],[2.17576,41.450494],[2.175748,41.450494],[2.175736,41.450494],[2.175724,41.450485],[2.175724,41.450485],[2.175712,41.450485],[2.1757,41.450485],[2.175688,41.450485],[2.175677,41.450476],[2.175665,41.450476],[2.175653,41.450476],[2.175641,41.450476],[2.175629,41.450475],[2.175617,41.450475],[2.175605,41.450466],[2.175593,41.450466],[2.175569,41.450466],[2.175557,41.450466],[2.175545,41.450466],[2.175533,41.450466],[2.175521,41.450466],[2.175509,41.450466],[2.175497,41.450466],[2.175473,41.450456],[2.175473,41.450456],[2.175461,41.450456],[2.175449,41.450456],[2.175437,41.450456],[2.175425,41.450456],[2.175425,41.450456],[2.175413,41.450456],[2.175402,41.450456],[2.175389,41.450465],[2.175377,41.450465],[2.175365,41.450465],[2.175306,41.450464],[2.175234,41.450473],[2.175162,41.450481],[2.175102,41.45049],[2.17503,41.450507],[2.17497,41.450534],[2.174909,41.450551],[2.174897,41.45056],[2.174885,41.45056],[2.174873,41.450569],[2.174861,41.450569],[2.174849,41.450569],[2.174837,41.450569],[2.174825,41.450578],[2.174813,41.450578],[2.174801,41.450578],[2.174789,41.450578],[2.174777,41.450577],[2.174765,41.450577],[2.174742,41.450577],[2.174706,41.450568],[2.174658,41.450559],[2.174622,41.450549],[2.174586,41.45054],[2.174515,41.450522],[2.174455,41.450503],[2.174384,41.450485],[2.174324,41.450457],[2.174276,41.450439],[2.174229,41.45042],[2.174181,41.450384],[2.17411,41.450347],[2.174051,41.450311],[2.173979,41.450265],[2.17392,41.45022],[2.173837,41.450165],[2.173777,41.450129],[2.17373,41.450084],[2.173683,41.450047],[2.173623,41.450002],[2.1736,41.449975],[2.173564,41.449947],[2.173541,41.449902],[2.173494,41.449857],[2.173458,41.44982],[2.173423,41.449775],[2.173399,41.449766],[2.173375,41.449748],[2.173352,41.44973],[2.173328,41.449711],[2.173304,41.449693],[2.17328,41.449684],[2.173257,41.449666],[2.173233,41.449657],[2.173185,41.449638],[2.173137,41.44962],[2.17309,41.449602],[2.173042,41.449583],[2.173018,41.449574],[2.172983,41.449556],[2.172959,41.449547],[2.172935,41.449537],[2.172911,41.449519],[2.172887,41.44951],[2.172864,41.449492],[2.17284,41.449483],[2.172757,41.449419],[2.172721,41.449383],[2.172674,41.449355],[2.172638,41.449328],[2.172591,41.449301],[2.172579,41.449292],[2.172567,41.449283],[2.172555,41.449282],[2.172531,41.449273],[2.172519,41.449264],[2.172507,41.449264],[2.172483,41.449264],[2.172472,41.449255],[2.172448,41.449255],[2.172436,41.449255],[2.172412,41.449254],[2.1724,41.449254],[2.172376,41.449263],[2.172364,41.449263],[2.172352,41.449263],[2.172328,41.449272],[2.172219,41.449316],[2.172171,41.449343],[2.172123,41.449369],[2.172063,41.449396],[2.172015,41.449414],[2.171954,41.449449],[2.171882,41.449476],[2.17181,41.449502],[2.17175,41.44952],[2.171726,41.449529],[2.171702,41.449538],[2.171678,41.449537],[2.171654,41.449537],[2.17163,41.449537],[2.171606,41.449537],[2.171582,41.449537],[2.171558,41.449536],[2.171522,41.449527],[2.171499,41.449518],[2.171475,41.449509],[2.171451,41.4495],[2.171427,41.449491],[2.171403,41.449481],[2.171379,41.449472],[2.171356,41.449463],[2.171308,41.449427],[2.171273,41.449399],[2.171225,41.449363],[2.171178,41.449327],[2.17113,41.44929],[2.171083,41.449254],[2.171024,41.449208],[2.170964,41.449172],[2.170917,41.449145],[2.170869,41.449117],[2.170833,41.449099],[2.170643,41.449016],[2.170548,41.448971],[2.1705,41.448934],[2.170393,41.448871],[2.170334,41.448834],[2.170287,41.448798],[2.170239,41.448761],[2.17018,41.448734],[2.170144,41.448725],[2.170108,41.448706],[2.170036,41.448697],[2.169845,41.448668],[2.169762,41.448659],[2.169714,41.448658],[2.169666,41.448667],[2.16963,41.448667],[2.16957,41.448693],[2.169522,41.448711],[2.169461,41.448738],[2.169389,41.448782],[2.169317,41.448827],[2.16928,41.448863],[2.169219,41.448925],[2.169135,41.449015],[2.16911,41.449059],[2.169049,41.449167],[2.168975,41.449302],[2.168951,41.449338],[2.168902,41.449409],[2.168854,41.449445],[2.168805,41.449472],[2.168757,41.449498],[2.168697,41.449516],[2.168649,41.449525],[2.168601,41.449533],[2.168565,41.449533],[2.168517,41.449533],[2.168446,41.449532],[2.168386,41.449532],[2.168338,41.449522],[2.16823,41.449503],[2.168064,41.449448],[2.167813,41.449356],[2.16773,41.449329],[2.167694,41.44931],[2.16767,41.449292],[2.167635,41.449265],[2.167611,41.449238],[2.167588,41.449193],[2.167577,41.449147],[2.167565,41.449102],[2.167566,41.449057],[2.167566,41.449021],[2.167579,41.448976],[2.167603,41.448922],[2.167665,41.44877],[2.167776,41.448563],[2.167788,41.448518],[2.167825,41.448411],[2.167938,41.448015],[2.167989,41.447772],[2.16799,41.447727],[2.167978,41.447691],[2.167955,41.447637],[2.167932,41.447592],[2.167896,41.447564],[2.167849,41.447528],[2.167801,41.447501],[2.167838,41.447447],[2.168264,41.446847],[2.168479,41.446902],[2.168801,41.446977],[2.168863,41.44686],[2.169452,41.44572],[2.169525,41.445604],[2.16966,41.445325],[2.169771,41.445119],[2.169844,41.444975],[2.169869,41.444931],[2.169967,41.444733],[2.16998,41.444706],[2.169992,41.444697],[2.170004,41.444679],[2.17035,41.444763],[2.170553,41.444818],[2.170577,41.444764],[2.170639,41.444648],[2.1707,41.444531],[2.1707,41.444531],[2.170749,41.444414],[2.170761,41.444424],[2.170833,41.444442],[2.170916,41.44447],[2.171107,41.444525],[2.171255,41.444166],[2.171378,41.443924],[2.171464,41.443744],[2.171525,41.443663],[2.171757,41.443314],[2.171888,41.443369],[2.172138,41.443461],[2.172317,41.443534],[2.172424,41.443571],[2.172674,41.443663],[2.173222,41.443874],[2.173425,41.443947],[2.173604,41.444021],[2.173794,41.444085],[2.173961,41.444158],[2.174247,41.444259],[2.174616,41.444397],[2.175188,41.444608],[2.175248,41.444636],[2.175355,41.444673],[2.175379,41.444682],[2.175605,41.444765],[2.175844,41.444856],[2.176082,41.444948],[2.176213,41.444994],[2.176928,41.445233],[2.177,41.445252],[2.177191,41.445307],[2.177441,41.445381],[2.177727,41.445464],[2.1783,41.445613],[2.178503,41.445659],[2.178575,41.445678],[2.178694,41.445705],[2.178945,41.445761],[2.179052,41.44578],[2.179112,41.44579],[2.179172,41.445799],[2.179171,41.445808],[2.179315,41.445836],[2.179351,41.445845],[2.179386,41.445846],[2.179506,41.445873],[2.17978,41.445992],[2.18003,41.446048],[2.180005,41.446147],[2.179894,41.446417],[2.180388,41.447087],[2.180327,41.447176],[2.180291,41.447203],[2.180206,41.447275],[2.180158,41.447319],[2.180146,41.447337],[2.180073,41.447418],[2.18,41.447498],[2.179891,41.447615],[2.179818,41.447695],[2.179733,41.447785],[2.17966,41.447874],[2.179636,41.447901],[2.179576,41.447919],[2.17954,41.447927],[2.17942,41.447953],[2.179407,41.448007],[2.179407,41.448016],[2.179254,41.448781],[2.179843,41.449551],[2.179842,41.44956],[2.179866,41.449578],[2.179937,41.449678],[2.180135,41.450138],[2.180206,41.450202],[2.1803,41.450284],[2.180419,41.450384],[2.180549,41.450484],[2.18062,41.450538],[2.180751,41.450629],[2.180869,41.450747],[2.180928,41.450811],[2.181023,41.450892],[2.181142,41.450965],[2.181237,41.451002],[2.181392,41.451066],[2.18157,41.451148],[2.181642,41.451203],[2.181736,41.451294],[2.18183,41.45143],[2.181901,41.451502],[2.181972,41.451575],[2.182079,41.451647],[2.182222,41.451721],[2.182329,41.451784],[2.182412,41.451848],[2.182495,41.451921],[2.182649,41.452021],[2.182863,41.452175],[2.182981,41.452257],[2.183041,41.452303],[2.1831,41.452339],[2.183195,41.452403],[2.183183,41.45243],[2.18317,41.452475],[2.183133,41.452556],[2.18312,41.452628],[2.183108,41.452664],[2.183119,41.452709],[2.183142,41.45279]]]}},{"type":"Feature","properties":{"barri":"Verdun","districte":"Nou Barris"},"geometry":{"type":"Polygon","coordinates":[[[2.175375,41.439304],[2.17606,41.44003],[2.17619,41.440166],[2.17619,41.440166],[2.176603,41.440646],[2.177122,41.441245],[2.177122,41.441245],[2.177358,41.441507],[2.177665,41.44187],[2.17783,41.442105],[2.17797,41.442359],[2.178354,41.443244],[2.178366,41.443244],[2.178389,41.443316],[2.178842,41.444364],[2.178842,41.444373],[2.1789,41.444518],[2.179238,41.445268],[2.179262,41.445304],[2.179436,41.445693],[2.179506,41.445873],[2.179386,41.445846],[2.179351,41.445845],[2.179315,41.445836],[2.179171,41.445808],[2.179172,41.445799],[2.179112,41.44579],[2.179052,41.44578],[2.178945,41.445761],[2.178694,41.445705],[2.178575,41.445678],[2.178503,41.445659],[2.1783,41.445613],[2.177727,41.445464],[2.177441,41.445381],[2.177191,41.445307],[2.177,41.445252],[2.176928,41.445233],[2.176213,41.444994],[2.176082,41.444948],[2.175844,41.444856],[2.175605,41.444765],[2.175379,41.444682],[2.175355,41.444673],[2.175248,41.444636],[2.175188,41.444608],[2.174616,41.444397],[2.174247,41.444259],[2.173961,41.444158],[2.173794,41.444085],[2.173604,41.444021],[2.173425,41.443947],[2.173222,41.443874],[2.172674,41.443663],[2.172424,41.443571],[2.172317,41.443534],[2.172138,41.443461],[2.171888,41.443369],[2.171757,41.443314],[2.171891,41.443144],[2.172001,41.442982],[2.172147,41.442794],[2.172183,41.44274],[2.172281,41.442624],[2.172427,41.442409],[2.172585,41.442203],[2.172683,41.442059],[2.172732,41.441952],[2.172757,41.441853],[2.172783,41.4417],[2.172795,41.441673],[2.172796,41.441646],[2.172808,41.44161],[2.172808,41.441601],[2.172808,41.441592],[2.172809,41.441565],[2.172821,41.441511],[2.172834,41.441493],[2.172847,41.441376],[2.172934,41.441151],[2.172995,41.441026],[2.173093,41.440873],[2.173203,41.440721],[2.173348,41.440578],[2.173493,41.440453],[2.173614,41.440364],[2.173614,41.440364],[2.173638,41.440346],[2.173735,41.440293],[2.173771,41.440266],[2.173807,41.440239],[2.173831,41.44023],[2.173843,41.440221],[2.17388,41.440194],[2.173916,41.440177],[2.17394,41.44015],[2.173964,41.440132],[2.174,41.440105],[2.174012,41.440096],[2.174037,41.440078],[2.174049,41.44007],[2.174073,41.440052],[2.174097,41.440034],[2.174134,41.439989],[2.174158,41.43998],[2.17417,41.439962],[2.174182,41.439944],[2.174206,41.439927],[2.17423,41.439909],[2.174303,41.439837],[2.174303,41.439837],[2.174691,41.439435],[2.174994,41.439122],[2.175067,41.439059],[2.175115,41.439014],[2.175375,41.439304]]]}},{"type":"Feature","properties":{"barri":"la Prosperitat","districte":"Nou Barris"},"geometry":{"type":"Polygon","coordinates":[[[2.176318,41.438582],[2.176318,41.438582],[2.176557,41.43861],[2.178385,41.438858],[2.178397,41.438858],[2.17878,41.438905],[2.17878,41.438905],[2.179258,41.438972],[2.180106,41.439077],[2.180118,41.439077],[2.18025,41.439096],[2.181493,41.439249],[2.181684,41.439259],[2.181768,41.439269],[2.183477,41.43947],[2.18478,41.439624],[2.185425,41.4397],[2.185425,41.4397],[2.185425,41.439709],[2.185494,41.439899],[2.185735,41.440738],[2.186172,41.442228],[2.186241,41.442444],[2.186447,41.443166],[2.186724,41.443979],[2.187543,41.446444],[2.187658,41.446823],[2.187704,41.446967],[2.187298,41.446956],[2.187106,41.446945],[2.186855,41.446916],[2.186628,41.446888],[2.186174,41.446849],[2.18481,41.446731],[2.184798,41.446731],[2.183423,41.446604],[2.182371,41.44647],[2.182324,41.44647],[2.181403,41.446346],[2.181391,41.446346],[2.180423,41.446213],[2.180005,41.446147],[2.18003,41.446048],[2.17978,41.445992],[2.179506,41.445873],[2.179436,41.445693],[2.179262,41.445304],[2.179238,41.445268],[2.1789,41.444518],[2.178842,41.444373],[2.178842,41.444364],[2.178389,41.443316],[2.178366,41.443244],[2.178354,41.443244],[2.17797,41.442359],[2.17783,41.442105],[2.177665,41.44187],[2.177358,41.441507],[2.177122,41.441245],[2.177122,41.441245],[2.176603,41.440646],[2.17619,41.440166],[2.17619,41.440166],[2.17606,41.44003],[2.175375,41.439304],[2.175115,41.439014],[2.174856,41.438733],[2.174702,41.438561],[2.174738,41.438552],[2.174762,41.438543],[2.174798,41.438526],[2.174835,41.438499],[2.174859,41.438463],[2.174883,41.438436],[2.174896,41.438409],[2.174896,41.4384],[2.176318,41.438582]]]}},{"type":"Feature","properties":{"barri":"la Trinitat Nova","districte":"Nou Barris"},"geometry":{"type":"Polygon","coordinates":[[[2.188717,41.455045],[2.188679,41.455261],[2.188554,41.455648],[2.188406,41.45598],[2.188123,41.456626],[2.187892,41.456904],[2.187525,41.456586],[2.187181,41.456286],[2.187181,41.456286],[2.187027,41.456186],[2.186956,41.456123],[2.18692,41.456095],[2.186896,41.456077],[2.186873,41.456059],[2.186873,41.456059],[2.186861,41.45605],[2.186552,41.455814],[2.186493,41.455768],[2.186458,41.455714],[2.186399,41.455668],[2.186399,41.455659],[2.186399,41.455659],[2.186387,41.455659],[2.186387,41.455659],[2.186387,41.455659],[2.186328,41.455605],[2.186328,41.455605],[2.18628,41.455577],[2.18628,41.455568],[2.18628,41.455568],[2.186268,41.455559],[2.186233,41.455541],[2.186233,41.455541],[2.186233,41.455532],[2.186221,41.455532],[2.186173,41.455496],[2.186173,41.455496],[2.18615,41.455477],[2.186138,41.455468],[2.186138,41.455459],[2.186126,41.455459],[2.186126,41.455459],[2.186126,41.455459],[2.186126,41.455459],[2.186102,41.455432],[2.185816,41.455313],[2.185721,41.455267],[2.185495,41.455167],[2.18484,41.454874],[2.184743,41.454972],[2.184731,41.454972],[2.184731,41.454972],[2.184731,41.454972],[2.184719,41.454945],[2.18472,41.454936],[2.18472,41.454918],[2.184708,41.454909],[2.184696,41.454909],[2.184672,41.4549],[2.184636,41.45489],[2.184613,41.454881],[2.184589,41.454863],[2.184565,41.454854],[2.184553,41.454836],[2.18453,41.454808],[2.184506,41.454781],[2.184471,41.454736],[2.184435,41.4547],[2.184411,41.454681],[2.184388,41.454663],[2.1844,41.454654],[2.184412,41.454645],[2.184412,41.454636],[2.184412,41.454618],[2.184412,41.4546],[2.184413,41.454582],[2.184413,41.454564],[2.184401,41.454546],[2.184389,41.454528],[2.184378,41.454501],[2.184366,41.454492],[2.184342,41.454474],[2.184342,41.454474],[2.184354,41.454465],[2.184366,41.454456],[2.184367,41.454447],[2.184367,41.454429],[2.184367,41.454402],[2.184355,41.454375],[2.184344,41.454321],[2.184333,41.454285],[2.184321,41.45423],[2.18431,41.454203],[2.184298,41.454176],[2.184286,41.454167],[2.184275,41.454131],[2.184251,41.454104],[2.184228,41.454068],[2.184204,41.454031],[2.184157,41.453986],[2.184098,41.453932],[2.18405,41.453886],[2.183991,41.453832],[2.183956,41.453778],[2.183909,41.453714],[2.183862,41.453642],[2.183815,41.453569],[2.18378,41.453479],[2.183745,41.453443],[2.183697,41.453406],[2.18359,41.453352],[2.183507,41.453315],[2.183459,41.453279],[2.183412,41.453251],[2.183376,41.453224],[2.183341,41.453188],[2.183317,41.45316],[2.183282,41.453115],[2.183258,41.453079],[2.183223,41.453016],[2.183211,41.452998],[2.183188,41.452916],[2.183165,41.452844],[2.183142,41.45279],[2.183119,41.452709],[2.183108,41.452664],[2.18312,41.452628],[2.183133,41.452556],[2.18317,41.452475],[2.183183,41.45243],[2.183195,41.452403],[2.1831,41.452339],[2.183041,41.452303],[2.182981,41.452257],[2.182863,41.452175],[2.182649,41.452021],[2.182495,41.451921],[2.182412,41.451848],[2.182329,41.451784],[2.182222,41.451721],[2.182079,41.451647],[2.181972,41.451575],[2.181901,41.451502],[2.18183,41.45143],[2.181736,41.451294],[2.181642,41.451203],[2.18157,41.451148],[2.181392,41.451066],[2.181237,41.451002],[2.181142,41.450965],[2.181023,41.450892],[2.180928,41.450811],[2.180869,41.450747],[2.180751,41.450629],[2.18062,41.450538],[2.180549,41.450484],[2.180419,41.450384],[2.1803,41.450284],[2.180206,41.450202],[2.180135,41.450138],[2.179937,41.449678],[2.179866,41.449578],[2.179842,41.44956],[2.179843,41.449551],[2.179254,41.448781],[2.179407,41.448016],[2.179407,41.448007],[2.17942,41.447953],[2.17954,41.447927],[2.179576,41.447919],[2.179636,41.447901],[2.17966,41.447874],[2.179733,41.447785],[2.179818,41.447695],[2.179891,41.447615],[2.18,41.447498],[2.180073,41.447418],[2.180146,41.447337],[2.180158,41.447319],[2.180206,41.447275],[2.180291,41.447203],[2.180327,41.447176],[2.180388,41.447087],[2.179894,41.446417],[2.180005,41.446147],[2.180423,41.446213],[2.181391,41.446346],[2.181403,41.446346],[2.182324,41.44647],[2.182371,41.44647],[2.183423,41.446604],[2.184798,41.446731],[2.18481,41.446731],[2.186174,41.446849],[2.186628,41.446888],[2.186855,41.446916],[2.187106,41.446945],[2.187298,41.446956],[2.187704,41.446967],[2.188189,41.448421],[2.188339,41.448854],[2.188707,41.450109],[2.188795,41.450686],[2.188845,41.451506],[2.188886,41.452038],[2.188902,41.452696],[2.188907,41.453245],[2.188824,41.45419],[2.18878,41.454847],[2.188717,41.455045]]]}},{"type":"Feature","properties":{"barri":"Torre Baró","districte":"Nou Barris"},"geometry":{"type":"Polygon","coordinates":[[[2.181369,41.461442],[2.180943,41.462034],[2.180662,41.462446],[2.180564,41.46259],[2.180147,41.462443],[2.179801,41.462323],[2.179802,41.462314],[2.179826,41.462269],[2.179863,41.462215],[2.179875,41.462179],[2.179887,41.462162],[2.179899,41.462144],[2.179912,41.462126],[2.179961,41.462045],[2.179985,41.462009],[2.18001,41.461964],[2.180071,41.461848],[2.180095,41.461821],[2.18012,41.461785],[2.180144,41.461758],[2.180254,41.461597],[2.180473,41.461283],[2.180485,41.461274],[2.180426,41.461247],[2.180209,41.461335],[2.180101,41.461334],[2.180018,41.461325],[2.179958,41.461315],[2.179851,41.461279],[2.179767,41.461233],[2.179624,41.461169],[2.179529,41.461132],[2.179517,41.461123],[2.179387,41.461041],[2.179184,41.460922],[2.179184,41.460922],[2.179161,41.460913],[2.179137,41.460904],[2.179113,41.460895],[2.179077,41.460886],[2.179041,41.460885],[2.178993,41.460885],[2.178969,41.460885],[2.178886,41.460839],[2.178887,41.460758],[2.178876,41.460677],[2.178877,41.460596],[2.178877,41.460596],[2.178865,41.460587],[2.178842,41.460569],[2.178818,41.46056],[2.178818,41.46056],[2.178818,41.46056],[2.178639,41.460459],[2.178651,41.460459],[2.178651,41.460459],[2.178556,41.460405],[2.178556,41.460405],[2.178509,41.460377],[2.178473,41.46035],[2.178437,41.460341],[2.17845,41.460332],[2.17845,41.460332],[2.17845,41.460332],[2.17845,41.460323],[2.178462,41.460314],[2.178462,41.460314],[2.178462,41.460305],[2.17839,41.460268],[2.178378,41.460277],[2.178366,41.460286],[2.178354,41.460295],[2.178259,41.46024],[2.178247,41.460231],[2.178117,41.460149],[2.178093,41.46014],[2.178093,41.46014],[2.178081,41.460131],[2.178009,41.460094],[2.177998,41.460085],[2.177867,41.460003],[2.177748,41.459939],[2.177689,41.459903],[2.177689,41.459903],[2.177689,41.459894],[2.177689,41.459903],[2.177617,41.459866],[2.177617,41.459866],[2.177617,41.459866],[2.177617,41.459866],[2.177582,41.459839],[2.17757,41.45983],[2.177558,41.45983],[2.177558,41.459821],[2.177546,41.459821],[2.177534,41.459803],[2.177534,41.459812],[2.177451,41.459739],[2.177368,41.459666],[2.177297,41.459603],[2.177274,41.459585],[2.177238,41.459557],[2.177131,41.459476],[2.177131,41.459476],[2.177131,41.459467],[2.177084,41.459439],[2.177036,41.459412],[2.177024,41.459403],[2.176941,41.459366],[2.176929,41.459357],[2.176929,41.459357],[2.176917,41.459348],[2.176834,41.459302],[2.17681,41.459284],[2.176775,41.459266],[2.176668,41.459193],[2.176668,41.459184],[2.176526,41.459084],[2.176466,41.459039],[2.176395,41.458993],[2.176371,41.458975],[2.176348,41.458957],[2.176336,41.458948],[2.176324,41.458947],[2.176312,41.458938],[2.176288,41.458929],[2.176264,41.458929],[2.176252,41.458929],[2.176228,41.458929],[2.176216,41.458938],[2.176216,41.458938],[2.176204,41.458938],[2.176192,41.458946],[2.17618,41.458946],[2.17618,41.458946],[2.176168,41.458955],[2.176168,41.458955],[2.176144,41.458973],[2.176144,41.458973],[2.176144,41.458982],[2.176132,41.458991],[2.176131,41.459],[2.176131,41.459],[2.176119,41.459018],[2.176119,41.459027],[2.176107,41.459027],[2.176107,41.459036],[2.176095,41.459036],[2.176095,41.459036],[2.176095,41.459036],[2.176071,41.459018],[2.176024,41.45899],[2.175976,41.458963],[2.175941,41.458945],[2.175917,41.458935],[2.175702,41.458898],[2.175439,41.458851],[2.175045,41.458776],[2.174507,41.458682],[2.174139,41.458472],[2.174066,41.458535],[2.173981,41.458606],[2.173908,41.458678],[2.173884,41.458696],[2.173872,41.458714],[2.17386,41.458732],[2.17386,41.458723],[2.17386,41.458723],[2.17386,41.458723],[2.173836,41.45874],[2.173836,41.458749],[2.173751,41.45883],[2.173618,41.458946],[2.173618,41.458946],[2.173618,41.458946],[2.173545,41.459018],[2.173545,41.459018],[2.173448,41.459098],[2.173388,41.459143],[2.173304,41.459142],[2.173292,41.459142],[2.173065,41.459131],[2.173065,41.459131],[2.173041,41.459131],[2.171892,41.459096],[2.17175,41.45896],[2.171499,41.458913],[2.171222,41.459019],[2.17115,41.459018],[2.170839,41.459016],[2.170839,41.459016],[2.170837,41.459133],[2.170766,41.459133],[2.170754,41.459133],[2.170203,41.459129],[2.169927,41.459136],[2.169473,41.459123],[2.169377,41.459123],[2.168826,41.45911],[2.168168,41.459105],[2.167641,41.459092],[2.166851,41.459077],[2.166827,41.459077],[2.166827,41.459077],[2.166437,41.458705],[2.166164,41.458469],[2.165794,41.458412],[2.165746,41.458376],[2.165699,41.458303],[2.165688,41.458267],[2.165665,41.458186],[2.165642,41.458105],[2.165619,41.458033],[2.165572,41.457987],[2.165501,41.457924],[2.165466,41.457851],[2.165419,41.457779],[2.165312,41.457688],[2.165277,41.457616],[2.165195,41.457507],[2.165077,41.457335],[2.164972,41.457145],[2.164889,41.457054],[2.164784,41.456892],[2.164725,41.456801],[2.164642,41.456692],[2.164572,41.456584],[2.164513,41.456484],[2.164455,41.456376],[2.164337,41.456195],[2.16429,41.456131],[2.164232,41.456041],[2.164163,41.455797],[2.164261,41.455609],[2.164299,41.455447],[2.164324,41.455357],[2.164411,41.455114],[2.164508,41.455007],[2.164737,41.454946],[2.164894,41.454839],[2.164919,41.454767],[2.164944,41.454668],[2.164958,41.454479],[2.16496,41.454335],[2.164925,41.454226],[2.164892,41.454046],[2.164822,41.453928],[2.164799,41.453856],[2.1648,41.453775],[2.164813,41.453694],[2.164825,41.453631],[2.164863,41.453469],[2.164864,41.453406],[2.164877,41.453307],[2.164902,41.453226],[2.164903,41.453163],[2.164892,41.453109],[2.164869,41.452992],[2.164859,41.452911],[2.164835,41.452839],[2.164813,41.452748],[2.164802,41.452676],[2.164862,41.452605],[2.164935,41.452524],[2.165032,41.452453],[2.165165,41.452364],[2.165334,41.452248],[2.165395,41.452149],[2.165444,41.45205],[2.165518,41.451916],[2.165567,41.451799],[2.16558,41.451745],[2.165593,41.451673],[2.165594,41.451583],[2.165583,41.45152],[2.165559,41.451484],[2.1655,41.451438],[2.165429,41.451384],[2.165369,41.451347],[2.16531,41.451311],[2.165143,41.451247],[2.165072,41.451228],[2.164965,41.451173],[2.164846,41.451118],[2.164798,41.451091],[2.164762,41.451064],[2.164704,41.450955],[2.164681,41.45091],[2.164633,41.450856],[2.164563,41.450774],[2.164492,41.450719],[2.164444,41.450692],[2.164409,41.450638],[2.164362,41.450565],[2.164315,41.450475],[2.164292,41.450385],[2.164269,41.450303],[2.164247,41.450186],[2.164224,41.450105],[2.164201,41.450024],[2.164166,41.449942],[2.164167,41.449861],[2.164144,41.449816],[2.164108,41.449798],[2.164072,41.449789],[2.164072,41.449789],[2.164016,41.4495],[2.163915,41.449013],[2.163894,41.44786],[2.165544,41.446151],[2.165892,41.446082],[2.16594,41.446073],[2.165988,41.446064],[2.166,41.446074],[2.166035,41.446092],[2.166059,41.446128],[2.166224,41.446327],[2.166306,41.446445],[2.16633,41.44649],[2.166341,41.446526],[2.166353,41.446562],[2.166352,41.446598],[2.166363,41.446653],[2.166351,41.446707],[2.16635,41.446761],[2.166312,41.446958],[2.166311,41.44704],[2.16631,41.447067],[2.16631,41.447085],[2.166333,41.447121],[2.166357,41.447157],[2.166404,41.447202],[2.16644,41.447239],[2.166499,41.447275],[2.166582,41.44733],[2.166665,41.447366],[2.166713,41.447385],[2.166773,41.447394],[2.166833,41.447404],[2.16688,41.447413],[2.166952,41.447423],[2.167012,41.447423],[2.167539,41.447436],[2.167622,41.447445],[2.167694,41.447455],[2.167753,41.447482],[2.167801,41.447501],[2.167801,41.447501],[2.167849,41.447528],[2.167896,41.447564],[2.167932,41.447592],[2.167955,41.447637],[2.167978,41.447691],[2.16799,41.447727],[2.167989,41.447772],[2.167938,41.448015],[2.167825,41.448411],[2.167788,41.448518],[2.167776,41.448563],[2.167665,41.44877],[2.167603,41.448922],[2.167579,41.448976],[2.167566,41.449021],[2.167566,41.449057],[2.167565,41.449102],[2.167577,41.449147],[2.167588,41.449193],[2.167611,41.449238],[2.167635,41.449265],[2.16767,41.449292],[2.167694,41.44931],[2.16773,41.449329],[2.167813,41.449356],[2.168064,41.449448],[2.16823,41.449503],[2.168338,41.449522],[2.168386,41.449532],[2.168446,41.449532],[2.168517,41.449533],[2.168565,41.449533],[2.168601,41.449533],[2.168649,41.449525],[2.168697,41.449516],[2.168757,41.449498],[2.168805,41.449472],[2.168854,41.449445],[2.168902,41.449409],[2.168951,41.449338],[2.168975,41.449302],[2.169049,41.449167],[2.16911,41.449059],[2.169135,41.449015],[2.169219,41.448925],[2.16928,41.448863],[2.169317,41.448827],[2.169389,41.448782],[2.169461,41.448738],[2.169522,41.448711],[2.16957,41.448693],[2.16963,41.448667],[2.169666,41.448667],[2.169714,41.448658],[2.169762,41.448659],[2.169845,41.448668],[2.170036,41.448697],[2.170108,41.448706],[2.170144,41.448725],[2.17018,41.448734],[2.170239,41.448761],[2.170287,41.448798],[2.170334,41.448834],[2.170393,41.448871],[2.1705,41.448934],[2.170548,41.448971],[2.170643,41.449016],[2.170833,41.449099],[2.170869,41.449117],[2.170917,41.449145],[2.170964,41.449172],[2.171024,41.449208],[2.171083,41.449254],[2.17113,41.44929],[2.171178,41.449327],[2.171225,41.449363],[2.171273,41.449399],[2.171308,41.449427],[2.171356,41.449463],[2.171379,41.449472],[2.171403,41.449481],[2.171427,41.449491],[2.171451,41.4495],[2.171475,41.449509],[2.171499,41.449518],[2.171522,41.449527],[2.171558,41.449536],[2.171582,41.449537],[2.171606,41.449537],[2.17163,41.449537],[2.171654,41.449537],[2.171678,41.449537],[2.171702,41.449538],[2.171726,41.449529],[2.17175,41.44952],[2.17181,41.449502],[2.171882,41.449476],[2.171954,41.449449],[2.172015,41.449414],[2.172063,41.449396],[2.172123,41.449369],[2.172171,41.449343],[2.172219,41.449316],[2.172328,41.449272],[2.172352,41.449263],[2.172364,41.449263],[2.172376,41.449263],[2.1724,41.449254],[2.172412,41.449254],[2.172436,41.449255],[2.172448,41.449255],[2.172472,41.449255],[2.172483,41.449264],[2.172507,41.449264],[2.172519,41.449264],[2.172531,41.449273],[2.172555,41.449282],[2.172567,41.449283],[2.172579,41.449292],[2.172591,41.449301],[2.172638,41.449328],[2.172674,41.449355],[2.172721,41.449383],[2.172757,41.449419],[2.17284,41.449483],[2.172864,41.449492],[2.172887,41.44951],[2.172911,41.449519],[2.172935,41.449537],[2.172959,41.449547],[2.172983,41.449556],[2.173018,41.449574],[2.173042,41.449583],[2.17309,41.449602],[2.173137,41.44962],[2.173185,41.449638],[2.173233,41.449657],[2.173257,41.449666],[2.17328,41.449684],[2.173304,41.449693],[2.173328,41.449711],[2.173352,41.44973],[2.173375,41.449748],[2.173399,41.449766],[2.173423,41.449775],[2.173458,41.44982],[2.173494,41.449857],[2.173541,41.449902],[2.173564,41.449947],[2.1736,41.449975],[2.173623,41.450002],[2.173683,41.450047],[2.17373,41.450084],[2.173777,41.450129],[2.173837,41.450165],[2.17392,41.45022],[2.173979,41.450265],[2.174051,41.450311],[2.17411,41.450347],[2.174181,41.450384],[2.174229,41.45042],[2.174276,41.450439],[2.174324,41.450457],[2.174384,41.450485],[2.174455,41.450503],[2.174515,41.450522],[2.174586,41.45054],[2.174622,41.450549],[2.174658,41.450559],[2.174706,41.450568],[2.174742,41.450577],[2.174765,41.450577],[2.174777,41.450577],[2.174789,41.450578],[2.174801,41.450578],[2.174813,41.450578],[2.174825,41.450578],[2.174837,41.450569],[2.174849,41.450569],[2.174861,41.450569],[2.174873,41.450569],[2.174885,41.45056],[2.174897,41.45056],[2.174909,41.450551],[2.17497,41.450534],[2.17503,41.450507],[2.175102,41.45049],[2.175162,41.450481],[2.175234,41.450473],[2.175306,41.450464],[2.175365,41.450465],[2.175377,41.450465],[2.175389,41.450465],[2.175402,41.450456],[2.175413,41.450456],[2.175425,41.450456],[2.175425,41.450456],[2.175437,41.450456],[2.175449,41.450456],[2.175461,41.450456],[2.175473,41.450456],[2.175473,41.450456],[2.175497,41.450466],[2.175509,41.450466],[2.175521,41.450466],[2.175533,41.450466],[2.175545,41.450466],[2.175557,41.450466],[2.175569,41.450466],[2.175593,41.450466],[2.175605,41.450466],[2.175617,41.450475],[2.175629,41.450475],[2.175641,41.450476],[2.175653,41.450476],[2.175665,41.450476],[2.175677,41.450476],[2.175688,41.450485],[2.1757,41.450485],[2.175712,41.450485],[2.175724,41.450485],[2.175724,41.450485],[2.175736,41.450494],[2.175748,41.450494],[2.17576,41.450494],[2.175784,41.450495],[2.175796,41.450495],[2.175808,41.450504],[2.17582,41.450504],[2.175832,41.450504],[2.175844,41.450513],[2.175856,41.450513],[2.175868,41.450522],[2.175892,41.450522],[2.175903,41.450531],[2.175915,41.450532],[2.175927,41.450541],[2.175939,41.450541],[2.175951,41.45055],[2.175963,41.450559],[2.175975,41.450568],[2.175987,41.450568],[2.175987,41.450577],[2.175998,41.450586],[2.17601,41.450595],[2.176022,41.450604],[2.176046,41.450641],[2.176081,41.450668],[2.176128,41.450722],[2.176188,41.450768],[2.176235,41.450822],[2.176271,41.450849],[2.17627,41.450858],[2.176282,41.450867],[2.176294,41.450877],[2.176294,41.450886],[2.176306,41.450895],[2.176318,41.450904],[2.176318,41.450913],[2.176329,41.450922],[2.176341,41.450931],[2.176341,41.45094],[2.176353,41.450949],[2.176377,41.450976],[2.1764,41.451012],[2.176412,41.451022],[2.176412,41.451031],[2.176424,41.45104],[2.176424,41.451049],[2.176436,41.451049],[2.176435,41.451058],[2.176447,41.451067],[2.176447,41.451076],[2.176459,41.451085],[2.176459,41.451094],[2.176471,41.451094],[2.176471,41.451103],[2.176483,41.451112],[2.176495,41.451121],[2.176506,41.45113],[2.176518,41.451139],[2.176518,41.451148],[2.17653,41.451157],[2.176542,41.451167],[2.176554,41.451167],[2.176566,41.451176],[2.176578,41.451185],[2.176589,41.451194],[2.176601,41.451194],[2.176613,41.451203],[2.176625,41.451212],[2.176637,41.451221],[2.176649,41.451221],[2.176661,41.45123],[2.176673,41.45124],[2.176685,41.45124],[2.176696,41.451249],[2.176708,41.451249],[2.17672,41.451258],[2.176732,41.451267],[2.176756,41.451267],[2.176768,41.451276],[2.17678,41.451285],[2.176792,41.451285],[2.176816,41.451295],[2.176828,41.451295],[2.176839,41.451304],[2.176851,41.451304],[2.176875,41.451313],[2.176887,41.451313],[2.176911,41.451322],[2.176923,41.451322],[2.176947,41.451332],[2.176959,41.451332],[2.176983,41.451341],[2.176995,41.451341],[2.177019,41.451341],[2.177042,41.451341],[2.177054,41.45135],[2.177078,41.451351],[2.177138,41.45136],[2.177162,41.45136],[2.177246,41.45137],[2.177341,41.451379],[2.177449,41.451389],[2.177521,41.45139],[2.177616,41.451408],[2.1777,41.451418],[2.177784,41.451428],[2.177831,41.451437],[2.177891,41.451437],[2.177951,41.451456],[2.178011,41.451465],[2.178058,41.451475],[2.178106,41.451493],[2.17813,41.451502],[2.178154,41.451511],[2.178178,41.451521],[2.178201,41.451548],[2.178296,41.451611],[2.178793,41.452074],[2.178841,41.452093],[2.178913,41.452084],[2.178997,41.452058],[2.179163,41.452203],[2.179211,41.452176],[2.179211,41.452167],[2.179247,41.452141],[2.179295,41.452168],[2.179307,41.452186],[2.179437,41.452304],[2.179496,41.452341],[2.179711,41.452405],[2.17977,41.452424],[2.179866,41.452451],[2.180225,41.452463],[2.180333,41.452473],[2.180344,41.452491],[2.180606,41.452655],[2.180606,41.452655],[2.180689,41.452691],[2.180761,41.45271],[2.180796,41.452719],[2.180892,41.452729],[2.180976,41.452729],[2.181012,41.45273],[2.181048,41.452721],[2.18106,41.452721],[2.18112,41.452722],[2.18112,41.452722],[2.181132,41.452722],[2.181239,41.452722],[2.181383,41.452741],[2.181706,41.452753],[2.181802,41.452762],[2.181885,41.452799],[2.181932,41.452835],[2.181956,41.452881],[2.181966,41.452989],[2.182013,41.45307],[2.182072,41.453143],[2.182179,41.453242],[2.182274,41.453315],[2.182345,41.453352],[2.182523,41.453443],[2.182654,41.453534],[2.182761,41.453598],[2.182856,41.453644],[2.182951,41.453671],[2.183166,41.453727],[2.183274,41.453764],[2.183357,41.453791],[2.183393,41.45381],[2.183547,41.453883],[2.183643,41.453937],[2.183773,41.454001],[2.183881,41.454056],[2.18394,41.454093],[2.184058,41.454202],[2.18407,41.454211],[2.184094,41.454229],[2.184153,41.454301],[2.184188,41.454356],[2.184211,41.454419],[2.184211,41.454455],[2.184223,41.454455],[2.184223,41.454464],[2.184223,41.454473],[2.184234,41.454482],[2.184234,41.454482],[2.184246,41.454491],[2.184258,41.4545],[2.18427,41.4545],[2.184294,41.454501],[2.184306,41.454501],[2.184318,41.454492],[2.184342,41.454483],[2.184342,41.454474],[2.184366,41.454492],[2.184378,41.454501],[2.184389,41.454528],[2.184401,41.454546],[2.184413,41.454564],[2.184413,41.454582],[2.184412,41.4546],[2.184412,41.454618],[2.184412,41.454636],[2.184412,41.454645],[2.1844,41.454654],[2.184388,41.454663],[2.184411,41.454681],[2.184435,41.4547],[2.184471,41.454736],[2.184506,41.454781],[2.18453,41.454808],[2.184553,41.454836],[2.184565,41.454854],[2.184589,41.454863],[2.184613,41.454881],[2.184636,41.45489],[2.184672,41.4549],[2.184696,41.454909],[2.184708,41.454909],[2.18472,41.454918],[2.18472,41.454936],[2.184719,41.454945],[2.184731,41.454972],[2.184731,41.454972],[2.184731,41.454972],[2.184743,41.454972],[2.18484,41.454874],[2.185495,41.455167],[2.185721,41.455267],[2.185816,41.455313],[2.186102,41.455432],[2.186126,41.455459],[2.186126,41.455459],[2.186126,41.455459],[2.186126,41.455459],[2.186138,41.455459],[2.186138,41.455468],[2.18615,41.455477],[2.186173,41.455496],[2.186173,41.455496],[2.186221,41.455532],[2.186233,41.455532],[2.186233,41.455541],[2.186233,41.455541],[2.186268,41.455559],[2.18628,41.455568],[2.18628,41.455568],[2.18628,41.455577],[2.186328,41.455605],[2.186328,41.455605],[2.186387,41.455659],[2.186387,41.455659],[2.186387,41.455659],[2.186399,41.455659],[2.186399,41.455659],[2.186399,41.455668],[2.186458,41.455714],[2.186493,41.455768],[2.186552,41.455814],[2.186861,41.45605],[2.186873,41.456059],[2.186873,41.456059],[2.186896,41.456077],[2.18692,41.456095],[2.186956,41.456123],[2.187027,41.456186],[2.187181,41.456286],[2.187181,41.456286],[2.187525,41.456586],[2.187343,41.456774],[2.186919,41.457149],[2.186677,41.457355],[2.185687,41.458023],[2.184552,41.458772],[2.183429,41.459548],[2.18309,41.459797],[2.18257,41.460208],[2.182195,41.46053],[2.181722,41.461031],[2.181369,41.461442]]]}},{"type":"Feature","properties":{"barri":"Ciutat Meridiana","districte":"Nou Barris"},"geometry":{"type":"Polygon","coordinates":[[[2.179588,41.464051],[2.179297,41.464364],[2.179224,41.464445],[2.179163,41.464507],[2.179127,41.464552],[2.178852,41.464487],[2.178625,41.46444],[2.178434,41.464403],[2.178124,41.464338],[2.177801,41.464245],[2.177467,41.464162],[2.177252,41.464151],[2.177072,41.464141],[2.176953,41.464131],[2.176917,41.464095],[2.176618,41.464057],[2.176248,41.463991],[2.176213,41.463946],[2.176177,41.463927],[2.175986,41.463854],[2.175736,41.463735],[2.175616,41.463752],[2.17492,41.463855],[2.174874,41.463702],[2.174779,41.463647],[2.17453,41.463483],[2.17435,41.463482],[2.17433,41.46323],[2.174356,41.463014],[2.174357,41.462969],[2.174275,41.462824],[2.174252,41.462734],[2.17417,41.462634],[2.174075,41.462561],[2.173991,41.462543],[2.173848,41.462533],[2.173764,41.462532],[2.173704,41.462505],[2.173407,41.462331],[2.172944,41.462058],[2.172647,41.461866],[2.172552,41.461767],[2.172386,41.461657],[2.172137,41.461439],[2.1719,41.461267],[2.171745,41.461202],[2.171722,41.461166],[2.171698,41.461139],[2.17165,41.461112],[2.171521,41.460967],[2.171426,41.460876],[2.171403,41.460822],[2.171218,41.461217],[2.170825,41.461079],[2.170646,41.461023],[2.170503,41.460959],[2.170013,41.460848],[2.170014,41.460758],[2.169549,41.460673],[2.169405,41.460636],[2.169286,41.460626],[2.169095,41.460553],[2.168427,41.460323],[2.16832,41.460286],[2.168296,41.46034],[2.168283,41.460394],[2.16827,41.460493],[2.168256,41.460601],[2.168267,41.4607],[2.168207,41.4607],[2.168147,41.460708],[2.167321,41.460684],[2.167298,41.460621],[2.167252,41.460503],[2.16724,41.460476],[2.167253,41.460413],[2.167278,41.46035],[2.16729,41.460324],[2.167327,41.460207],[2.167364,41.460144],[2.167401,41.460081],[2.167462,41.46001],[2.167522,41.459929],[2.167391,41.45991],[2.167308,41.459882],[2.167236,41.459846],[2.167165,41.4598],[2.167011,41.459637],[2.166941,41.45951],[2.166929,41.459492],[2.166921,41.459177],[2.166827,41.459077],[2.166827,41.459077],[2.166851,41.459077],[2.167641,41.459092],[2.168168,41.459105],[2.168826,41.45911],[2.169377,41.459123],[2.169473,41.459123],[2.169927,41.459136],[2.170203,41.459129],[2.170754,41.459133],[2.170766,41.459133],[2.170837,41.459133],[2.170839,41.459016],[2.170839,41.459016],[2.17115,41.459018],[2.171222,41.459019],[2.171499,41.458913],[2.17175,41.45896],[2.171892,41.459096],[2.171892,41.459096],[2.173041,41.459131],[2.173065,41.459131],[2.173292,41.459142],[2.173304,41.459142],[2.173388,41.459143],[2.173448,41.459098],[2.173545,41.459018],[2.173545,41.459018],[2.173618,41.458946],[2.173618,41.458946],[2.173618,41.458946],[2.173751,41.45883],[2.173836,41.458749],[2.173836,41.45874],[2.17386,41.458723],[2.17386,41.458723],[2.17386,41.458723],[2.17386,41.458732],[2.173872,41.458714],[2.173884,41.458696],[2.173908,41.458678],[2.173981,41.458606],[2.174066,41.458535],[2.174139,41.458472],[2.174507,41.458682],[2.175045,41.458776],[2.175439,41.458851],[2.175702,41.458898],[2.175917,41.458935],[2.175941,41.458945],[2.175976,41.458963],[2.176024,41.45899],[2.176071,41.459018],[2.176095,41.459036],[2.176095,41.459036],[2.176095,41.459036],[2.176107,41.459036],[2.176107,41.459027],[2.176119,41.459027],[2.176119,41.459018],[2.176131,41.459],[2.176131,41.459],[2.176132,41.458991],[2.176144,41.458982],[2.176144,41.458973],[2.176144,41.458973],[2.176168,41.458955],[2.176168,41.458955],[2.17618,41.458946],[2.17618,41.458946],[2.176192,41.458946],[2.176204,41.458938],[2.176216,41.458938],[2.176216,41.458938],[2.176228,41.458929],[2.176252,41.458929],[2.176264,41.458929],[2.176288,41.458929],[2.176312,41.458938],[2.176324,41.458947],[2.176336,41.458948],[2.176348,41.458957],[2.176371,41.458975],[2.176395,41.458993],[2.176466,41.459039],[2.176526,41.459084],[2.176668,41.459184],[2.176668,41.459193],[2.176775,41.459266],[2.17681,41.459284],[2.176834,41.459302],[2.176917,41.459348],[2.176929,41.459357],[2.176929,41.459357],[2.176941,41.459366],[2.177024,41.459403],[2.177036,41.459412],[2.177084,41.459439],[2.177131,41.459467],[2.177131,41.459476],[2.177131,41.459476],[2.177238,41.459557],[2.177274,41.459585],[2.177297,41.459603],[2.177368,41.459666],[2.177451,41.459739],[2.177534,41.459812],[2.177534,41.459803],[2.177546,41.459821],[2.177558,41.459821],[2.177558,41.45983],[2.17757,41.45983],[2.177582,41.459839],[2.177617,41.459866],[2.177617,41.459866],[2.177617,41.459866],[2.177617,41.459866],[2.177689,41.459903],[2.177689,41.459894],[2.177689,41.459903],[2.177689,41.459903],[2.177748,41.459939],[2.177867,41.460003],[2.177998,41.460085],[2.178009,41.460094],[2.178081,41.460131],[2.178093,41.46014],[2.178093,41.46014],[2.178117,41.460149],[2.178247,41.460231],[2.178259,41.46024],[2.178354,41.460295],[2.178366,41.460286],[2.178378,41.460277],[2.17839,41.460268],[2.178462,41.460305],[2.178462,41.460314],[2.178462,41.460314],[2.17845,41.460323],[2.17845,41.460332],[2.17845,41.460332],[2.17845,41.460332],[2.178437,41.460341],[2.178473,41.46035],[2.178509,41.460377],[2.178556,41.460405],[2.178556,41.460405],[2.178651,41.460459],[2.178651,41.460459],[2.178639,41.460459],[2.178818,41.46056],[2.178818,41.46056],[2.178818,41.46056],[2.178842,41.460569],[2.178865,41.460587],[2.178877,41.460596],[2.178877,41.460596],[2.178876,41.460677],[2.178887,41.460758],[2.178886,41.460839],[2.178969,41.460885],[2.178993,41.460885],[2.179041,41.460885],[2.179077,41.460886],[2.179113,41.460895],[2.179137,41.460904],[2.179161,41.460913],[2.179184,41.460922],[2.179184,41.460922],[2.179387,41.461041],[2.179517,41.461123],[2.179529,41.461132],[2.179624,41.461169],[2.179767,41.461233],[2.179851,41.461279],[2.179958,41.461315],[2.180018,41.461325],[2.180101,41.461334],[2.180209,41.461335],[2.180426,41.461247],[2.180485,41.461274],[2.180485,41.461274],[2.180473,41.461283],[2.180254,41.461597],[2.180144,41.461758],[2.18012,41.461785],[2.180095,41.461821],[2.180071,41.461848],[2.18001,41.461964],[2.179985,41.462009],[2.179961,41.462045],[2.179912,41.462126],[2.179899,41.462144],[2.179887,41.462162],[2.179875,41.462179],[2.179863,41.462215],[2.179826,41.462269],[2.179802,41.462314],[2.179801,41.462323],[2.180147,41.462443],[2.180564,41.46259],[2.180455,41.46276],[2.179977,41.463576],[2.179588,41.464051]]]}},{"type":"Feature","properties":{"barri":"Vallbona","districte":"Nou Barris"},"geometry":{"type":"Polygon","coordinates":[[[2.184061,41.468298],[2.183786,41.468296],[2.183618,41.468277],[2.183475,41.468231],[2.183105,41.468165],[2.182675,41.468054],[2.182388,41.467998],[2.182018,41.46795],[2.181887,41.467913],[2.181684,41.46784],[2.180692,41.467671],[2.180513,41.46766],[2.179795,41.467619],[2.179412,41.46759],[2.178698,41.468188],[2.178641,41.467944],[2.178608,41.467692],[2.178611,41.467422],[2.178676,41.467089],[2.178787,41.466801],[2.178934,41.466532],[2.179166,41.46621],[2.179336,41.466022],[2.179469,41.465879],[2.179845,41.465503],[2.180135,41.465271],[2.180425,41.465093],[2.180714,41.464942],[2.180249,41.46483],[2.179127,41.464552],[2.179163,41.464507],[2.179224,41.464445],[2.179297,41.464364],[2.179588,41.464051],[2.179977,41.463576],[2.180455,41.46276],[2.180564,41.46259],[2.180662,41.462446],[2.180943,41.462034],[2.181369,41.461442],[2.181722,41.461031],[2.182195,41.46053],[2.18257,41.460208],[2.18309,41.459797],[2.183429,41.459548],[2.184552,41.458772],[2.185687,41.458023],[2.186677,41.457355],[2.186919,41.457149],[2.187343,41.456774],[2.187525,41.456586],[2.187892,41.456904],[2.188416,41.457097],[2.188416,41.457097],[2.188797,41.457307],[2.188773,41.457315],[2.188773,41.457324],[2.18876,41.457342],[2.188736,41.45736],[2.188736,41.45736],[2.188566,41.457584],[2.188529,41.457629],[2.188481,41.457692],[2.18842,41.457763],[2.18831,41.457952],[2.188224,41.458077],[2.188163,41.458167],[2.188115,41.458248],[2.188114,41.458257],[2.18809,41.458292],[2.18809,41.458292],[2.188066,41.458319],[2.188066,41.458337],[2.188053,41.458355],[2.188029,41.458418],[2.187979,41.458517],[2.187942,41.458625],[2.18793,41.458652],[2.18793,41.458661],[2.187905,41.458724],[2.18788,41.458777],[2.187868,41.458813],[2.187843,41.458894],[2.187818,41.458948],[2.187794,41.45902],[2.187793,41.459029],[2.187744,41.459146],[2.187719,41.459236],[2.187694,41.459344],[2.187694,41.459353],[2.187681,41.459443],[2.187668,41.459514],[2.187643,41.459586],[2.187642,41.45964],[2.187629,41.459703],[2.187629,41.459757],[2.187616,41.459829],[2.187603,41.459937],[2.187602,41.459973],[2.18759,41.46],[2.187589,41.46009],[2.187535,41.460585],[2.187534,41.460657],[2.187533,41.460721],[2.187478,41.461306],[2.187465,41.461333],[2.187464,41.461423],[2.187437,41.461684],[2.187396,41.462071],[2.187396,41.46208],[2.18742,41.46208],[2.187444,41.46208],[2.187647,41.462117],[2.187635,41.462126],[2.187459,41.463792],[2.187378,41.464476],[2.187176,41.466285],[2.187106,41.467104],[2.187062,41.467716],[2.185804,41.467761],[2.185733,41.467761],[2.185385,41.467794],[2.184577,41.468194],[2.184421,41.468247],[2.184169,41.468281],[2.184061,41.468298]]]}},{"type":"Feature","properties":{"barri":"la Trinitat Vella","districte":"Sant Andreu"},"geometry":{"type":"Polygon","coordinates":[[[2.187647,41.462117],[2.187444,41.46208],[2.18742,41.46208],[2.187396,41.46208],[2.187396,41.462071],[2.187437,41.461684],[2.187464,41.461423],[2.187465,41.461333],[2.187478,41.461306],[2.187533,41.460721],[2.187534,41.460657],[2.187535,41.460585],[2.187589,41.46009],[2.18759,41.46],[2.187602,41.459973],[2.187603,41.459937],[2.187616,41.459829],[2.187629,41.459757],[2.187629,41.459703],[2.187642,41.45964],[2.187643,41.459586],[2.187668,41.459514],[2.187681,41.459443],[2.187694,41.459353],[2.187694,41.459344],[2.187719,41.459236],[2.187744,41.459146],[2.187793,41.459029],[2.187794,41.45902],[2.187818,41.458948],[2.187843,41.458894],[2.187868,41.458813],[2.18788,41.458777],[2.187905,41.458724],[2.18793,41.458661],[2.18793,41.458652],[2.187942,41.458625],[2.187979,41.458517],[2.188029,41.458418],[2.188053,41.458355],[2.188066,41.458337],[2.188066,41.458319],[2.18809,41.458292],[2.18809,41.458292],[2.188114,41.458257],[2.188115,41.458248],[2.188163,41.458167],[2.188224,41.458077],[2.18831,41.457952],[2.18842,41.457763],[2.188481,41.457692],[2.188529,41.457629],[2.188566,41.457584],[2.188736,41.45736],[2.188736,41.45736],[2.18876,41.457342],[2.188773,41.457324],[2.188773,41.457315],[2.188785,41.457307],[2.188416,41.457097],[2.188416,41.457097],[2.187892,41.456904],[2.188123,41.456626],[2.188406,41.45598],[2.188554,41.455648],[2.188679,41.455261],[2.188717,41.455045],[2.18878,41.454847],[2.188824,41.45419],[2.188907,41.453245],[2.188902,41.452696],[2.188886,41.452038],[2.188845,41.451506],[2.188795,41.450686],[2.188707,41.450109],[2.188339,41.448854],[2.188189,41.448421],[2.187704,41.446967],[2.189512,41.446944],[2.189526,41.4468],[2.190484,41.446807],[2.19047,41.446951],[2.191093,41.446955],[2.192313,41.446991],[2.192564,41.447011],[2.192696,41.44703],[2.192779,41.447048],[2.192935,41.447085],[2.193054,41.447131],[2.193185,41.447186],[2.193446,41.447314],[2.193803,41.447488],[2.194006,41.447561],[2.194221,41.447626],[2.19446,41.447672],[2.194591,41.447682],[2.194711,41.447692],[2.194962,41.447685],[2.195418,41.447661],[2.195801,41.447664],[2.196243,41.447703],[2.196541,41.447777],[2.196804,41.44786],[2.196935,41.447924],[2.196796,41.447491],[2.196785,41.447464],[2.196999,41.447537],[2.197202,41.447602],[2.197691,41.447776],[2.198144,41.447923],[2.200254,41.44865],[2.201315,41.449008],[2.200697,41.449617],[2.200176,41.450135],[2.19957,41.450726],[2.199183,41.451065],[2.198481,41.451673],[2.198106,41.451976],[2.197707,41.45228],[2.196994,41.452788],[2.195279,41.453992],[2.194688,41.454403],[2.194506,41.454536],[2.193806,41.455045],[2.192332,41.456107],[2.191704,41.456552],[2.191317,41.456847],[2.190954,41.457142],[2.190615,41.457437],[2.190143,41.457875],[2.189791,41.458223],[2.189367,41.458635],[2.189015,41.459038],[2.188832,41.459271],[2.188613,41.459584],[2.188454,41.459817],[2.188332,41.460042],[2.188197,41.460293],[2.188061,41.460598],[2.187963,41.460832],[2.187876,41.461083],[2.187801,41.461308],[2.187713,41.461614],[2.187687,41.461803],[2.187648,41.462081],[2.187647,41.462117]]]}},{"type":"Feature","properties":{"barri":"Baró de Viver","districte":"Sant Andreu"},"geometry":{"type":"Polygon","coordinates":[[[2.196642,41.442562],[2.199715,41.442809],[2.199344,41.444779],[2.199305,41.44504],[2.199424,41.445104],[2.201732,41.446264],[2.201958,41.446329],[2.202839,41.446749],[2.203315,41.446987],[2.203206,41.447103],[2.201982,41.448346],[2.201945,41.448391],[2.201824,41.448507],[2.201315,41.449008],[2.200254,41.44865],[2.198144,41.447923],[2.197691,41.447776],[2.197202,41.447602],[2.197168,41.447484],[2.197041,41.447087],[2.197018,41.447015],[2.196937,41.446735],[2.196914,41.446672],[2.196696,41.445959],[2.196615,41.445688],[2.196592,41.445607],[2.196477,41.445246],[2.196327,41.444785],[2.196258,41.444541],[2.196178,41.44428],[2.196143,41.44418],[2.196085,41.444018],[2.196039,41.443855],[2.196027,41.443837],[2.195924,41.443512],[2.195854,41.443314],[2.195636,41.442601],[2.195601,41.442492],[2.196642,41.442562]]]}},{"type":"Feature","properties":{"barri":"el Bon Pastor","districte":"Sant Andreu"},"geometry":{"type":"Polygon","coordinates":[[[2.209539,41.433239],[2.209599,41.433257],[2.209754,41.433277],[2.209886,41.433277],[2.209922,41.433296],[2.210758,41.433428],[2.21066,41.433598],[2.210464,41.433966],[2.210305,41.434244],[2.21017,41.434522],[2.210097,41.434666],[2.209974,41.434908],[2.209888,41.435115],[2.209802,41.435313],[2.209752,41.435456],[2.209703,41.435555],[2.209629,41.435762],[2.209542,41.436013],[2.20948,41.436193],[2.209406,41.436382],[2.208629,41.439187],[2.208617,41.439214],[2.208467,41.439771],[2.208404,41.439996],[2.208342,41.440167],[2.208292,41.440328],[2.20823,41.440517],[2.208156,41.440697],[2.208094,41.440849],[2.207996,41.441092],[2.207947,41.441182],[2.20791,41.441272],[2.207836,41.441442],[2.20775,41.441604],[2.207664,41.441774],[2.207615,41.441864],[2.207566,41.441954],[2.207468,41.442124],[2.207371,41.442286],[2.207322,41.442375],[2.2072,41.442573],[2.207065,41.442779],[2.206944,41.442958],[2.206834,41.44312],[2.206299,41.44381],[2.206129,41.443997],[2.205886,41.444284],[2.205607,41.444579],[2.205304,41.444893],[2.204989,41.445224],[2.204103,41.446154],[2.203861,41.446414],[2.203412,41.446888],[2.203315,41.446987],[2.202839,41.446749],[2.201958,41.446329],[2.201732,41.446264],[2.199424,41.445104],[2.199305,41.44504],[2.199344,41.444779],[2.199715,41.442809],[2.196642,41.442562],[2.195601,41.442492],[2.195601,41.442492],[2.195497,41.442167],[2.195336,41.441662],[2.195221,41.441274],[2.195141,41.440994],[2.194981,41.440398],[2.194912,41.440172],[2.194796,41.439829],[2.19475,41.439649],[2.194727,41.439586],[2.194716,41.439523],[2.194659,41.439297],[2.194613,41.43918],[2.194578,41.439062],[2.194464,41.43862],[2.194429,41.438503],[2.194407,41.438412],[2.194395,41.438358],[2.194373,41.438214],[2.194248,41.437691],[2.194236,41.437655],[2.194214,41.437537],[2.194202,41.437501],[2.194202,41.437501],[2.194169,41.43733],[2.194135,41.437104],[2.194102,41.43687],[2.19407,41.436573],[2.194072,41.436465],[2.194072,41.436428],[2.194061,41.436365],[2.194074,41.436275],[2.194076,41.436131],[2.194091,41.435825],[2.194092,41.435771],[2.194182,41.435267],[2.194182,41.43524],[2.194184,41.435114],[2.194115,41.434898],[2.194058,41.434699],[2.194131,41.434555],[2.194266,41.434313],[2.194861,41.433588],[2.195337,41.432852],[2.195471,41.432655],[2.195631,41.43235],[2.195839,41.431937],[2.196121,41.431381],[2.196208,41.431174],[2.19627,41.430949],[2.196321,41.430724],[2.196334,41.430653],[2.196334,41.430589],[2.19636,41.4305],[2.196373,41.430401],[2.196386,41.430311],[2.196387,41.430221],[2.1964,41.430104],[2.196402,41.430004],[2.196403,41.429878],[2.196405,41.429734],[2.196387,41.429239],[2.196292,41.428238],[2.19627,41.428058],[2.196203,41.427688],[2.196122,41.427426],[2.195937,41.42693],[2.195937,41.42693],[2.195925,41.426921],[2.196431,41.426663],[2.196431,41.426663],[2.196431,41.426663],[2.196431,41.426663],[2.196431,41.426672],[2.196431,41.426681],[2.196454,41.426744],[2.196465,41.426798],[2.196488,41.426861],[2.196546,41.427051],[2.196604,41.427205],[2.196627,41.427277],[2.196673,41.427394],[2.196953,41.427964],[2.197126,41.428478],[2.197219,41.428749],[2.197289,41.428885],[2.197324,41.428939],[2.197572,41.429211],[2.198106,41.429629],[2.198403,41.42982],[2.198676,41.429939],[2.198688,41.429948],[2.1987,41.429948],[2.198939,41.430031],[2.199177,41.430087],[2.199297,41.430097],[2.1995,41.430125],[2.199906,41.430164],[2.200229,41.430175],[2.200684,41.43016],[2.201104,41.430091],[2.201524,41.429995],[2.201945,41.429863],[2.202149,41.429792],[2.202173,41.429774],[2.202353,41.429713],[2.202474,41.429668],[2.20269,41.429589],[2.202979,41.429483],[2.205181,41.428453],[2.20659,41.427787],[2.207023,41.427583],[2.207294,41.427909],[2.207353,41.427973],[2.207281,41.428008],[2.207364,41.428108],[2.20734,41.428117],[2.207326,41.428234],[2.207288,41.428432],[2.207273,41.428657],[2.207272,41.428792],[2.207139,41.428854],[2.207328,41.429071],[2.207244,41.429107],[2.207009,41.429682],[2.206923,41.429915],[2.207005,41.430015],[2.206536,41.430246],[2.206796,41.430536],[2.206723,41.430571],[2.206675,41.43058],[2.206478,41.431083],[2.206365,41.431533],[2.206176,41.43227],[2.206471,41.432641],[2.206781,41.432743],[2.207258,41.432899],[2.207282,41.43289],[2.207437,41.432945],[2.207484,41.432955],[2.207723,41.433028],[2.208021,41.433121],[2.208045,41.43313],[2.208188,41.433149],[2.208403,41.433177],[2.208547,41.43316],[2.209539,41.433239]]]}},{"type":"Feature","properties":{"barri":"Sant Andreu","districte":"Sant Andreu"},"geometry":{"type":"Polygon","coordinates":[[[2.196935,41.447924],[2.196804,41.44786],[2.196541,41.447777],[2.196243,41.447703],[2.195801,41.447664],[2.195418,41.447661],[2.194962,41.447685],[2.194711,41.447692],[2.194591,41.447682],[2.19446,41.447672],[2.194221,41.447626],[2.194006,41.447561],[2.193803,41.447488],[2.193446,41.447314],[2.193185,41.447186],[2.193054,41.447131],[2.192935,41.447085],[2.192779,41.447048],[2.192696,41.44703],[2.192564,41.447011],[2.192313,41.446991],[2.191093,41.446955],[2.19047,41.446951],[2.190484,41.446807],[2.189526,41.4468],[2.189512,41.446944],[2.187704,41.446967],[2.187658,41.446823],[2.187543,41.446444],[2.186724,41.443979],[2.186447,41.443166],[2.186241,41.442444],[2.186172,41.442228],[2.185735,41.440738],[2.185494,41.439899],[2.185425,41.439709],[2.185425,41.4397],[2.185425,41.4397],[2.184733,41.437624],[2.184514,41.436974],[2.184063,41.435655],[2.183648,41.434418],[2.183567,41.434157],[2.183186,41.433046],[2.182875,41.432116],[2.182759,41.431782],[2.182748,41.431746],[2.182671,41.431205],[2.182786,41.430638],[2.182872,41.430441],[2.183066,41.43019],[2.183736,41.429294],[2.184126,41.42872],[2.184175,41.428648],[2.184199,41.428649],[2.184498,41.428651],[2.184785,41.428653],[2.185551,41.42864],[2.185994,41.428634],[2.186006,41.428634],[2.186485,41.428629],[2.187012,41.428623],[2.187287,41.428625],[2.187706,41.428601],[2.187911,41.428522],[2.188043,41.428469],[2.188392,41.4283],[2.188753,41.428113],[2.188898,41.428051],[2.188994,41.428025],[2.189222,41.427963],[2.189258,41.427955],[2.189378,41.427938],[2.190218,41.427754],[2.190326,41.427737],[2.19035,41.427728],[2.190374,41.427728],[2.190398,41.427729],[2.190422,41.42772],[2.190434,41.42772],[2.190709,41.427713],[2.190733,41.427713],[2.190877,41.427714],[2.190984,41.427724],[2.191164,41.427743],[2.191546,41.427764],[2.191821,41.427793],[2.19243,41.427878],[2.193623,41.428184],[2.193623,41.428184],[2.193911,41.428195],[2.193926,41.427915],[2.193951,41.427853],[2.194203,41.427737],[2.194432,41.42764],[2.194878,41.427427],[2.195263,41.427258],[2.195636,41.427081],[2.195925,41.426921],[2.195937,41.42693],[2.195937,41.42693],[2.196122,41.427426],[2.196203,41.427688],[2.19627,41.428058],[2.196292,41.428238],[2.196387,41.429239],[2.196405,41.429734],[2.196403,41.429878],[2.196402,41.430004],[2.1964,41.430104],[2.196387,41.430221],[2.196386,41.430311],[2.196373,41.430401],[2.19636,41.4305],[2.196334,41.430589],[2.196334,41.430653],[2.196321,41.430724],[2.19627,41.430949],[2.196208,41.431174],[2.196121,41.431381],[2.195839,41.431937],[2.195631,41.43235],[2.195471,41.432655],[2.195337,41.432852],[2.194861,41.433588],[2.194266,41.434313],[2.194131,41.434555],[2.194058,41.434699],[2.194115,41.434898],[2.194184,41.435114],[2.194182,41.43524],[2.194182,41.435267],[2.194092,41.435771],[2.194091,41.435825],[2.194076,41.436131],[2.194074,41.436275],[2.194061,41.436365],[2.194072,41.436428],[2.194072,41.436465],[2.19407,41.436573],[2.194102,41.43687],[2.194135,41.437104],[2.194169,41.43733],[2.194202,41.437501],[2.194202,41.437501],[2.194214,41.437537],[2.194236,41.437655],[2.194248,41.437691],[2.194373,41.438214],[2.194395,41.438358],[2.194407,41.438412],[2.194429,41.438503],[2.194464,41.43862],[2.194578,41.439062],[2.194613,41.43918],[2.194659,41.439297],[2.194716,41.439523],[2.194727,41.439586],[2.19475,41.439649],[2.194796,41.439829],[2.194912,41.440172],[2.194981,41.440398],[2.195141,41.440994],[2.195221,41.441274],[2.195336,41.441662],[2.195497,41.442167],[2.195601,41.442492],[2.195601,41.442492],[2.195636,41.442601],[2.195854,41.443314],[2.195924,41.443512],[2.196027,41.443837],[2.196039,41.443855],[2.196085,41.444018],[2.196143,41.44418],[2.196178,41.44428],[2.196258,41.444541],[2.196327,41.444785],[2.196477,41.445246],[2.196592,41.445607],[2.196615,41.445688],[2.196696,41.445959],[2.196914,41.446672],[2.196937,41.446735],[2.197018,41.447015],[2.197041,41.447087],[2.197168,41.447484],[2.197202,41.447602],[2.196999,41.447537],[2.196785,41.447464],[2.196796,41.447491],[2.196935,41.447924]]]}},{"type":"Feature","properties":{"barri":"la Sagrera","districte":"Sant Andreu"},"geometry":{"type":"Polygon","coordinates":[[[2.184785,41.428653],[2.184498,41.428651],[2.184199,41.428649],[2.184175,41.428648],[2.18437,41.428352],[2.184295,41.42764],[2.184198,41.426793],[2.184191,41.425442],[2.1842,41.424721],[2.184101,41.424063],[2.183944,41.423161],[2.183939,41.422657],[2.184531,41.422211],[2.185473,41.421488],[2.186814,41.420461],[2.186814,41.420461],[2.186923,41.42039],[2.187213,41.420167],[2.189001,41.41881],[2.190112,41.417962],[2.191248,41.417079],[2.191429,41.416945],[2.19142,41.416711],[2.191353,41.416296],[2.191204,41.415781],[2.191111,41.415546],[2.192368,41.414582],[2.192416,41.414547],[2.193353,41.415256],[2.193542,41.415401],[2.193332,41.415931],[2.193295,41.416057],[2.193232,41.416318],[2.19323,41.416471],[2.193252,41.416642],[2.193298,41.416805],[2.193425,41.417157],[2.193471,41.417283],[2.193482,41.417338],[2.193911,41.418484],[2.194038,41.418819],[2.194996,41.421726],[2.195215,41.422394],[2.195239,41.422385],[2.195491,41.422342],[2.195537,41.42245],[2.195537,41.422468],[2.195537,41.422477],[2.195537,41.422486],[2.195584,41.422586],[2.195595,41.422622],[2.195595,41.422622],[2.195595,41.422631],[2.195607,41.42264],[2.195607,41.422649],[2.195607,41.422649],[2.195594,41.422667],[2.195594,41.422676],[2.195628,41.422865],[2.195662,41.423046],[2.195673,41.423109],[2.195683,41.423217],[2.195695,41.423271],[2.195706,41.423343],[2.195717,41.423388],[2.195717,41.423406],[2.195761,41.423686],[2.195773,41.423713],[2.195773,41.423731],[2.195807,41.423893],[2.195807,41.423902],[2.195806,41.423929],[2.195829,41.424047],[2.195851,41.424173],[2.195862,41.424281],[2.195896,41.424425],[2.195896,41.424443],[2.195908,41.424452],[2.195919,41.424489],[2.195942,41.424552],[2.195965,41.424633],[2.195976,41.424687],[2.196046,41.424895],[2.196057,41.424958],[2.196057,41.424967],[2.196068,41.425003],[2.19608,41.425021],[2.19608,41.425057],[2.19608,41.425057],[2.196092,41.425057],[2.196091,41.425084],[2.196103,41.42512],[2.19616,41.425319],[2.196183,41.425409],[2.196195,41.425436],[2.196217,41.425535],[2.196229,41.425554],[2.196229,41.425554],[2.196332,41.425915],[2.196332,41.425924],[2.196332,41.425924],[2.196413,41.426203],[2.196435,41.426303],[2.196447,41.426321],[2.196447,41.42633],[2.196528,41.42651],[2.19654,41.426547],[2.19654,41.426547],[2.19654,41.426556],[2.19654,41.426556],[2.19654,41.426556],[2.19654,41.426556],[2.19654,41.426565],[2.19654,41.426565],[2.19654,41.426565],[2.19654,41.426565],[2.19654,41.426565],[2.19654,41.426565],[2.19654,41.426574],[2.196551,41.426583],[2.196551,41.426592],[2.196503,41.426609],[2.196431,41.426663],[2.195925,41.426921],[2.195636,41.427081],[2.195263,41.427258],[2.194878,41.427427],[2.194432,41.42764],[2.194203,41.427737],[2.193951,41.427853],[2.193926,41.427915],[2.193911,41.428195],[2.193623,41.428184],[2.193623,41.428184],[2.19243,41.427878],[2.191821,41.427793],[2.191546,41.427764],[2.191164,41.427743],[2.190984,41.427724],[2.190877,41.427714],[2.190733,41.427713],[2.190709,41.427713],[2.190434,41.42772],[2.190422,41.42772],[2.190398,41.427729],[2.190374,41.427728],[2.19035,41.427728],[2.190326,41.427737],[2.190218,41.427754],[2.189378,41.427938],[2.189258,41.427955],[2.189222,41.427963],[2.188994,41.428025],[2.188898,41.428051],[2.188753,41.428113],[2.188392,41.4283],[2.188043,41.428469],[2.187911,41.428522],[2.187706,41.428601],[2.187287,41.428625],[2.187012,41.428623],[2.186485,41.428629],[2.186006,41.428634],[2.185994,41.428634],[2.185551,41.42864],[2.184785,41.428653]]]}},{"type":"Feature","properties":{"barri":"el Congrés i els Indians","districte":"Sant Andreu"},"geometry":{"type":"Polygon","coordinates":[[[2.180832,41.419464],[2.181093,41.419646],[2.181199,41.419728],[2.181661,41.420082],[2.182065,41.420383],[2.182219,41.420501],[2.183333,41.421319],[2.18344,41.42141],[2.183926,41.421756],[2.183939,41.422657],[2.183944,41.423161],[2.184101,41.424063],[2.1842,41.424721],[2.184191,41.425442],[2.184198,41.426793],[2.184295,41.42764],[2.182535,41.427718],[2.179817,41.427825],[2.179446,41.42784],[2.179182,41.427874],[2.179074,41.427891],[2.178486,41.427986],[2.177287,41.428176],[2.177257,41.427761],[2.177226,41.427338],[2.177229,41.427122],[2.177309,41.425492],[2.176879,41.425471],[2.176209,41.425457],[2.176065,41.425447],[2.176222,41.425322],[2.176538,41.424991],[2.176538,41.424982],[2.176974,41.424517],[2.178248,41.42313],[2.178612,41.422736],[2.178976,41.422342],[2.179765,41.421483],[2.180335,41.420857],[2.180469,41.420713],[2.180627,41.420516],[2.180663,41.420481],[2.180749,41.420355],[2.180798,41.420238],[2.180836,41.420032],[2.180827,41.419833],[2.180725,41.419382],[2.180832,41.419464]]]}},{"type":"Feature","properties":{"barri":"Navas","districte":"Sant Andreu"},"geometry":{"type":"Polygon","coordinates":[[[2.189001,41.41881],[2.187213,41.420167],[2.186923,41.42039],[2.186814,41.420461],[2.186814,41.420461],[2.185473,41.421488],[2.184531,41.422211],[2.183939,41.422657],[2.183926,41.421756],[2.18344,41.42141],[2.183333,41.421319],[2.182219,41.420501],[2.182065,41.420383],[2.181661,41.420082],[2.181199,41.419728],[2.181093,41.419646],[2.180832,41.419464],[2.180725,41.419382],[2.180567,41.418651],[2.18051,41.41839],[2.180487,41.418336],[2.18039,41.417479],[2.180404,41.416371],[2.180482,41.415832],[2.182213,41.417105],[2.18296,41.417651],[2.183363,41.417951],[2.184426,41.417157],[2.185127,41.416621],[2.185429,41.416389],[2.186275,41.415765],[2.186903,41.415292],[2.1877,41.414685],[2.188002,41.414462],[2.189029,41.413676],[2.190155,41.41454],[2.190155,41.41454],[2.190973,41.415167],[2.191111,41.415546],[2.191111,41.415546],[2.191204,41.415781],[2.191353,41.416296],[2.19142,41.416711],[2.191429,41.416945],[2.191248,41.417079],[2.190112,41.417962],[2.189001,41.41881]]]}},{"type":"Feature","properties":{"barri":"el Camp de l'Arpa del Clot","districte":"Sant Martí"},"geometry":{"type":"Polygon","coordinates":[[[2.184531,41.406916],[2.1851,41.407325],[2.185242,41.407434],[2.185728,41.407798],[2.186724,41.408544],[2.186866,41.408644],[2.186885,41.411923],[2.186895,41.412094],[2.186893,41.412193],[2.186893,41.412211],[2.186899,41.412715],[2.186904,41.413274],[2.186902,41.413427],[2.186899,41.413697],[2.186908,41.413895],[2.186908,41.413913],[2.186903,41.414292],[2.186903,41.414346],[2.186906,41.415021],[2.186903,41.415292],[2.186275,41.415765],[2.185429,41.416389],[2.185127,41.416621],[2.184426,41.417157],[2.183363,41.417951],[2.18296,41.417651],[2.182213,41.417105],[2.180482,41.415832],[2.180186,41.415604],[2.178989,41.414704],[2.178823,41.414577],[2.176761,41.413013],[2.176642,41.412922],[2.175469,41.41204],[2.176592,41.411183],[2.176894,41.41096],[2.177148,41.410764],[2.177462,41.410523],[2.177728,41.410326],[2.178875,41.409452],[2.180023,41.408586],[2.181122,41.407756],[2.182258,41.406891],[2.183103,41.406248],[2.183381,41.406043],[2.184531,41.406916]]]}},{"type":"Feature","properties":{"barri":"el Clot","districte":"Sant Martí"},"geometry":{"type":"Polygon","coordinates":[[[2.192416,41.414547],[2.192368,41.414582],[2.191111,41.415546],[2.191111,41.415546],[2.190973,41.415167],[2.190155,41.41454],[2.190155,41.41454],[2.189029,41.413676],[2.188002,41.414462],[2.1877,41.414685],[2.186903,41.415292],[2.186906,41.415021],[2.186903,41.414346],[2.186903,41.414292],[2.186908,41.413913],[2.186908,41.413895],[2.186899,41.413697],[2.186902,41.413427],[2.186904,41.413274],[2.186899,41.412715],[2.186893,41.412211],[2.186893,41.412193],[2.186895,41.412094],[2.186885,41.411923],[2.186866,41.408644],[2.186724,41.408544],[2.185728,41.407798],[2.185242,41.407434],[2.1851,41.407325],[2.184531,41.406916],[2.183381,41.406043],[2.184951,41.404856],[2.185664,41.404303],[2.186014,41.404044],[2.186168,41.404153],[2.186192,41.404171],[2.186347,41.404244],[2.186537,41.404327],[2.186716,41.404382],[2.186919,41.40442],[2.187086,41.404439],[2.187086,41.404439],[2.187302,41.404404],[2.187326,41.404396],[2.187506,41.404343],[2.187614,41.404316],[2.187782,41.404237],[2.187855,41.404192],[2.187903,41.404165],[2.187915,41.404156],[2.187962,41.404193],[2.188282,41.404438],[2.188507,41.404611],[2.188602,41.404675],[2.190072,41.405784],[2.191423,41.406793],[2.191423,41.406802],[2.192549,41.407657],[2.192549,41.407657],[2.193261,41.408184],[2.194802,41.40933],[2.197078,41.411039],[2.197042,41.411075],[2.196957,41.411129],[2.196837,41.411218],[2.196679,41.411343],[2.196631,41.411379],[2.196595,41.411405],[2.196438,41.411521],[2.196172,41.411727],[2.195834,41.411977],[2.195254,41.412414],[2.195134,41.412503],[2.194989,41.41261],[2.194783,41.412771],[2.194675,41.412842],[2.194663,41.412851],[2.194566,41.412922],[2.194421,41.413039],[2.194228,41.413181],[2.194047,41.413315],[2.19389,41.413431],[2.193745,41.413556],[2.193551,41.41369],[2.192416,41.414547]]]}},{"type":"Feature","properties":{"barri":"el Parc i la Llacuna del Poblenou","districte":"Sant Martí"},"geometry":{"type":"Polygon","coordinates":[[[2.19379,41.405008],[2.193633,41.405124],[2.192679,41.405856],[2.191604,41.406669],[2.191423,41.406802],[2.191423,41.406793],[2.190072,41.405784],[2.188602,41.404675],[2.188507,41.404611],[2.188282,41.404438],[2.187962,41.404193],[2.187915,41.404156],[2.187903,41.404165],[2.187855,41.404192],[2.187782,41.404237],[2.187614,41.404316],[2.187506,41.404343],[2.187326,41.404396],[2.187302,41.404404],[2.187086,41.404439],[2.187086,41.404439],[2.186919,41.40442],[2.186716,41.404382],[2.186537,41.404327],[2.186347,41.404244],[2.186192,41.404171],[2.186168,41.404153],[2.186014,41.404044],[2.185664,41.404303],[2.185593,41.404248],[2.184609,41.403512],[2.184526,41.403448],[2.184961,41.403118],[2.184961,41.403118],[2.185178,41.402957],[2.185734,41.402538],[2.185867,41.40244],[2.186736,41.401779],[2.186893,41.401654],[2.186893,41.401654],[2.186891,41.400871],[2.186881,41.399754],[2.186885,41.399465],[2.186876,41.39824],[2.186872,41.396619],[2.186868,41.39507],[2.186869,41.39497],[2.186821,41.394961],[2.186774,41.394943],[2.186738,41.394924],[2.186726,41.394915],[2.186702,41.394897],[2.186679,41.394861],[2.186667,41.394834],[2.186656,41.394798],[2.186656,41.394762],[2.186669,41.394726],[2.186681,41.39469],[2.186705,41.394663],[2.18673,41.394636],[2.185817,41.393954],[2.184679,41.393117],[2.183885,41.392535],[2.183529,41.392272],[2.18238,41.391417],[2.183454,41.390614],[2.18459,41.389757],[2.18677,41.391394],[2.186987,41.391233],[2.187181,41.391081],[2.187265,41.391019],[2.187495,41.39084],[2.187893,41.390537],[2.189114,41.391455],[2.190228,41.392274],[2.191402,41.393111],[2.192528,41.39392],[2.19497,41.395685],[2.196037,41.396458],[2.194926,41.397297],[2.193876,41.398091],[2.194006,41.398254],[2.194159,41.398436],[2.194218,41.398499],[2.194748,41.39916],[2.195431,41.400003],[2.19562,41.400229],[2.195632,41.400238],[2.196492,41.40128],[2.196763,41.401633],[2.197023,41.401941],[2.197329,41.402313],[2.197329,41.402322],[2.196097,41.403268],[2.195457,41.40375],[2.195203,41.403937],[2.19495,41.404134],[2.19379,41.405008]]]}},{"type":"Feature","properties":{"barri":"la Vila Olímpica del Poblenou","districte":"Sant Martí"},"geometry":{"type":"Polygon","coordinates":[[[2.199804,41.39362],[2.198331,41.394754],[2.197196,41.395592],[2.196037,41.396458],[2.19497,41.395685],[2.192528,41.39392],[2.191402,41.393111],[2.190228,41.392274],[2.189114,41.391455],[2.187893,41.390537],[2.188183,41.390323],[2.188472,41.390109],[2.188738,41.389903],[2.189076,41.389645],[2.189076,41.389645],[2.189149,41.389591],[2.189438,41.389377],[2.189716,41.389163],[2.190501,41.388583],[2.19067,41.38844],[2.191237,41.38802],[2.191419,41.387878],[2.191491,41.387833],[2.191491,41.387833],[2.191841,41.387565],[2.191926,41.387503],[2.192046,41.387405],[2.192046,41.387405],[2.192397,41.387137],[2.192397,41.387137],[2.192566,41.387012],[2.192602,41.386976],[2.192674,41.386923],[2.192747,41.386869],[2.192843,41.386798],[2.19288,41.386762],[2.192904,41.386744],[2.192904,41.386744],[2.19294,41.386717],[2.193,41.386682],[2.193061,41.386628],[2.193085,41.386619],[2.193109,41.386601],[2.193326,41.386432],[2.19335,41.386423],[2.193362,41.386405],[2.193362,41.386405],[2.193471,41.386316],[2.193471,41.386316],[2.193568,41.386235],[2.193603,41.386263],[2.195749,41.387854],[2.195809,41.387809],[2.195797,41.387782],[2.195798,41.387746],[2.19581,41.387692],[2.195835,41.387647],[2.195859,41.387611],[2.195908,41.387567],[2.195944,41.38754],[2.195992,41.387513],[2.196052,41.387487],[2.196112,41.387469],[2.196172,41.38746],[2.196232,41.387452],[2.196316,41.387452],[2.196376,41.387453],[2.196423,41.387462],[2.198005,41.386275],[2.199719,41.38499],[2.199766,41.385017],[2.199837,41.385072],[2.199909,41.385127],[2.199991,41.38519],[2.199955,41.385235],[2.199908,41.385208],[2.199763,41.385324],[2.199834,41.385387],[2.199591,41.385701],[2.199425,41.385583],[2.199292,41.385681],[2.199493,41.385835],[2.19831,41.386719],[2.198429,41.38681],[2.198308,41.386899],[2.199078,41.387472],[2.199375,41.387699],[2.199671,41.387917],[2.199979,41.388145],[2.200216,41.388335],[2.200337,41.388246],[2.200455,41.388337],[2.201964,41.387195],[2.200198,41.385867],[2.200838,41.385385],[2.201123,41.385603],[2.20099,41.385702],[2.201037,41.385738],[2.20117,41.38564],[2.201407,41.385813],[2.201202,41.385973],[2.201664,41.386319],[2.202103,41.386646],[2.202151,41.386601],[2.202186,41.386638],[2.202138,41.386673],[2.202399,41.386873],[2.202604,41.386713],[2.202521,41.386649],[2.202533,41.386631],[2.202628,41.386704],[2.202749,41.386605],[2.202643,41.38647],[2.202547,41.386514],[2.202511,41.386469],[2.202608,41.386424],[2.202466,41.386243],[2.202337,41.386089],[2.202207,41.385944],[2.201935,41.385645],[2.201794,41.385509],[2.201652,41.385364],[2.201392,41.385128],[2.201273,41.38501],[2.201013,41.384792],[2.200752,41.384583],[2.200503,41.384401],[2.200385,41.38431],[2.200266,41.384237],[2.200159,41.384183],[2.200029,41.38411],[2.199897,41.384154],[2.199468,41.383953],[2.199445,41.383934],[2.199445,41.383934],[2.199433,41.383925],[2.199421,41.383916],[2.199421,41.383907],[2.199409,41.383889],[2.199397,41.383889],[2.199374,41.383889],[2.199266,41.383852],[2.199112,41.383788],[2.198981,41.383724],[2.198862,41.383669],[2.198862,41.38366],[2.198863,41.383624],[2.198875,41.383606],[2.199008,41.383499],[2.199199,41.383455],[2.199404,41.383367],[2.199416,41.383358],[2.19956,41.38335],[2.199775,41.383351],[2.199846,41.383379],[2.20006,41.38347],[2.20012,41.383507],[2.200238,41.383625],[2.200321,41.383661],[2.200547,41.383735],[2.200594,41.383834],[2.200654,41.383844],[2.200666,41.383862],[2.200629,41.383907],[2.200592,41.383978],[2.20058,41.383978],[2.200532,41.383987],[2.200509,41.383978],[2.200449,41.383959],[2.200366,41.383923],[2.200331,41.383859],[2.20026,41.383805],[2.200152,41.383786],[2.199997,41.383722],[2.199867,41.383658],[2.199819,41.383631],[2.199784,41.383603],[2.199712,41.383576],[2.199652,41.383584],[2.199605,41.383584],[2.199581,41.383575],[2.199533,41.383575],[2.199497,41.383592],[2.19952,41.38362],[2.199508,41.383629],[2.199508,41.383647],[2.199508,41.383656],[2.19952,41.383656],[2.19952,41.383647],[2.199532,41.383647],[2.199544,41.383647],[2.199556,41.383647],[2.199568,41.383638],[2.19958,41.383638],[2.199592,41.383638],[2.199604,41.383638],[2.199604,41.383638],[2.199616,41.383638],[2.199628,41.383638],[2.19964,41.383638],[2.199664,41.383639],[2.199675,41.383648],[2.199687,41.383648],[2.199699,41.383648],[2.199711,41.383657],[2.199711,41.383657],[2.199735,41.383666],[2.199735,41.383666],[2.199735,41.383666],[2.199735,41.383666],[2.199759,41.383675],[2.19983,41.383712],[2.19989,41.383739],[2.20002,41.383803],[2.200151,41.383867],[2.200246,41.383931],[2.200282,41.383949],[2.2004,41.384022],[2.200507,41.384086],[2.200626,41.384159],[2.200733,41.384232],[2.200851,41.384322],[2.201076,41.384495],[2.20129,41.384668],[2.201455,41.384804],[2.201656,41.384986],[2.201857,41.385176],[2.201964,41.385276],[2.202141,41.385448],[2.202318,41.38563],[2.202401,41.385729],[2.202731,41.38611],[2.202778,41.386173],[2.202908,41.386327],[2.203143,41.386653],[2.203296,41.38688],[2.203437,41.387097],[2.203624,41.387413],[2.203057,41.387842],[2.203057,41.387842],[2.203128,41.387869],[2.203247,41.387924],[2.203259,41.387933],[2.203271,41.387942],[2.203271,41.38796],[2.203377,41.38806],[2.203389,41.388069],[2.203424,41.388096],[2.203424,41.388132],[2.203388,41.388159],[2.203352,41.388159],[2.203316,41.388132],[2.203317,41.388096],[2.203222,41.38805],[2.203139,41.387977],[2.203032,41.387923],[2.203008,41.387877],[2.203008,41.387877],[2.202996,41.387886],[2.202913,41.387832],[2.202949,41.387814],[2.202832,41.387651],[2.20282,41.38766],[2.202783,41.387696],[2.202772,41.387687],[2.202747,41.387704],[2.201492,41.38865],[2.201515,41.388759],[2.201562,41.388831],[2.201665,41.389165],[2.201852,41.389518],[2.202076,41.389799],[2.202561,41.390216],[2.203,41.390498],[2.203547,41.390782],[2.203892,41.390919],[2.204417,41.391085],[2.204751,41.391114],[2.204763,41.391105],[2.204763,41.391096],[2.204775,41.391096],[2.204799,41.391078],[2.204836,41.391052],[2.204848,41.391034],[2.204884,41.391007],[2.204908,41.390989],[2.20492,41.39098],[2.20492,41.390971],[2.204932,41.390971],[2.204956,41.390971],[2.204968,41.390962],[2.20498,41.390963],[2.20498,41.390972],[2.204992,41.390972],[2.204992,41.390981],[2.205765,41.390391],[2.205895,41.390491],[2.205376,41.390884],[2.205376,41.390893],[2.205376,41.390902],[2.205376,41.390911],[2.205376,41.39092],[2.205363,41.390929],[2.205339,41.390938],[2.205315,41.390956],[2.205279,41.390983],[2.205243,41.391018],[2.205219,41.391036],[2.205182,41.391072],[2.205158,41.39109],[2.205146,41.391099],[2.205122,41.391126],[2.205074,41.391161],[2.204965,41.391242],[2.204892,41.391295],[2.204844,41.391322],[2.204832,41.39134],[2.20482,41.391349],[2.204796,41.391358],[2.204784,41.391367],[2.20476,41.391375],[2.204736,41.391384],[2.204688,41.391402],[2.204567,41.391491],[2.204828,41.391682],[2.204852,41.391664],[2.204876,41.391628],[2.204901,41.391602],[2.204949,41.391566],[2.204997,41.391521],[2.205058,41.391468],[2.205094,41.391441],[2.20513,41.391405],[2.205154,41.391396],[2.205167,41.391378],[2.205179,41.391369],[2.205203,41.391351],[2.205227,41.391343],[2.205227,41.391334],[2.205251,41.391316],[2.205348,41.391235],[2.205432,41.391173],[2.205456,41.391146],[2.205505,41.39111],[2.205541,41.391084],[2.205553,41.391084],[2.205565,41.391075],[2.205577,41.391075],[2.205589,41.391075],[2.205613,41.391084],[2.206144,41.390682],[2.206274,41.390773],[2.205731,41.391184],[2.205731,41.391184],[2.205743,41.391184],[2.205755,41.391184],[2.205755,41.391184],[2.205755,41.391193],[2.205755,41.391211],[2.205755,41.391211],[2.205755,41.39122],[2.205755,41.391229],[2.205742,41.391238],[2.205742,41.391238],[2.205718,41.391256],[2.205706,41.391265],[2.205682,41.391283],[2.205658,41.391301],[2.205658,41.39131],[2.205646,41.391309],[2.205634,41.391318],[2.205622,41.391318],[2.205598,41.391345],[2.205585,41.391363],[2.205561,41.391372],[2.205561,41.391381],[2.205549,41.39139],[2.205549,41.39139],[2.205537,41.391399],[2.205525,41.391408],[2.205513,41.391417],[2.205501,41.391426],[2.205489,41.391434],[2.205477,41.391443],[2.205477,41.391443],[2.205054,41.391765],[2.204994,41.391809],[2.204668,41.39205],[2.204656,41.392059],[2.204336,41.391823],[2.203865,41.392198],[2.203551,41.392439],[2.203297,41.392635],[2.203104,41.392787],[2.20302,41.39285],[2.203007,41.392859],[2.202923,41.392921],[2.20273,41.393064],[2.202561,41.393198],[2.20238,41.393341],[2.202198,41.393474],[2.202029,41.393608],[2.201884,41.393724],[2.201679,41.393867],[2.201438,41.394064],[2.201184,41.394251],[2.200907,41.394456],[2.199889,41.393566],[2.199804,41.39362]]]}},{"type":"Feature","properties":{"barri":"el Poblenou","districte":"Sant Martí"},"geometry":{"type":"Polygon","coordinates":[[[2.209208,41.396423],[2.209184,41.39645],[2.209184,41.39645],[2.209111,41.396504],[2.20936,41.396685],[2.209741,41.396895],[2.210062,41.397024],[2.210443,41.397152],[2.210502,41.397225],[2.210773,41.397596],[2.21082,41.397659],[2.210796,41.397668],[2.210796,41.397677],[2.210784,41.397677],[2.210772,41.397686],[2.210772,41.397686],[2.210772,41.397686],[2.210772,41.397695],[2.210724,41.397722],[2.210687,41.397748],[2.210615,41.397802],[2.210555,41.397847],[2.210518,41.397873],[2.210506,41.397882],[2.210337,41.398007],[2.210325,41.398007],[2.210289,41.398043],[2.21006,41.398204],[2.209831,41.398373],[2.209818,41.398382],[2.209806,41.398391],[2.209782,41.398409],[2.20977,41.398418],[2.20977,41.398418],[2.20977,41.398418],[2.209589,41.398552],[2.209289,41.398649],[2.208529,41.399193],[2.20836,41.399318],[2.208215,41.399425],[2.207792,41.399737],[2.20778,41.399737],[2.207056,41.400282],[2.206875,41.400416],[2.206993,41.400506],[2.20787,41.401215],[2.208924,41.402078],[2.209896,41.402868],[2.210014,41.402968],[2.209229,41.403557],[2.208493,41.404111],[2.207382,41.404959],[2.206718,41.405477],[2.206488,41.405646],[2.206198,41.405878],[2.205124,41.406691],[2.20423,41.40736],[2.203807,41.407681],[2.202078,41.407246],[2.19881,41.406431],[2.197534,41.406107],[2.196329,41.405801],[2.196329,41.405801],[2.195518,41.405597],[2.195518,41.405597],[2.193633,41.405124],[2.19379,41.405008],[2.19495,41.404134],[2.195203,41.403937],[2.195457,41.40375],[2.196097,41.403268],[2.197329,41.402322],[2.197329,41.402313],[2.197023,41.401941],[2.196763,41.401633],[2.196492,41.40128],[2.195632,41.400238],[2.19562,41.400229],[2.195431,41.400003],[2.194748,41.39916],[2.194218,41.398499],[2.194159,41.398436],[2.194006,41.398254],[2.193876,41.398091],[2.194926,41.397297],[2.196037,41.396458],[2.197196,41.395592],[2.198331,41.394754],[2.199804,41.39362],[2.199889,41.393566],[2.200907,41.394456],[2.201184,41.394251],[2.201438,41.394064],[2.201679,41.393867],[2.201884,41.393724],[2.202029,41.393608],[2.202198,41.393474],[2.20238,41.393341],[2.202561,41.393198],[2.20273,41.393064],[2.202923,41.392921],[2.203007,41.392859],[2.20302,41.39285],[2.203104,41.392787],[2.203297,41.392635],[2.203551,41.392439],[2.203865,41.392198],[2.204336,41.391823],[2.204656,41.392059],[2.204668,41.39205],[2.204994,41.391809],[2.205054,41.391765],[2.205477,41.391443],[2.205477,41.391443],[2.205511,41.391552],[2.205676,41.391823],[2.206369,41.392801],[2.207029,41.393616],[2.207631,41.394269],[2.207714,41.39435],[2.208199,41.394795],[2.208543,41.395041],[2.208899,41.39525],[2.209435,41.395479],[2.210067,41.395645],[2.210067,41.395645],[2.210091,41.395628],[2.210115,41.39561],[2.210127,41.395592],[2.210163,41.395574],[2.210188,41.395556],[2.210212,41.395538],[2.210236,41.395512],[2.21026,41.395494],[2.210284,41.395476],[2.21032,41.395449],[2.210345,41.395431],[2.210369,41.395422],[2.210393,41.395395],[2.210417,41.395378],[2.210441,41.39536],[2.210465,41.395351],[2.210489,41.395324],[2.210514,41.395306],[2.210538,41.395297],[2.21055,41.395288],[2.210562,41.395271],[2.210586,41.395253],[2.21061,41.395235],[2.210646,41.395217],[2.210671,41.39519],[2.210695,41.395172],[2.210731,41.395155],[2.210743,41.395146],[2.210755,41.395137],[2.210767,41.395146],[2.210779,41.395155],[2.211322,41.394744],[2.211452,41.394835],[2.210909,41.395246],[2.210909,41.395246],[2.210909,41.395246],[2.210909,41.395246],[2.210825,41.395308],[2.210931,41.39539],[2.210086,41.396033],[2.210003,41.395969],[2.209968,41.395942],[2.209666,41.396174],[2.209606,41.396129],[2.209208,41.396423]]]}},{"type":"Feature","properties":{"barri":"Diagonal Mar i el Front Marítim del Poblenou","districte":"Sant Martí"},"geometry":{"type":"Polygon","coordinates":[[[2.213028,41.410933],[2.211893,41.411799],[2.210791,41.410954],[2.209629,41.410099],[2.20855,41.409254],[2.207779,41.408673],[2.207195,41.408524],[2.205489,41.408098],[2.203807,41.407681],[2.20423,41.40736],[2.205124,41.406691],[2.206198,41.405878],[2.206488,41.405646],[2.206718,41.405477],[2.207382,41.404959],[2.208493,41.404111],[2.209229,41.403557],[2.210014,41.402968],[2.209896,41.402868],[2.208924,41.402078],[2.20787,41.401215],[2.206993,41.400506],[2.206875,41.400416],[2.207056,41.400282],[2.20778,41.399737],[2.207792,41.399737],[2.208215,41.399425],[2.20836,41.399318],[2.208529,41.399193],[2.209289,41.398649],[2.209589,41.398552],[2.20977,41.398418],[2.20977,41.398418],[2.20977,41.398418],[2.209782,41.398409],[2.209806,41.398391],[2.209818,41.398382],[2.209831,41.398373],[2.21006,41.398204],[2.210289,41.398043],[2.210325,41.398007],[2.210337,41.398007],[2.210506,41.397882],[2.210518,41.397873],[2.210555,41.397847],[2.210615,41.397802],[2.210687,41.397748],[2.210724,41.397722],[2.210772,41.397695],[2.210772,41.397686],[2.210772,41.397686],[2.210772,41.397686],[2.210784,41.397677],[2.210796,41.397677],[2.210796,41.397668],[2.21082,41.397659],[2.210773,41.397596],[2.210502,41.397225],[2.210443,41.397152],[2.210062,41.397024],[2.209741,41.396895],[2.20936,41.396685],[2.209111,41.396504],[2.209184,41.39645],[2.209184,41.39645],[2.209208,41.396423],[2.209606,41.396129],[2.209666,41.396174],[2.209968,41.395942],[2.210003,41.395969],[2.210086,41.396033],[2.210931,41.39539],[2.210825,41.395308],[2.210909,41.395246],[2.210909,41.395246],[2.210909,41.395246],[2.210909,41.395246],[2.211122,41.39541],[2.211255,41.395311],[2.211314,41.395357],[2.211713,41.395035],[2.211843,41.395135],[2.211312,41.395537],[2.211324,41.395546],[2.211324,41.395555],[2.211324,41.395564],[2.211312,41.395582],[2.211288,41.395591],[2.211276,41.3956],[2.211251,41.395618],[2.211239,41.395626],[2.211215,41.395644],[2.211203,41.395662],[2.211191,41.39568],[2.211167,41.395689],[2.211155,41.395698],[2.211143,41.395716],[2.211118,41.395734],[2.211106,41.395752],[2.211082,41.395761],[2.21107,41.395778],[2.211046,41.395787],[2.211034,41.395805],[2.21101,41.395814],[2.210986,41.395832],[2.210986,41.395832],[2.21095,41.395859],[2.210937,41.395877],[2.210913,41.395885],[2.210901,41.395903],[2.210877,41.395912],[2.210865,41.395921],[2.210841,41.395939],[2.210817,41.395957],[2.210805,41.395966],[2.210792,41.395984],[2.210768,41.396002],[2.210744,41.396019],[2.210732,41.396028],[2.211118,41.396779],[2.211542,41.397313],[2.211565,41.397367],[2.211636,41.397467],[2.212014,41.397821],[2.21212,41.397956],[2.212807,41.398583],[2.213233,41.398901],[2.213637,41.399138],[2.214066,41.399294],[2.2144,41.39935],[2.214412,41.39935],[2.214425,41.399332],[2.214449,41.399324],[2.214461,41.399324],[2.214485,41.399315],[2.214497,41.399297],[2.214509,41.399288],[2.214521,41.399279],[2.214533,41.399261],[2.214545,41.399252],[2.214557,41.399234],[2.214569,41.399225],[2.214581,41.399216],[2.214594,41.399207],[2.21463,41.39919],[2.214642,41.399172],[2.214666,41.399163],[2.214678,41.399145],[2.214702,41.399136],[2.214714,41.399127],[2.214738,41.399109],[2.214762,41.3991],[2.214774,41.399083],[2.214799,41.399065],[2.214811,41.399056],[2.214823,41.399038],[2.214835,41.399029],[2.214847,41.39902],[2.214871,41.399002],[2.214907,41.398975],[2.214931,41.398967],[2.214943,41.398958],[2.214967,41.398958],[2.214979,41.398949],[2.214992,41.39894],[2.214992,41.398931],[2.214992,41.398931],[2.214992,41.398913],[2.215004,41.398904],[2.215004,41.398886],[2.215016,41.398868],[2.215017,41.39885],[2.215029,41.398841],[2.215041,41.398841],[2.215065,41.398832],[2.215077,41.398832],[2.215089,41.398814],[2.215101,41.398806],[2.215113,41.398797],[2.215125,41.398788],[2.215137,41.398779],[2.215137,41.398761],[2.215149,41.398743],[2.215161,41.398734],[2.215185,41.398734],[2.215197,41.398725],[2.215198,41.398716],[2.21521,41.398716],[2.21521,41.398707],[2.215222,41.398707],[2.215233,41.398716],[2.215246,41.398707],[2.21527,41.398699],[2.215282,41.39869],[2.215294,41.398681],[2.215306,41.398672],[2.215318,41.398663],[2.215342,41.398654],[2.215366,41.398645],[2.21539,41.398636],[2.215414,41.398619],[2.215462,41.398592],[2.215486,41.398583],[2.21551,41.398574],[2.215534,41.398574],[2.215546,41.398574],[2.21557,41.398584],[2.215582,41.398593],[2.215594,41.398611],[2.215593,41.39862],[2.215593,41.398638],[2.215581,41.398647],[2.215545,41.398673],[2.215521,41.398691],[2.215473,41.398727],[2.215436,41.398745],[2.215424,41.398754],[2.215412,41.398772],[2.2154,41.39879],[2.215388,41.398807],[2.215364,41.398825],[2.21534,41.398843],[2.215339,41.398852],[2.215363,41.398888],[2.215399,41.398907],[2.215399,41.398907],[2.215422,41.398925],[2.215434,41.398916],[2.215458,41.398916],[2.215494,41.398898],[2.215507,41.398889],[2.215519,41.39888],[2.215531,41.398872],[2.215555,41.398854],[2.215567,41.398845],[2.215579,41.398836],[2.215603,41.398827],[2.215615,41.398818],[2.215639,41.398809],[2.215651,41.3988],[2.215675,41.3988],[2.215699,41.39881],[2.215711,41.398819],[2.215722,41.398837],[2.215722,41.398855],[2.21571,41.398873],[2.21571,41.398891],[2.215698,41.398909],[2.215686,41.398927],[2.215673,41.398945],[2.215661,41.398953],[2.215649,41.398971],[2.215637,41.39898],[2.215625,41.398998],[2.215613,41.399007],[2.215601,41.399025],[2.215577,41.399034],[2.215564,41.399043],[2.21554,41.399052],[2.215516,41.399061],[2.215504,41.39906],[2.21548,41.399069],[2.215468,41.399078],[2.215396,41.399114],[2.215384,41.399123],[2.215372,41.399132],[2.21536,41.399141],[2.215336,41.399158],[2.215312,41.399176],[2.215311,41.399194],[2.215299,41.399203],[2.215287,41.399221],[2.215263,41.39923],[2.215251,41.399239],[2.215239,41.399257],[2.215215,41.399266],[2.215203,41.399266],[2.215179,41.399274],[2.215167,41.399283],[2.215143,41.399292],[2.215131,41.39931],[2.215119,41.399319],[2.215106,41.399328],[2.215094,41.399337],[2.215094,41.399346],[2.215082,41.399355],[2.215082,41.399364],[2.21507,41.399364],[2.21507,41.399373],[2.215058,41.399373],[2.215058,41.399382],[2.215046,41.399391],[2.215034,41.3994],[2.215022,41.399408],[2.21501,41.399426],[2.214998,41.399435],[2.214985,41.399444],[2.214973,41.399444],[2.214961,41.399453],[2.214949,41.399462],[2.214937,41.399462],[2.214925,41.39948],[2.214925,41.39948],[2.214925,41.399489],[2.214925,41.399489],[2.214913,41.399489],[2.214901,41.399498],[2.214901,41.399498],[2.214877,41.399507],[2.214865,41.399525],[2.214865,41.399525],[2.214853,41.399533],[2.214841,41.399533],[2.214829,41.399551],[2.214805,41.39956],[2.214792,41.399578],[2.21478,41.399578],[2.214756,41.399596],[2.214756,41.399605],[2.214744,41.399614],[2.214744,41.399632],[2.214732,41.399632],[2.214732,41.399641],[2.21472,41.39965],[2.214708,41.399659],[2.21466,41.399676],[2.21466,41.399676],[2.214648,41.399685],[2.214636,41.399694],[2.214635,41.399703],[2.214623,41.399712],[2.214623,41.399721],[2.214611,41.399721],[2.214611,41.39973],[2.214599,41.39973],[2.214563,41.399748],[2.214563,41.399748],[2.214925,41.40048],[2.215289,41.40105],[2.215714,41.401557],[2.216152,41.401947],[2.216614,41.402284],[2.217173,41.40254],[2.21734,41.402595],[2.21734,41.402595],[2.217364,41.402577],[2.217364,41.402577],[2.217388,41.402568],[2.217401,41.40255],[2.217425,41.402532],[2.217449,41.402515],[2.217473,41.402506],[2.217485,41.402506],[2.217485,41.402497],[2.217485,41.402488],[2.217485,41.402488],[2.217497,41.402488],[2.217509,41.402488],[2.217509,41.402479],[2.217509,41.402479],[2.217521,41.40247],[2.217533,41.40247],[2.217545,41.402461],[2.217545,41.402461],[2.217557,41.402452],[2.217581,41.402425],[2.217606,41.402417],[2.217642,41.40239],[2.217654,41.402381],[2.217666,41.402372],[2.217678,41.402363],[2.217678,41.402363],[2.217702,41.402354],[2.217714,41.402345],[2.217726,41.402336],[2.217726,41.402336],[2.21775,41.402318],[2.217762,41.40231],[2.217786,41.402301],[2.217798,41.402292],[2.217811,41.402283],[2.217823,41.402274],[2.217823,41.402265],[2.217835,41.402265],[2.217847,41.402265],[2.217847,41.402256],[2.217859,41.402247],[2.217871,41.402238],[2.217871,41.402238],[2.217883,41.402238],[2.217895,41.40222],[2.217919,41.402212],[2.217943,41.402194],[2.217967,41.402176],[2.217991,41.402158],[2.218016,41.40214],[2.21804,41.402131],[2.218052,41.402131],[2.218076,41.402114],[2.218088,41.402105],[2.218112,41.402087],[2.218124,41.402069],[2.218136,41.402069],[2.218148,41.402069],[2.21816,41.40206],[2.218184,41.402051],[2.218208,41.402033],[2.21822,41.402033],[2.21822,41.402024],[2.218233,41.402006],[2.218233,41.401997],[2.218245,41.401989],[2.218257,41.401989],[2.218269,41.40198],[2.218269,41.401962],[2.218281,41.401962],[2.218293,41.401953],[2.218305,41.401935],[2.218317,41.401926],[2.218341,41.401917],[2.218353,41.401908],[2.218377,41.40189],[2.21839,41.401872],[2.218402,41.401855],[2.218402,41.401846],[2.218414,41.401837],[2.218438,41.401828],[2.218438,41.401828],[2.21845,41.401828],[2.218462,41.40181],[2.218474,41.401801],[2.218486,41.401801],[2.218498,41.401801],[2.218498,41.401801],[2.218498,41.401783],[2.21851,41.401774],[2.218523,41.401756],[2.218535,41.401747],[2.218559,41.401738],[2.218559,41.401738],[2.218583,41.40173],[2.218595,41.40173],[2.218607,41.401721],[2.218607,41.401721],[2.218619,41.401703],[2.218619,41.401685],[2.218631,41.401667],[2.218655,41.401658],[2.218668,41.40164],[2.21868,41.401631],[2.218692,41.401622],[2.218704,41.401604],[2.218728,41.401587],[2.218752,41.401569],[2.218764,41.401551],[2.218776,41.401542],[2.218789,41.401533],[2.2188,41.401542],[2.218812,41.401542],[2.218824,41.401551],[2.218836,41.401551],[2.218836,41.401542],[2.218848,41.401533],[2.21886,41.401533],[2.218884,41.401525],[2.218896,41.401525],[2.218908,41.401516],[2.218944,41.401507],[2.218944,41.401507],[2.218944,41.401516],[2.218944,41.401525],[2.218932,41.401534],[2.218896,41.401561],[2.218848,41.401596],[2.218799,41.401641],[2.218739,41.401686],[2.218703,41.401721],[2.218666,41.401766],[2.218618,41.401802],[2.218582,41.401829],[2.218533,41.401864],[2.218497,41.4019],[2.218449,41.401945],[2.218412,41.401972],[2.2184,41.401999],[2.218388,41.402017],[2.218364,41.402016],[2.218364,41.402016],[2.218364,41.402025],[2.21834,41.402043],[2.21834,41.402061],[2.218327,41.402079],[2.218327,41.402088],[2.218339,41.402088],[2.218351,41.402088],[2.218351,41.402097],[2.218339,41.402097],[2.218315,41.402097],[2.218303,41.402124],[2.218291,41.402142],[2.218255,41.402169],[2.21823,41.402178],[2.218218,41.402196],[2.218194,41.402213],[2.21817,41.402222],[2.218098,41.402276],[2.218074,41.402285],[2.218037,41.402311],[2.218001,41.402347],[2.217941,41.402392],[2.217917,41.40241],[2.21788,41.402436],[2.217844,41.402454],[2.21782,41.402472],[2.217796,41.402481],[2.21776,41.402499],[2.217736,41.402508],[2.217712,41.402525],[2.217712,41.402525],[2.2177,41.402534],[2.2177,41.402552],[2.217688,41.402561],[2.217663,41.40257],[2.217639,41.402579],[2.217603,41.402597],[2.217591,41.402606],[2.217579,41.402615],[2.217567,41.402614],[2.217567,41.402623],[2.217555,41.402641],[2.217543,41.402659],[2.217519,41.402677],[2.217495,41.402686],[2.21747,41.402704],[2.217458,41.402722],[2.217434,41.402731],[2.217398,41.402748],[2.217386,41.402757],[2.217374,41.402775],[2.21735,41.402793],[2.217326,41.402802],[2.217314,41.402811],[2.21729,41.40282],[2.217277,41.402838],[2.217265,41.402856],[2.217241,41.402855],[2.217217,41.402873],[2.217181,41.4029],[2.217157,41.402909],[2.217157,41.402927],[2.217157,41.402936],[2.217568,41.403533],[2.218005,41.403996],[2.218491,41.404386],[2.218871,41.404605],[2.219216,41.404778],[2.219871,41.405017],[2.220003,41.405045],[2.220193,41.405136],[2.220312,41.405155],[2.220276,41.405173],[2.220083,41.405343],[2.220095,41.405352],[2.220154,41.405415],[2.220165,41.405433],[2.220189,41.405452],[2.220189,41.405452],[2.220236,41.405506],[2.220248,41.405515],[2.220272,41.405533],[2.220272,41.405542],[2.219994,41.405757],[2.219946,41.405801],[2.219885,41.405837],[2.219765,41.405926],[2.219644,41.406024],[2.219632,41.406024],[2.219584,41.406069],[2.219559,41.406087],[2.219619,41.406132],[2.219631,41.406132],[2.219522,41.406213],[2.219498,41.406231],[2.219413,41.406293],[2.219222,41.406283],[2.218715,41.406667],[2.218798,41.40673],[2.218988,41.406876],[2.219379,41.407176],[2.219497,41.407275],[2.219687,41.407448],[2.219817,41.407566],[2.219947,41.407702],[2.220195,41.407965],[2.22049,41.408318],[2.220773,41.408689],[2.220949,41.408988],[2.221078,41.409196],[2.221078,41.409196],[2.221078,41.409196],[2.221078,41.409196],[2.221078,41.409196],[2.221078,41.409196],[2.221078,41.409196],[2.221078,41.409205],[2.221078,41.409205],[2.221066,41.409205],[2.221065,41.409214],[2.221054,41.409214],[2.221054,41.409214],[2.221041,41.409223],[2.221041,41.409223],[2.221041,41.409223],[2.221041,41.409223],[2.221041,41.409223],[2.221029,41.409231],[2.221029,41.409231],[2.221017,41.40924],[2.221017,41.40924],[2.220993,41.409258],[2.220993,41.409258],[2.220981,41.409267],[2.220945,41.409294],[2.220945,41.409294],[2.220945,41.409294],[2.220945,41.409294],[2.220945,41.409294],[2.220945,41.409294],[2.220945,41.409294],[2.220945,41.409294],[2.220945,41.409303],[2.220945,41.409303],[2.220933,41.409312],[2.220933,41.409312],[2.220933,41.409312],[2.220933,41.409312],[2.220921,41.409312],[2.220921,41.409312],[2.220921,41.409312],[2.220921,41.409312],[2.220921,41.409312],[2.220921,41.409321],[2.220921,41.409321],[2.220921,41.409321],[2.220884,41.409375],[2.22086,41.409401],[2.220848,41.40941],[2.220848,41.409419],[2.220848,41.409419],[2.220836,41.409428],[2.220835,41.409437],[2.220737,41.409644],[2.220664,41.409796],[2.220652,41.409814],[2.220652,41.409814],[2.220639,41.40985],[2.220663,41.409878],[2.220722,41.409941],[2.219181,41.410741],[2.218976,41.410857],[2.218976,41.410866],[2.219212,41.411111],[2.219055,41.411209],[2.218946,41.411325],[2.218922,41.411406],[2.214424,41.410303],[2.213994,41.41021],[2.213028,41.410933]]]}},{"type":"Feature","properties":{"barri":"el Besòs i el Maresme","districte":"Sant Martí"},"geometry":{"type":"Polygon","coordinates":[[[2.211283,41.421667],[2.21056,41.421131],[2.209753,41.420531],[2.20967,41.420467],[2.208757,41.419777],[2.208413,41.419531],[2.209826,41.418469],[2.209826,41.418469],[2.209661,41.41827],[2.209496,41.41807],[2.20926,41.417771],[2.209083,41.417563],[2.208978,41.417409],[2.208978,41.417409],[2.208824,41.417219],[2.208471,41.416775],[2.208376,41.416666],[2.208117,41.41634],[2.208093,41.416313],[2.207799,41.415942],[2.20728,41.415308],[2.207268,41.415299],[2.208524,41.414334],[2.209092,41.413915],[2.209647,41.413495],[2.21077,41.412638],[2.211893,41.411799],[2.213028,41.410933],[2.213994,41.41021],[2.214424,41.410303],[2.218922,41.411406],[2.218946,41.411325],[2.219055,41.411209],[2.219212,41.411111],[2.218976,41.410866],[2.218976,41.410857],[2.219181,41.410741],[2.220722,41.409941],[2.220663,41.409878],[2.220639,41.40985],[2.220652,41.409814],[2.220652,41.409814],[2.220664,41.409796],[2.220737,41.409644],[2.220835,41.409437],[2.220836,41.409428],[2.220848,41.409419],[2.220848,41.409419],[2.220848,41.40941],[2.22086,41.409401],[2.220884,41.409375],[2.220921,41.409321],[2.220921,41.409321],[2.220921,41.409321],[2.220921,41.409312],[2.220921,41.409312],[2.220921,41.409312],[2.220921,41.409312],[2.220921,41.409312],[2.220933,41.409312],[2.220933,41.409312],[2.220933,41.409312],[2.220933,41.409312],[2.220945,41.409303],[2.220945,41.409303],[2.220945,41.409294],[2.220945,41.409294],[2.220945,41.409294],[2.220945,41.409294],[2.220945,41.409294],[2.220945,41.409294],[2.220945,41.409294],[2.220945,41.409294],[2.220981,41.409267],[2.220993,41.409258],[2.220993,41.409258],[2.221017,41.40924],[2.221017,41.40924],[2.221029,41.409231],[2.221029,41.409231],[2.221041,41.409223],[2.221041,41.409223],[2.221041,41.409223],[2.221041,41.409223],[2.221041,41.409223],[2.221054,41.409214],[2.221054,41.409214],[2.221065,41.409214],[2.221066,41.409205],[2.221078,41.409205],[2.221078,41.409205],[2.221078,41.409196],[2.221078,41.409196],[2.221078,41.409196],[2.221078,41.409196],[2.221078,41.409196],[2.221078,41.409196],[2.221078,41.409196],[2.220949,41.408988],[2.220773,41.408689],[2.22049,41.408318],[2.220195,41.407965],[2.219947,41.407702],[2.219817,41.407566],[2.219687,41.407448],[2.219497,41.407275],[2.219379,41.407176],[2.218988,41.406876],[2.218798,41.40673],[2.218715,41.406667],[2.219222,41.406283],[2.219413,41.406293],[2.219498,41.406231],[2.219522,41.406213],[2.219631,41.406132],[2.219619,41.406132],[2.219559,41.406087],[2.219584,41.406069],[2.219632,41.406024],[2.219644,41.406024],[2.219765,41.405926],[2.219885,41.405837],[2.219946,41.405801],[2.219994,41.405757],[2.220272,41.405542],[2.220272,41.405533],[2.220248,41.405515],[2.220236,41.405506],[2.220189,41.405452],[2.220189,41.405452],[2.220165,41.405433],[2.220154,41.405415],[2.220095,41.405352],[2.220083,41.405343],[2.220276,41.405173],[2.220312,41.405155],[2.220699,41.404861],[2.220699,41.404861],[2.221013,41.40462],[2.221025,41.40462],[2.221785,41.404048],[2.221821,41.404012],[2.222146,41.40388],[2.222158,41.40388],[2.222099,41.403807],[2.222052,41.403735],[2.221958,41.403599],[2.221947,41.403545],[2.221995,41.403491],[2.222019,41.403491],[2.222031,41.403491],[2.222079,41.403501],[2.22215,41.403528],[2.222198,41.403547],[2.222222,41.403565],[2.222222,41.403574],[2.222458,41.403801],[2.222623,41.404045],[2.222658,41.404126],[2.222751,41.40428],[2.222763,41.404316],[2.222939,41.404624],[2.223033,41.404759],[2.223045,41.404768],[2.223045,41.404768],[2.223127,41.404877],[2.223281,41.405013],[2.22334,41.405077],[2.223387,41.405149],[2.223398,41.405221],[2.223386,41.405266],[2.223386,41.405284],[2.223373,41.405293],[2.223349,41.405311],[2.223314,41.405302],[2.223266,41.405292],[2.223242,41.405283],[2.22323,41.405274],[2.223207,41.405247],[2.2231,41.405165],[2.222863,41.404983],[2.222851,41.404965],[2.222769,41.404839],[2.222569,41.404531],[2.22237,41.404196],[2.222311,41.404133],[2.222275,41.404106],[2.222239,41.404087],[2.222215,41.404087],[2.222204,41.404078],[2.22218,41.404078],[2.222132,41.404078],[2.222072,41.404104],[2.221975,41.404149],[2.221903,41.40422],[2.221722,41.404363],[2.221685,41.404408],[2.221709,41.404444],[2.221708,41.404462],[2.221708,41.404471],[2.221744,41.40448],[2.221526,41.404695],[2.221491,41.404677],[2.221455,41.404659],[2.221019,41.405097],[2.220983,41.405124],[2.220971,41.405142],[2.22135,41.405414],[2.22135,41.405414],[2.221374,41.405397],[2.221422,41.405442],[2.221445,41.405451],[2.221433,41.40546],[2.221433,41.40546],[2.221469,41.405487],[2.221516,41.405533],[2.221818,41.405319],[2.221806,41.4053],[2.221819,41.405264],[2.221807,41.405246],[2.221771,41.405219],[2.221759,41.405201],[2.221748,41.405165],[2.221748,41.405147],[2.221761,41.405111],[2.221785,41.405093],[2.221797,41.405084],[2.221845,41.405067],[2.221881,41.405067],[2.221928,41.405076],[2.222083,41.405185],[2.222166,41.405258],[2.222272,41.40534],[2.22232,41.405322],[2.222404,41.405313],[2.222416,41.405314],[2.222452,41.405341],[2.222499,41.40535],[2.222571,41.40536],[2.222678,41.405396],[2.222784,41.405541],[2.222867,41.405641],[2.222902,41.40574],[2.22308,41.40584],[2.223173,41.406012],[2.223435,41.406176],[2.223554,41.406168],[2.22365,41.406187],[2.223757,41.40625],[2.223841,41.406233],[2.223853,41.406242],[2.223865,41.406242],[2.2239,41.406305],[2.223935,41.406324],[2.224068,41.406234],[2.2242,41.406181],[2.224332,41.406164],[2.224439,41.406201],[2.224487,41.406228],[2.224522,41.406265],[2.224546,41.406283],[2.22464,41.406409],[2.224687,41.406473],[2.224784,41.406428],[2.224915,41.406429],[2.224964,41.406385],[2.22506,41.40634],[2.225108,41.406323],[2.22512,41.406314],[2.225132,41.406278],[2.225145,41.40626],[2.225217,41.406206],[2.225253,41.406179],[2.225326,41.406099],[2.225374,41.406063],[2.225411,41.406018],[2.225495,41.405956],[2.225603,41.405948],[2.225627,41.405939],[2.225639,41.405939],[2.225722,41.405966],[2.225746,41.405985],[2.22577,41.406012],[2.225782,41.406021],[2.225805,41.406057],[2.225805,41.406093],[2.225804,41.40612],[2.225804,41.406138],[2.225804,41.406156],[2.225755,41.406246],[2.225755,41.406255],[2.225755,41.406255],[2.225694,41.406327],[2.225634,41.406371],[2.225417,41.406496],[2.225393,41.406505],[2.225357,41.406522],[2.225321,41.406531],[2.225285,41.40654],[2.22479,41.406933],[2.224778,41.406933],[2.224872,41.407087],[2.225001,41.407304],[2.225012,41.407313],[2.225024,41.407331],[2.225024,41.40734],[2.225362,41.40709],[2.225386,41.407072],[2.225459,41.407028],[2.225471,41.407019],[2.225471,41.407019],[2.225471,41.40701],[2.225435,41.406991],[2.225435,41.406973],[2.225435,41.406964],[2.225423,41.406964],[2.225472,41.40692],[2.225592,41.40683],[2.225593,41.406821],[2.225605,41.406821],[2.225653,41.406732],[2.225834,41.406634],[2.225846,41.406625],[2.225858,41.406616],[2.225882,41.406607],[2.225954,41.406607],[2.226062,41.406608],[2.226097,41.406626],[2.226121,41.406654],[2.22618,41.40669],[2.226204,41.406708],[2.226203,41.406771],[2.226203,41.406816],[2.226203,41.406825],[2.226203,41.406834],[2.226166,41.406888],[2.22613,41.406897],[2.226106,41.406897],[2.22607,41.406924],[2.226058,41.406923],[2.226034,41.406941],[2.226034,41.406941],[2.226034,41.406941],[2.226057,41.406968],[2.226069,41.406978],[2.226104,41.40705],[2.226116,41.407086],[2.226116,41.407086],[2.226164,41.407095],[2.226163,41.407113],[2.226163,41.407176],[2.226163,41.407176],[2.226163,41.407185],[2.226162,41.407212],[2.226138,41.407221],[2.226138,41.407212],[2.226067,41.407176],[2.226055,41.407185],[2.22609,41.40723],[2.226114,41.407257],[2.226197,41.407321],[2.22622,41.407357],[2.226232,41.407357],[2.226268,41.407339],[2.226268,41.40733],[2.226268,41.40733],[2.226269,41.407312],[2.226269,41.407294],[2.226281,41.407276],[2.226317,41.40724],[2.226318,41.407231],[2.226342,41.407223],[2.226354,41.407214],[2.226354,41.407205],[2.226342,41.407178],[2.226342,41.407169],[2.226342,41.40716],[2.226366,41.407142],[2.226379,41.407124],[2.226391,41.407115],[2.226403,41.407106],[2.226415,41.407088],[2.226439,41.407088],[2.226463,41.407088],[2.226463,41.407088],[2.226463,41.407088],[2.226475,41.407097],[2.226486,41.407106],[2.226486,41.407124],[2.22651,41.407134],[2.226522,41.407152],[2.226522,41.40717],[2.22651,41.40717],[2.226498,41.407179],[2.226486,41.407188],[2.226486,41.407188],[2.226485,41.407206],[2.226497,41.407215],[2.226521,41.407242],[2.226509,41.40726],[2.226484,41.407287],[2.226508,41.407323],[2.226508,41.407332],[2.226542,41.407458],[2.226542,41.407467],[2.226542,41.407512],[2.226516,41.407629],[2.226516,41.407647],[2.226516,41.407656],[2.226492,41.407656],[2.22648,41.407656],[2.22648,41.407656],[2.226468,41.407665],[2.22648,41.407665],[2.226492,41.407692],[2.226503,41.407701],[2.226527,41.40771],[2.226563,41.407756],[2.226598,41.407765],[2.226622,41.407774],[2.226622,41.407792],[2.226633,41.407828],[2.226669,41.407864],[2.226705,41.407883],[2.226741,41.407874],[2.226741,41.407847],[2.226765,41.407793],[2.226814,41.407703],[2.226815,41.407694],[2.226803,41.407694],[2.226803,41.407685],[2.226791,41.407676],[2.226791,41.407676],[2.226791,41.407658],[2.226803,41.40764],[2.226803,41.407631],[2.226815,41.407613],[2.226839,41.407613],[2.226863,41.407604],[2.226899,41.407614],[2.226899,41.407614],[2.226923,41.407632],[2.226935,41.407641],[2.226946,41.407668],[2.226946,41.407704],[2.226958,41.407722],[2.226969,41.407749],[2.226993,41.407794],[2.227016,41.407849],[2.227016,41.407885],[2.227015,41.407912],[2.227015,41.407957],[2.227015,41.407966],[2.227003,41.407975],[2.226978,41.407993],[2.226966,41.408001],[2.226966,41.408001],[2.226954,41.408001],[2.22693,41.40801],[2.22693,41.408028],[2.22693,41.408046],[2.22693,41.408055],[2.22693,41.408064],[2.226918,41.408073],[2.226906,41.408082],[2.226906,41.408082],[2.226906,41.408091],[2.226917,41.408118],[2.226976,41.408164],[2.227,41.408191],[2.227024,41.408191],[2.227024,41.408191],[2.227036,41.408164],[2.227049,41.408137],[2.227061,41.408128],[2.227073,41.408119],[2.227109,41.408101],[2.227121,41.408102],[2.227169,41.408084],[2.227181,41.408075],[2.227205,41.408075],[2.227265,41.408076],[2.22736,41.408076],[2.22742,41.408095],[2.22742,41.408095],[2.22742,41.408095],[2.227432,41.408104],[2.227432,41.408104],[2.227432,41.408104],[2.227456,41.408122],[2.227479,41.408149],[2.227491,41.408176],[2.227525,41.408275],[2.227525,41.408284],[2.227549,41.40833],[2.227584,41.408357],[2.227632,41.408411],[2.227702,41.408556],[2.227749,41.408628],[2.227808,41.408692],[2.227843,41.408746],[2.227866,41.408791],[2.22789,41.408836],[2.227913,41.408873],[2.227925,41.4089],[2.227949,41.408918],[2.22796,41.408936],[2.227996,41.408972],[2.227996,41.408981],[2.228008,41.40899],[2.228008,41.40899],[2.228007,41.408999],[2.228019,41.409044],[2.22803,41.409126],[2.228041,41.409189],[2.228041,41.409225],[2.22804,41.409243],[2.228028,41.409297],[2.228028,41.409324],[2.228015,41.409378],[2.22799,41.409422],[2.227954,41.409512],[2.227941,41.409539],[2.227893,41.409611],[2.22788,41.40962],[2.227845,41.40962],[2.227785,41.409628],[2.227785,41.409628],[2.227749,41.409619],[2.227725,41.409619],[2.227713,41.40961],[2.227701,41.40961],[2.227689,41.409583],[2.227689,41.409583],[2.2275,41.40941],[2.227374,41.408986],[2.227242,41.408949],[2.226986,41.408407],[2.22701,41.408353],[2.227047,41.408272],[2.227047,41.408272],[2.227035,41.408272],[2.227023,41.408272],[2.227011,41.408272],[2.226999,41.408281],[2.226987,41.408272],[2.226963,41.408272],[2.226939,41.408271],[2.226927,41.408262],[2.226915,41.408262],[2.226904,41.408262],[2.226892,41.408253],[2.22688,41.408226],[2.22688,41.408199],[2.226868,41.40819],[2.226857,41.40819],[2.226845,41.408172],[2.226833,41.408154],[2.226821,41.408145],[2.226821,41.408127],[2.22681,41.408117],[2.226798,41.408108],[2.226798,41.40809],[2.22681,41.408072],[2.22681,41.408072],[2.226822,41.408064],[2.226822,41.408055],[2.226822,41.408037],[2.22681,41.408036],[2.226799,41.408036],[2.226775,41.408027],[2.226775,41.408018],[2.226775,41.408009],[2.226775,41.408],[2.226775,41.407982],[2.226763,41.407982],[2.226763,41.407982],[2.226751,41.407973],[2.22674,41.407964],[2.226716,41.407955],[2.226704,41.407946],[2.226692,41.407946],[2.22668,41.407945],[2.226668,41.407936],[2.226656,41.407927],[2.226632,41.407918],[2.226621,41.407909],[2.226585,41.4079],[2.226573,41.407882],[2.226549,41.407873],[2.226537,41.407863],[2.226526,41.407845],[2.226514,41.407836],[2.226502,41.407818],[2.226478,41.407809],[2.226466,41.407791],[2.226443,41.407764],[2.226443,41.407755],[2.226443,41.407737],[2.226443,41.407719],[2.226443,41.40771],[2.226432,41.407701],[2.226432,41.407692],[2.226432,41.407665],[2.22642,41.407637],[2.226409,41.407619],[2.226397,41.40761],[2.226385,41.407601],[2.226385,41.407592],[2.226373,41.407574],[2.226373,41.407565],[2.22635,41.407556],[2.226338,41.407547],[2.226326,41.407529],[2.226326,41.40752],[2.226314,41.407511],[2.226302,41.407502],[2.22629,41.407492],[2.226279,41.407483],[2.226267,41.407474],[2.226267,41.407438],[2.226279,41.407429],[2.226231,41.407429],[2.226196,41.407429],[2.226172,41.407411],[2.226148,41.407392],[2.226124,41.407401],[2.2261,41.407383],[2.226101,41.407365],[2.226065,41.407356],[2.226089,41.407311],[2.226066,41.407284],[2.226054,41.407284],[2.226042,41.407275],[2.226054,41.407266],[2.226006,41.407229],[2.225972,41.407148],[2.2259,41.407139],[2.225888,41.407102],[2.225841,41.407093],[2.225841,41.407084],[2.225817,41.407084],[2.225781,41.407102],[2.225769,41.407102],[2.225745,41.407092],[2.225733,41.40711],[2.225732,41.407128],[2.225708,41.407146],[2.225672,41.407146],[2.225636,41.407173],[2.225588,41.407209],[2.22554,41.407244],[2.225503,41.407271],[2.225431,41.407316],[2.225431,41.407316],[2.225431,41.407325],[2.225431,41.407325],[2.225595,41.407587],[2.225725,41.407777],[2.225831,41.40794],[2.225809,41.407777],[2.225821,41.407769],[2.225833,41.407769],[2.225833,41.40776],[2.225929,41.407742],[2.225941,41.407742],[2.225952,41.407751],[2.226082,41.407887],[2.226082,41.407896],[2.226082,41.407905],[2.226082,41.407905],[2.226058,41.407923],[2.225949,41.408004],[2.225901,41.408048],[2.226089,41.408338],[2.226171,41.408473],[2.226183,41.408474],[2.226231,41.408492],[2.226254,41.40851],[2.226266,41.408537],[2.226254,41.408546],[2.22623,41.408519],[2.226183,41.408501],[2.226135,41.408509],[2.226111,41.408536],[2.226146,41.408563],[2.226206,41.408546],[2.226218,41.408564],[2.226158,41.408581],[2.226146,41.408572],[2.226146,41.408581],[2.226357,41.408907],[2.226381,41.408907],[2.226408,41.408655],[2.226408,41.408655],[2.226408,41.408646],[2.226408,41.408646],[2.226384,41.408655],[2.226372,41.408664],[2.22636,41.408664],[2.22636,41.408655],[2.226348,41.408655],[2.226337,41.408646],[2.226255,41.408465],[2.226255,41.408456],[2.226255,41.408447],[2.226255,41.408447],[2.226255,41.408438],[2.226255,41.408429],[2.226267,41.408429],[2.226267,41.408429],[2.226364,41.408394],[2.226364,41.408394],[2.226376,41.408394],[2.226387,41.408394],[2.226399,41.408403],[2.226399,41.408412],[2.226435,41.408457],[2.226529,41.408575],[2.226541,41.408584],[2.226541,41.408593],[2.226529,41.408593],[2.226529,41.408602],[2.226517,41.408611],[2.226505,41.408611],[2.226456,41.408638],[2.226417,41.408899],[2.226641,41.409233],[2.226759,41.409315],[2.226771,41.409333],[2.226771,41.409333],[2.226783,41.409342],[2.226795,41.40936],[2.226795,41.409378],[2.226806,41.409397],[2.226806,41.409415],[2.226806,41.409433],[2.226806,41.409451],[2.226781,41.409549],[2.226743,41.409657],[2.227213,41.410381],[2.223246,41.411985],[2.223113,41.412056],[2.222885,41.412162],[2.222799,41.412315],[2.220971,41.413077],[2.221373,41.413512],[2.220879,41.41377],[2.22065,41.413949],[2.220444,41.414164],[2.21941,41.415598],[2.218193,41.417292],[2.21779,41.416992],[2.216099,41.418269],[2.216324,41.418441],[2.215552,41.419012],[2.215129,41.419343],[2.215032,41.419414],[2.214018,41.420173],[2.213793,41.42],[2.213744,41.420036],[2.212585,41.420902],[2.212478,41.420811],[2.211971,41.421195],[2.211936,41.421177],[2.211283,41.421667]]]}},{"type":"Feature","properties":{"barri":"Provençals del Poblenou","districte":"Sant Martí"},"geometry":{"type":"Polygon","coordinates":[[[2.195518,41.405597],[2.195518,41.405597],[2.196329,41.405801],[2.196329,41.405801],[2.197534,41.406107],[2.19881,41.406431],[2.202078,41.407246],[2.203807,41.407681],[2.205489,41.408098],[2.207195,41.408524],[2.207779,41.408673],[2.20855,41.409254],[2.209629,41.410099],[2.210791,41.410954],[2.211893,41.411799],[2.21077,41.412638],[2.209647,41.413495],[2.209092,41.413915],[2.208524,41.414334],[2.207268,41.415299],[2.20728,41.415308],[2.207799,41.415942],[2.208093,41.416313],[2.208117,41.41634],[2.208376,41.416666],[2.208471,41.416775],[2.208824,41.417219],[2.208978,41.417409],[2.208978,41.417409],[2.209083,41.417563],[2.20926,41.417771],[2.209496,41.41807],[2.209661,41.41827],[2.209826,41.418469],[2.209826,41.418469],[2.208413,41.419531],[2.208105,41.419295],[2.207299,41.418695],[2.207299,41.418695],[2.20616,41.41784],[2.205034,41.416995],[2.204903,41.416895],[2.204643,41.416704],[2.204216,41.416376],[2.203931,41.416167],[2.203753,41.41604],[2.203374,41.415749],[2.202781,41.415304],[2.202757,41.415285],[2.202413,41.415031],[2.202022,41.41474],[2.201761,41.41454],[2.201631,41.414449],[2.2015,41.414349],[2.201358,41.414249],[2.200908,41.413903],[2.200587,41.413667],[2.200433,41.413549],[2.200101,41.413303],[2.199627,41.412949],[2.199378,41.412758],[2.199366,41.412749],[2.199188,41.412621],[2.198785,41.412312],[2.198347,41.411985],[2.198216,41.411894],[2.198098,41.411794],[2.197896,41.411649],[2.197505,41.411358],[2.197149,41.411094],[2.197078,41.411039],[2.194802,41.40933],[2.193261,41.408184],[2.192549,41.407657],[2.192549,41.407657],[2.191423,41.406802],[2.191604,41.406669],[2.192679,41.405856],[2.193633,41.405124],[2.195518,41.405597]]]}},{"type":"Feature","properties":{"barri":"Sant Martí de Provençals","districte":"Sant Martí"},"geometry":{"type":"Polygon","coordinates":[[[2.197149,41.411094],[2.197505,41.411358],[2.197896,41.411649],[2.198098,41.411794],[2.198216,41.411894],[2.198347,41.411985],[2.198785,41.412312],[2.199188,41.412621],[2.199366,41.412749],[2.199378,41.412758],[2.199627,41.412949],[2.200101,41.413303],[2.200433,41.413549],[2.200587,41.413667],[2.200908,41.413903],[2.201358,41.414249],[2.2015,41.414349],[2.201631,41.414449],[2.201761,41.41454],[2.202022,41.41474],[2.202413,41.415031],[2.202757,41.415285],[2.202781,41.415304],[2.203374,41.415749],[2.203753,41.41604],[2.203931,41.416167],[2.204216,41.416376],[2.204643,41.416704],[2.204903,41.416895],[2.205034,41.416995],[2.204986,41.417021],[2.204913,41.417093],[2.203778,41.417941],[2.203778,41.417941],[2.202642,41.418807],[2.201495,41.419654],[2.200372,41.420529],[2.200263,41.420619],[2.199249,41.421359],[2.199127,41.421475],[2.198898,41.421654],[2.198801,41.421752],[2.197758,41.421934],[2.19633,41.422194],[2.195922,41.422273],[2.195491,41.422342],[2.195239,41.422385],[2.195215,41.422394],[2.194996,41.421726],[2.194038,41.418819],[2.193911,41.418484],[2.193482,41.417338],[2.193471,41.417283],[2.193425,41.417157],[2.193298,41.416805],[2.193252,41.416642],[2.19323,41.416471],[2.193232,41.416318],[2.193295,41.416057],[2.193332,41.415931],[2.193542,41.415401],[2.193353,41.415256],[2.192416,41.414547],[2.193551,41.41369],[2.193745,41.413556],[2.19389,41.413431],[2.194047,41.413315],[2.194228,41.413181],[2.194421,41.413039],[2.194566,41.412922],[2.194663,41.412851],[2.194675,41.412842],[2.194783,41.412771],[2.194989,41.41261],[2.195134,41.412503],[2.195254,41.412414],[2.195834,41.411977],[2.196172,41.411727],[2.196438,41.411521],[2.196595,41.411405],[2.196631,41.411379],[2.196679,41.411343],[2.196837,41.411218],[2.196957,41.411129],[2.197042,41.411075],[2.197078,41.411039],[2.197149,41.411094]]]}},{"type":"Feature","properties":{"barri":"la Verneda i la Pau","districte":"Sant Martí"},"geometry":{"type":"Polygon","coordinates":[[[2.207364,41.427108],[2.206834,41.427357],[2.207023,41.427583],[2.20659,41.427787],[2.205181,41.428453],[2.202979,41.429483],[2.20269,41.429589],[2.202474,41.429668],[2.202353,41.429713],[2.202173,41.429774],[2.202149,41.429792],[2.201945,41.429863],[2.201524,41.429995],[2.201104,41.430091],[2.200684,41.43016],[2.200229,41.430175],[2.199906,41.430164],[2.1995,41.430125],[2.199297,41.430097],[2.199177,41.430087],[2.198939,41.430031],[2.1987,41.429948],[2.198688,41.429948],[2.198676,41.429939],[2.198403,41.42982],[2.198106,41.429629],[2.197572,41.429211],[2.197324,41.428939],[2.197289,41.428885],[2.197219,41.428749],[2.197126,41.428478],[2.196953,41.427964],[2.196673,41.427394],[2.196627,41.427277],[2.196604,41.427205],[2.196546,41.427051],[2.196488,41.426861],[2.196465,41.426798],[2.196454,41.426744],[2.196431,41.426681],[2.196431,41.426672],[2.196431,41.426663],[2.196431,41.426663],[2.196431,41.426663],[2.196431,41.426663],[2.196503,41.426609],[2.196551,41.426592],[2.196551,41.426583],[2.19654,41.426574],[2.19654,41.426565],[2.19654,41.426565],[2.19654,41.426565],[2.19654,41.426565],[2.19654,41.426565],[2.19654,41.426565],[2.19654,41.426556],[2.19654,41.426556],[2.19654,41.426556],[2.19654,41.426556],[2.19654,41.426547],[2.19654,41.426547],[2.196528,41.42651],[2.196447,41.42633],[2.196447,41.426321],[2.196435,41.426303],[2.196413,41.426203],[2.196332,41.425924],[2.196332,41.425924],[2.196332,41.425915],[2.196229,41.425554],[2.196229,41.425554],[2.196217,41.425535],[2.196195,41.425436],[2.196183,41.425409],[2.19616,41.425319],[2.196103,41.42512],[2.196091,41.425084],[2.196092,41.425057],[2.19608,41.425057],[2.19608,41.425057],[2.19608,41.425021],[2.196068,41.425003],[2.196057,41.424967],[2.196057,41.424958],[2.196046,41.424895],[2.195976,41.424687],[2.195965,41.424633],[2.195942,41.424552],[2.195919,41.424489],[2.195908,41.424452],[2.195896,41.424443],[2.195896,41.424425],[2.195862,41.424281],[2.195851,41.424173],[2.195829,41.424047],[2.195806,41.423929],[2.195807,41.423902],[2.195807,41.423893],[2.195773,41.423731],[2.195773,41.423713],[2.195761,41.423686],[2.195717,41.423406],[2.195717,41.423388],[2.195706,41.423343],[2.195695,41.423271],[2.195683,41.423217],[2.195673,41.423109],[2.195662,41.423046],[2.195628,41.422865],[2.195594,41.422676],[2.195594,41.422667],[2.195607,41.422649],[2.195607,41.422649],[2.195607,41.42264],[2.195595,41.422631],[2.195595,41.422622],[2.195595,41.422622],[2.195584,41.422586],[2.195537,41.422486],[2.195537,41.422477],[2.195537,41.422468],[2.195537,41.42245],[2.195491,41.422342],[2.195922,41.422273],[2.19633,41.422194],[2.197758,41.421934],[2.198801,41.421752],[2.198898,41.421654],[2.199127,41.421475],[2.199249,41.421359],[2.200263,41.420619],[2.200372,41.420529],[2.201495,41.419654],[2.202642,41.418807],[2.203778,41.417941],[2.203778,41.417941],[2.204913,41.417093],[2.204986,41.417021],[2.205034,41.416995],[2.20616,41.41784],[2.207299,41.418695],[2.207299,41.418695],[2.208105,41.419295],[2.208413,41.419531],[2.208757,41.419777],[2.20967,41.420467],[2.209753,41.420531],[2.21056,41.421131],[2.211283,41.421667],[2.211817,41.422076],[2.211612,41.422228],[2.211515,41.422318],[2.211442,41.422371],[2.21132,41.422568],[2.211133,41.423216],[2.21095,41.423467],[2.210769,41.423637],[2.2106,41.423761],[2.210371,41.423895],[2.210046,41.424028],[2.209805,41.42417],[2.2096,41.42434],[2.20949,41.424474],[2.209367,41.424726],[2.209316,41.424987],[2.209254,41.425184],[2.209085,41.425345],[2.208658,41.425018],[2.208489,41.425152],[2.20844,41.425179],[2.208393,41.425161],[2.208357,41.425142],[2.208321,41.425124],[2.208286,41.425106],[2.208238,41.425096],[2.208178,41.425078],[2.208095,41.42505],[2.208059,41.425041],[2.207976,41.425023],[2.207773,41.424985],[2.207545,41.425002],[2.207304,41.42518],[2.206762,41.425419],[2.206066,41.425613],[2.206135,41.425802],[2.206348,41.426047],[2.206463,41.426399],[2.206758,41.426753],[2.206975,41.426646],[2.207364,41.427108]]]}}]}