{"type":"FeatureCollection","crs":{"type":"name","properties":{"name":"EPSG:25831"}},"features":[{"type":"Feature","properties":{"barri":"el Raval","districte":"Ciutat Vella"},"geometry":{"type":"Polygon","coordinates":[[[430162,4581937],[430103,4581879],[430087,4581737],[430064,4581537],[430055,4581462],[430039,4581319],[430019,4581141],[430029,4581130],[430149,4581005],[430215,4580937],[430270,4580879],[430324,4580823],[430408,4580740],[430408,4580718],[430592,4580714],[430821,4580694],[430859,4580691],[430887,4580688],[431014,4580676],[431027,4580675],[431035,4580673],[431044,4580668],[431054,4580660],[431072,4580636],[431060,4580627],[431052,4580611],[431048,4580596],[431048,4580581],[431052,4580567],[431059,4580554],[431062,4580551],[431055,4580540],[431048,4580529],[431062,4580521],[431070,4580516],[431070,4580516],[431078,4580511],[431080,4580510],[431080,4580510],[431081,4580510],[431081,4580509],[431084,4580508],[431096,4580500],[431097,4580500],[431097,4580499],[431098,4580499],[431109,4580492],[431117,4580487],[431117,4580487],[431117,4580487],[431129,4580483],[431136,4580480],[431171,4580469],[431183,4580464],[431199,4580437],[431202,4580436],[431205,4580434],[431213,4580429],[431219,4580425],[431225,4580421],[431227,4580420],[431227,4580420],[431227,4580420],[431244,4580409],[431583,4580201],[431590,4580196],[431592,4580196],[431593,4580196],[431594,4580196],[431596,4580196],[431597,4580197],[431598,4580197],[431599,4580198],[431608,4580213],[431677,4580324],[431677,4580326],[431677,4580327],[431677,4580328],[431677,4580330],[431676,4580331],[431676,4580332],[431675,4580333],[431533,4580421],[431357,4580528],[431325,4580549],[431271,4580582],[431283,4580602],[431272,4580609],[431259,4580617],[431301,4580687],[431301,4580687],[431299,4580688],[431295,4580690],[431288,4580695],[431280,4580699],[431274,4580703],[431270,4580706],[431270,4580706],[431270,4580706],[431267,4580712],[431266,4580714],[431266,4580714],[431262,4580716],[431260,4580718],[431251,4580723],[431249,4580725],[431249,4580725],[431247,4580726],[431246,4580726],[431246,4580726],[431245,4580726],[431244,4580727],[431244,4580728],[431244,4580728],[431243,4580729],[431243,4580728],[431242,4580728],[431239,4580730],[431240,4580730],[431240,4580730],[431240,4580731],[431239,4580731],[431239,4580731],[431229,4580738],[431225,4580740],[431222,4580742],[431216,4580746],[431216,4580746],[431213,4580747],[431210,4580749],[431221,4580771],[431217,4580775],[431214,4580779],[431212,4580785],[431210,4580792],[431211,4580802],[431214,4580812],[431219,4580820],[431222,4580824],[431168,4580904],[431098,4581029],[431079,4581073],[431077,4581077],[431058,4581120],[431051,4581134],[431024,4581164],[430991,4581216],[430946,4581287],[430938,4581297],[430905,4581350],[430875,4581397],[430864,4581414],[430864,4581415],[430802,4581511],[430765,4581570],[430745,4581606],[430683,4581734],[430658,4581784],[430646,4581809],[430646,4581808],[430610,4581883],[430601,4581903],[430584,4581893],[430550,4581890],[430162,4581937]]]}},{"type":"Feature","properties":{"barri":"el Barri Gòtic","districte":"Ciutat Vella"},"geometry":{"type":"Polygon","coordinates":[[[431190,4581851],[431154,4581888],[431083,4581962],[431026,4582022],[430964,4582085],[430838,4582213],[430748,4582079],[430732,4582055],[430717,4582045],[430700,4582033],[430628,4581927],[430615,4581914],[430601,4581903],[430610,4581883],[430646,4581808],[430646,4581809],[430658,4581784],[430683,4581734],[430745,4581606],[430765,4581570],[430802,4581511],[430864,4581415],[430864,4581414],[430875,4581397],[430905,4581350],[430938,4581297],[430946,4581287],[430991,4581216],[431024,4581164],[431051,4581134],[431058,4581120],[431077,4581077],[431079,4581073],[431098,4581029],[431168,4580904],[431222,4580824],[431219,4580820],[431214,4580812],[431211,4580802],[431210,4580792],[431212,4580785],[431214,4580779],[431217,4580775],[431221,4580771],[431210,4580749],[431213,4580747],[431216,4580746],[431216,4580746],[431222,4580742],[431225,4580740],[431229,4580738],[431239,4580731],[431239,4580731],[431240,4580731],[431240,4580730],[431240,4580730],[431239,4580730],[431242,4580728],[431243,4580728],[431243,4580729],[431244,4580728],[431244,4580728],[431244,4580727],[431245,4580726],[431246,4580726],[431246,4580726],[431247,4580726],[431249,4580725],[431249,4580725],[431251,4580723],[431260,4580718],[431262,4580716],[431266,4580714],[431266,4580714],[431267,4580712],[431270,4580706],[431270,4580706],[431270,4580706],[431274,4580703],[431280,4580699],[431288,4580695],[431295,4580690],[431299,4580688],[431301,4580687],[431301,4580687],[431310,4580701],[431312,4580705],[431425,4580888],[431452,4580931],[431462,4580947],[431493,4580998],[431505,4581017],[431524,4581048],[431615,4581197],[431624,4581211],[431626,4581215],[431633,4581210],[431640,4581207],[431643,4581204],[431652,4581172],[431657,4581154],[431665,4581128],[431671,4581106],[431680,4581073],[431697,4581012],[431704,4580992],[431691,4580972],[431648,4580901],[431632,4580875],[431555,4580750],[431562,4580720],[431567,4580698],[431643,4580651],[431673,4580633],[431684,4580636],[431695,4580653],[431717,4580690],[431729,4580709],[431731,4580713],[431789,4580807],[431806,4580835],[431817,4580854],[431818,4580855],[431825,4580867],[431838,4580889],[431846,4580901],[431848,4580901],[431838,4580935],[431827,4580976],[431809,4581038],[431790,4581107],[431782,4581137],[431756,4581227],[431747,4581258],[431739,4581286],[431731,4581314],[431727,4581320],[431699,4581335],[431699,4581337],[431698,4581341],[431698,4581342],[431697,4581342],[431697,4581343],[431696,4581343],[431696,4581344],[431695,4581344],[431694,4581345],[431693,4581345],[431693,4581345],[431693,4581345],[431678,4581354],[431675,4581356],[431675,4581356],[431671,4581358],[431671,4581357],[431667,4581359],[431667,4581360],[431653,4581368],[431653,4581371],[431649,4581393],[431648,4581394],[431644,4581398],[431640,4581403],[431639,4581404],[431638,4581406],[431638,4581406],[431638,4581407],[431638,4581408],[431638,4581409],[431625,4581417],[431621,4581419],[431597,4581439],[431578,4581459],[431578,4581459],[431512,4581524],[431439,4581599],[431342,4581698],[431332,4581707],[431190,4581851]]]}},{"type":"Feature","properties":{"barri":"la Barceloneta","districte":"Ciutat Vella"},"geometry":{"type":"Polygon","coordinates":[[[432799,4582081],[432794,4582082],[432789,4582083],[432784,4582085],[432779,4582088],[432775,4582091],[432772,4582094],[432768,4582099],[432766,4582103],[432764,4582108],[432763,4582114],[432763,4582118],[432764,4582121],[432759,4582126],[432578,4581951],[432575,4581948],[432550,4581924],[432543,4581917],[432537,4581911],[432529,4581903],[432522,4581896],[432514,4581889],[432507,4581883],[432500,4581877],[432494,4581871],[432488,4581867],[432482,4581862],[432477,4581858],[432461,4581845],[432444,4581833],[432392,4581798],[432381,4581789],[432368,4581781],[432353,4581771],[432337,4581761],[432319,4581749],[432301,4581738],[432283,4581727],[432274,4581721],[432265,4581715],[432255,4581709],[432235,4581697],[432230,4581694],[432228,4581693],[432222,4581689],[432209,4581681],[432196,4581673],[432183,4581665],[432169,4581657],[432155,4581649],[432122,4581629],[432121,4581628],[432075,4581601],[432011,4581563],[431973,4581540],[431918,4581507],[431902,4581516],[431823,4581567],[431819,4581560],[431809,4581546],[431800,4581532],[431790,4581518],[431781,4581503],[431791,4581497],[431794,4581495],[431791,4581489],[431790,4581488],[431788,4581485],[431788,4581484],[431786,4581482],[431783,4581478],[431783,4581477],[431783,4581477],[431782,4581475],[431779,4581471],[431776,4581467],[431776,4581466],[431768,4581454],[431766,4581452],[431763,4581447],[431762,4581444],[431758,4581439],[431753,4581432],[431741,4581413],[431736,4581405],[431728,4581405],[431696,4581404],[431687,4581404],[431679,4581403],[431676,4581403],[431663,4581403],[431647,4581402],[431642,4581406],[431642,4581406],[431638,4581409],[431638,4581408],[431638,4581407],[431638,4581406],[431638,4581406],[431639,4581404],[431640,4581403],[431644,4581398],[431648,4581394],[431649,4581393],[431653,4581371],[431653,4581368],[431667,4581360],[431667,4581359],[431671,4581357],[431671,4581358],[431675,4581356],[431675,4581356],[431678,4581354],[431693,4581345],[431693,4581345],[431693,4581345],[431694,4581345],[431695,4581344],[431696,4581344],[431696,4581343],[431697,4581343],[431697,4581342],[431698,4581342],[431698,4581341],[431699,4581337],[431699,4581335],[431727,4581320],[431731,4581314],[431824,4581341],[431825,4581341],[431929,4581274],[431939,4581238],[431931,4581236],[431938,4581212],[431973,4581222],[432027,4581036],[432039,4580994],[431970,4580974],[431970,4580965],[432033,4580953],[432027,4580921],[432021,4580893],[432021,4580891],[432020,4580887],[432020,4580886],[432011,4580842],[432011,4580841],[432008,4580826],[432006,4580818],[431982,4580823],[432001,4580807],[432002,4580812],[432005,4580812],[432001,4580791],[432002,4580791],[432001,4580782],[432001,4580781],[432009,4580775],[431961,4580752],[431929,4580737],[431904,4580723],[431880,4580711],[431878,4580710],[431875,4580707],[431873,4580704],[431850,4580707],[431833,4580710],[431824,4580711],[431824,4580710],[431824,4580708],[431824,4580705],[431869,4580699],[431869,4580697],[431869,4580693],[431864,4580655],[431809,4580668],[431808,4580662],[431863,4580649],[431857,4580605],[431804,4580621],[431802,4580615],[431857,4580599],[431851,4580556],[431802,4580576],[431799,4580571],[431850,4580550],[431845,4580511],[431840,4580509],[431797,4580531],[431794,4580526],[431844,4580500],[431839,4580462],[431834,4580460],[431786,4580490],[431783,4580484],[431838,4580450],[431839,4580449],[431837,4580447],[431782,4580482],[431781,4580480],[431835,4580446],[431843,4580446],[431844,4580445],[431850,4580444],[431889,4580440],[431890,4580440],[431892,4580440],[431893,4580440],[431894,4580441],[431896,4580442],[431897,4580443],[431897,4580444],[431898,4580445],[431911,4580549],[431925,4580655],[431986,4580686],[432055,4580656],[432033,4580603],[432031,4580600],[432031,4580600],[432023,4580581],[432009,4580562],[431996,4580546],[431999,4580544],[432000,4580544],[432021,4580571],[432011,4580549],[431997,4580516],[432022,4580505],[432058,4580501],[432054,4580468],[432045,4580403],[432019,4580406],[431970,4580413],[431922,4580419],[431921,4580419],[431910,4580340],[431910,4580339],[431911,4580339],[431941,4580335],[431940,4580328],[431910,4580331],[431910,4580331],[431909,4580330],[431908,4580318],[431908,4580317],[431908,4580317],[431911,4580316],[431907,4580286],[431969,4580279],[431969,4580280],[432028,4580273],[432022,4580222],[431974,4580229],[431969,4580230],[431872,4580245],[431840,4580249],[431825,4580252],[431818,4580252],[431817,4580252],[431815,4580252],[431813,4580250],[431811,4580248],[431810,4580246],[431806,4580213],[431805,4580210],[431806,4580207],[431807,4580205],[431808,4580204],[431810,4580203],[431812,4580202],[431839,4580199],[431838,4580192],[431838,4580192],[431835,4580173],[431816,4580043],[431809,4579998],[431810,4579995],[431811,4579993],[431812,4579992],[431814,4579991],[431815,4579990],[431842,4579986],[431856,4579984],[431852,4579954],[431853,4579954],[431852,4579946],[431852,4579946],[431852,4579944],[431852,4579944],[431852,4579942],[431860,4579941],[431861,4579946],[431897,4579941],[431896,4579935],[431908,4579933],[431908,4579934],[431912,4579933],[431912,4579933],[431913,4579932],[431913,4579933],[431919,4579933],[431923,4579958],[431922,4579958],[431922,4579960],[431921,4579960],[431922,4579963],[431922,4579962],[431923,4579965],[431919,4579965],[431919,4579969],[431919,4579972],[431917,4579975],[431914,4579978],[431912,4579979],[431921,4580044],[431940,4580165],[432026,4580151],[431997,4579962],[432005,4579961],[431995,4579906],[431991,4579882],[431983,4579836],[431979,4579808],[431943,4579753],[431924,4579724],[431901,4579688],[431877,4579653],[431876,4579650],[431867,4579637],[431848,4579673],[431845,4579675],[431835,4579672],[431832,4579667],[431831,4579663],[431831,4579626],[431848,4579630],[431860,4579577],[431862,4579569],[431867,4579566],[431872,4579565],[431882,4579570],[431887,4579569],[431891,4579562],[431896,4579551],[431899,4579545],[431902,4579540],[431908,4579529],[431917,4579510],[431925,4579506],[431943,4579497],[431953,4579492],[431959,4579489],[431964,4579488],[431969,4579489],[431973,4579490],[431978,4579492],[431981,4579495],[431983,4579497],[431986,4579500],[431986,4579503],[431984,4579505],[431963,4579515],[431932,4579531],[431928,4579539],[431916,4579564],[431909,4579577],[431908,4579580],[431909,4579584],[431913,4579589],[431947,4579619],[431978,4579652],[431991,4579670],[432008,4579697],[432014,4579709],[432018,4579719],[432027,4579734],[432033,4579751],[432039,4579769],[432043,4579782],[432044,4579788],[432044,4579790],[432045,4579790],[432050,4579792],[432052,4579793],[432061,4579806],[432071,4579826],[432081,4579843],[432084,4579845],[432095,4579841],[432117,4579828],[432166,4579801],[432193,4579787],[432196,4579784],[432198,4579782],[432198,4579776],[432196,4579770],[432192,4579763],[432173,4579725],[432169,4579718],[432154,4579690],[432137,4579656],[432052,4579486],[432044,4579466],[432044,4579452],[432037,4579437],[432024,4579420],[432018,4579422],[432008,4579422],[431991,4579419],[431980,4579414],[431978,4579411],[431976,4579406],[431975,4579398],[432013,4579388],[432015,4579382],[432013,4579369],[432009,4579357],[431997,4579311],[431990,4579288],[431984,4579267],[431983,4579264],[431981,4579258],[431977,4579247],[431974,4579235],[431971,4579221],[431969,4579221],[431962,4579197],[431954,4579173],[431937,4579115],[431914,4579037],[431904,4579005],[431895,4578976],[431873,4578899],[431853,4578832],[431840,4578836],[431834,4578818],[431832,4578818],[431801,4578827],[431796,4578810],[431859,4578790],[431867,4578816],[431873,4578836],[431900,4578925],[431924,4579007],[431946,4579080],[431988,4579217],[432007,4579211],[432012,4579230],[432007,4579231],[432010,4579241],[432044,4579350],[432063,4579382],[432066,4579425],[432088,4579460],[432120,4579534],[432144,4579582],[432173,4579641],[432195,4579686],[432218,4579732],[432241,4579776],[432267,4579820],[432270,4579830],[432295,4579886],[432321,4579938],[432338,4579972],[432352,4580000],[432366,4580028],[432376,4580048],[432393,4580081],[432403,4580103],[432408,4580113],[432413,4580122],[432415,4580126],[432417,4580131],[432417,4580135],[432417,4580137],[432416,4580138],[432410,4580145],[432391,4580151],[432382,4580144],[432382,4580139],[432370,4580116],[432364,4580104],[432361,4580096],[432356,4580085],[432352,4580080],[432342,4580079],[432332,4580081],[432305,4580090],[432288,4580094],[432273,4580109],[432247,4580141],[432234,4580166],[432221,4580204],[432218,4580225],[432218,4580271],[432220,4580322],[432236,4580416],[432284,4580577],[432318,4580671],[432337,4580724],[432374,4580795],[432407,4580840],[432430,4580863],[432453,4580883],[432498,4580906],[432535,4580914],[432552,4580913],[432555,4580914],[432535,4580932],[432524,4580952],[432516,4580969],[432508,4580994],[432504,4581028],[432509,4581079],[432516,4581111],[432517,4581116],[432536,4581167],[432545,4581186],[432556,4581210],[432601,4581279],[432648,4581334],[432680,4581358],[432688,4581362],[432817,4581299],[432815,4581294],[432817,4581287],[432819,4581286],[432822,4581284],[432825,4581281],[432832,4581280],[432841,4581282],[432848,4581284],[432850,4581286],[432850,4581287],[432850,4581292],[432849,4581298],[432851,4581303],[432850,4581310],[432847,4581313],[432842,4581317],[432841,4581317],[432832,4581315],[432831,4581315],[432829,4581314],[432827,4581311],[432719,4581364],[432747,4581423],[432853,4581371],[432851,4581365],[432852,4581364],[432852,4581363],[432859,4581359],[432866,4581359],[432870,4581360],[432874,4581363],[432878,4581367],[432879,4581369],[432882,4581373],[432883,4581376],[432883,4581377],[432879,4581381],[432877,4581388],[432875,4581389],[432873,4581390],[432867,4581391],[432866,4581391],[432856,4581390],[432855,4581387],[432729,4581448],[432729,4581484],[432738,4581534],[432759,4581589],[432770,4581609],[432801,4581654],[432823,4581678],[432860,4581709],[432879,4581721],[432931,4581744],[432960,4581750],[432961,4581746],[432961,4581745],[432962,4581745],[432962,4581744],[432963,4581740],[432964,4581737],[432964,4581737],[432964,4581736],[432964,4581735],[432964,4581735],[432965,4581734],[432966,4581734],[432966,4581734],[432966,4581734],[432967,4581734],[432967,4581734],[432967,4581733],[432968,4581733],[432968,4581733],[432969,4581734],[432970,4581734],[432970,4581734],[432970,4581735],[432970,4581735],[432970,4581736],[432971,4581737],[432971,4581739],[432971,4581739],[432971,4581741],[432970,4581743],[432970,4581744],[432970,4581744],[432970,4581745],[432969,4581746],[432969,4581748],[432969,4581749],[432969,4581751],[432968,4581752],[432968,4581753],[432968,4581755],[432967,4581756],[432967,4581757],[432967,4581758],[432967,4581758],[432967,4581758],[432967,4581758],[432967,4581759],[432967,4581760],[432966,4581761],[432965,4581762],[432965,4581764],[432965,4581765],[432965,4581767],[432965,4581768],[432965,4581769],[432965,4581769],[432965,4581769],[432965,4581770],[432964,4581770],[432964,4581771],[432964,4581771],[432964,4581772],[432964,4581772],[432964,4581773],[432963,4581774],[432963,4581774],[432964,4581775],[432964,4581775],[432965,4581776],[432965,4581776],[432966,4581776],[432966,4581776],[432967,4581777],[432969,4581779],[432969,4581780],[432970,4581781],[432970,4581780],[432970,4581781],[432971,4581781],[432972,4581783],[432972,4581783],[432972,4581784],[432973,4581784],[432973,4581785],[432975,4581785],[432976,4581785],[432978,4581786],[432978,4581786],[432979,4581787],[432981,4581788],[432984,4581791],[432986,4581793],[432988,4581795],[432989,4581796],[432989,4581796],[432990,4581797],[432990,4581798],[432990,4581799],[432990,4581800],[432991,4581801],[432992,4581803],[432993,4581804],[432993,4581805],[432994,4581806],[432995,4581806],[432995,4581807],[432995,4581807],[433012,4581789],[433031,4581771],[433031,4581770],[433035,4581766],[433040,4581770],[433052,4581777],[433063,4581784],[433072,4581791],[433083,4581800],[433088,4581805],[432946,4581949],[432815,4582082],[432811,4582081],[432806,4582081],[432799,4582081]]]}},{"type":"Feature","properties":{"barri":"Sant Pere, Santa Caterina i la Ribera","districte":"Ciutat Vella"},"geometry":{"type":"Polygon","coordinates":[[[431734,4582442],[431645,4582532],[431558,4582622],[431465,4582526],[431434,4582494],[431235,4582397],[431227,4582389],[431097,4582263],[430922,4582265],[430892,4582265],[430838,4582213],[430838,4582213],[430964,4582085],[431026,4582022],[431083,4581962],[431154,4581888],[431190,4581851],[431332,4581707],[431342,4581698],[431439,4581599],[431512,4581524],[431578,4581459],[431578,4581459],[431597,4581439],[431621,4581419],[431625,4581417],[431638,4581409],[431642,4581406],[431642,4581406],[431647,4581402],[431663,4581403],[431676,4581403],[431679,4581403],[431687,4581404],[431696,4581404],[431728,4581405],[431736,4581405],[431741,4581413],[431753,4581432],[431758,4581439],[431762,4581444],[431763,4581447],[431766,4581452],[431768,4581454],[431776,4581466],[431776,4581467],[431779,4581471],[431782,4581475],[431783,4581477],[431783,4581477],[431783,4581478],[431786,4581482],[431788,4581484],[431788,4581485],[431790,4581488],[431791,4581489],[431794,4581495],[431791,4581497],[431781,4581503],[431790,4581518],[431800,4581532],[431809,4581546],[431819,4581560],[431823,4581567],[431902,4581516],[431918,4581507],[431973,4581540],[432011,4581563],[432075,4581601],[432121,4581628],[432122,4581629],[432155,4581649],[432169,4581657],[432183,4581665],[432196,4581673],[432209,4581681],[432222,4581689],[432228,4581693],[432230,4581694],[432235,4581697],[432255,4581709],[432265,4581715],[432274,4581721],[432283,4581727],[432301,4581738],[432319,4581749],[432337,4581761],[432353,4581771],[432368,4581781],[432381,4581789],[432392,4581798],[432444,4581833],[432461,4581845],[432477,4581858],[432482,4581862],[432488,4581867],[432494,4581871],[432500,4581877],[432507,4581883],[432514,4581889],[432522,4581896],[432529,4581903],[432537,4581911],[432543,4581917],[432550,4581924],[432575,4581948],[432567,4581957],[432567,4581957],[432558,4581967],[432558,4581967],[432557,4581969],[432555,4581970],[432537,4581989],[432535,4581991],[432533,4581992],[432528,4581998],[432523,4582002],[432520,4582005],[432520,4582005],[432518,4582007],[432515,4582011],[432507,4582019],[432501,4582025],[432495,4582031],[432492,4582035],[432478,4582049],[432478,4582049],[432449,4582079],[432449,4582079],[432439,4582090],[432432,4582097],[432403,4582127],[432403,4582127],[432397,4582132],[432382,4582148],[432335,4582195],[432321,4582211],[432256,4582276],[432233,4582300],[432209,4582324],[432203,4582330],[432203,4582330],[432175,4582359],[432153,4582382],[432129,4582406],[432105,4582430],[432072,4582464],[432053,4582484],[432046,4582491],[432030,4582508],[432012,4582526],[431828,4582346],[431734,4582442]]]}},{"type":"Feature","properties":{"barri":"el Fort Pienc","districte":"Eixample"},"geometry":{"type":"Polygon","coordinates":[[[431742,4582626],[431772,4582655],[431839,4582719],[431935,4582811],[432012,4582886],[432010,4582889],[432008,4582892],[432007,4582896],[432006,4582900],[432006,4582904],[432007,4582908],[432008,4582911],[432010,4582915],[432012,4582917],[432013,4582918],[432016,4582920],[432020,4582922],[432024,4582923],[432024,4582934],[432026,4583106],[432028,4583286],[432030,4583422],[432030,4583454],[432032,4583578],[432033,4583665],[432033,4583665],[432020,4583679],[431948,4583753],[431937,4583764],[431891,4583811],[431751,4583766],[431612,4583721],[431479,4583679],[431181,4583582],[431144,4583570],[431066,4583545],[431040,4583537],[430901,4583491],[430897,4583490],[430960,4583426],[430977,4583408],[431014,4583370],[431038,4583345],[431071,4583312],[431101,4583282],[431127,4583256],[431165,4583217],[431166,4583216],[431202,4583178],[431206,4583174],[431212,4583168],[431234,4583145],[431255,4583124],[431269,4583110],[431239,4583081],[431205,4583048],[431173,4583017],[431118,4582963],[431119,4582962],[431121,4582959],[431123,4582958],[431124,4582956],[431125,4582954],[431126,4582952],[431127,4582951],[431127,4582949],[431128,4582947],[431129,4582945],[431130,4582943],[431130,4582941],[431131,4582939],[431131,4582937],[431132,4582933],[431132,4582929],[431132,4582926],[431132,4582924],[431132,4582922],[431131,4582920],[431131,4582917],[431131,4582915],[431130,4582913],[431129,4582910],[431129,4582908],[431128,4582906],[431127,4582904],[431126,4582902],[431125,4582900],[431124,4582897],[431122,4582895],[431121,4582893],[431119,4582891],[431117,4582888],[431115,4582886],[431114,4582885],[431114,4582884],[431181,4582816],[431181,4582816],[431275,4582720],[431275,4582720],[431368,4582625],[431368,4582625],[431464,4582527],[431465,4582526],[431558,4582622],[431645,4582532],[431742,4582626]]]}},{"type":"Feature","properties":{"barri":"la Sagrada Família","districte":"Eixample"},"geometry":{"type":"Polygon","coordinates":[[[430901,4583491],[431040,4583537],[431066,4583545],[431144,4583570],[431181,4583582],[431479,4583679],[431612,4583721],[431751,4583766],[431891,4583811],[431873,4583829],[431873,4583829],[431837,4583866],[431844,4583873],[431927,4583954],[431933,4583960],[431874,4584022],[431744,4584155],[431721,4584178],[431651,4584250],[431557,4584347],[431466,4584440],[431371,4584537],[431276,4584635],[431254,4584657],[431228,4584684],[431207,4584706],[431182,4584731],[431089,4584827],[430993,4584733],[430901,4584643],[430808,4584552],[430625,4584373],[430514,4584265],[430608,4584169],[430700,4584075],[430795,4583978],[430603,4583792],[430632,4583762],[430654,4583739],[430681,4583712],[430697,4583696],[430804,4583585],[430868,4583520],[430897,4583490],[430901,4583491]]]}},{"type":"Feature","properties":{"barri":"la Dreta de l'Eixample","districte":"Eixample"},"geometry":{"type":"Polygon","coordinates":[[[430697,4583696],[430681,4583712],[430654,4583739],[430632,4583762],[430603,4583792],[430509,4583700],[430399,4583592],[430305,4583687],[430305,4583688],[430223,4583608],[430127,4583513],[430025,4583414],[429935,4583326],[429915,4583306],[429913,4583304],[429742,4583137],[429715,4583110],[429666,4583095],[429436,4583020],[429420,4583015],[429336,4582987],[429369,4582955],[429460,4582861],[429462,4582859],[429555,4582762],[429647,4582666],[429741,4582571],[429741,4582571],[429834,4582475],[429834,4582475],[429928,4582380],[429928,4582380],[430021,4582285],[430115,4582188],[430197,4582106],[430220,4582084],[430117,4581983],[430162,4581937],[430550,4581890],[430584,4581893],[430601,4581903],[430615,4581914],[430628,4581927],[430700,4582033],[430717,4582045],[430732,4582055],[430748,4582079],[430838,4582213],[430838,4582213],[430892,4582265],[430922,4582265],[431097,4582263],[431227,4582389],[431235,4582397],[431434,4582494],[431465,4582526],[431464,4582527],[431368,4582625],[431368,4582625],[431275,4582720],[431275,4582720],[431181,4582816],[431181,4582816],[431114,4582884],[431114,4582885],[431115,4582886],[431117,4582888],[431119,4582891],[431121,4582893],[431122,4582895],[431124,4582897],[431125,4582900],[431126,4582902],[431127,4582904],[431128,4582906],[431129,4582908],[431129,4582910],[431130,4582913],[431131,4582915],[431131,4582917],[431131,4582920],[431132,4582922],[431132,4582924],[431132,4582926],[431132,4582929],[431132,4582933],[431131,4582937],[431131,4582939],[431130,4582941],[431130,4582943],[431129,4582945],[431128,4582947],[431127,4582949],[431127,4582951],[431126,4582952],[431125,4582954],[431124,4582956],[431123,4582958],[431121,4582959],[431119,4582962],[431118,4582963],[431173,4583017],[431205,4583048],[431239,4583081],[431269,4583110],[431255,4583124],[431234,4583145],[431212,4583168],[431206,4583174],[431202,4583178],[431166,4583216],[431165,4583217],[431127,4583256],[431101,4583282],[431071,4583312],[431038,4583345],[431014,4583370],[430977,4583408],[430960,4583426],[430897,4583490],[430868,4583520],[430804,4583585],[430697,4583696]]]}},{"type":"Feature","properties":{"barri":"l'Antiga Esquerra de l'Eixample","districte":"Eixample"},"geometry":{"type":"Polygon","coordinates":[[[429555,4582762],[429462,4582859],[429460,4582861],[429369,4582955],[429336,4582987],[429051,4582895],[428909,4582848],[428767,4582802],[428663,4582768],[428624,4582756],[428619,4582754],[428569,4582738],[428520,4582722],[428521,4582716],[428522,4582711],[428521,4582705],[428520,4582699],[428519,4582693],[428516,4582688],[428512,4582683],[428509,4582680],[428507,4582678],[428503,4582675],[428498,4582672],[428492,4582670],[428486,4582668],[428481,4582668],[428475,4582668],[428471,4582669],[428466,4582670],[428433,4582569],[428419,4582520],[428406,4582462],[428783,4582381],[428807,4582376],[428886,4582296],[428980,4582200],[429073,4582106],[429073,4582106],[429168,4582008],[429304,4581870],[429355,4581818],[429447,4581723],[429541,4581626],[429645,4581521],[429740,4581615],[429835,4581709],[429931,4581802],[430028,4581895],[430117,4581983],[430220,4582084],[430197,4582106],[430115,4582188],[430021,4582285],[429928,4582380],[429928,4582380],[429834,4582475],[429834,4582475],[429741,4582571],[429741,4582571],[429647,4582666],[429555,4582762]]]}},{"type":"Feature","properties":{"barri":"la Nova Esquerra de l'Eixample","districte":"Eixample"},"geometry":{"type":"Polygon","coordinates":[[[428907,4580779],[428924,4580812],[428936,4580828],[428970,4580863],[429071,4580960],[429167,4581054],[429261,4581147],[429452,4581334],[429452,4581334],[429645,4581521],[429541,4581626],[429447,4581723],[429355,4581818],[429304,4581870],[429168,4582008],[429073,4582106],[429073,4582106],[428980,4582200],[428886,4582296],[428807,4582376],[428783,4582381],[428406,4582462],[428395,4582411],[428366,4582264],[428344,4582149],[428327,4582030],[428317,4581924],[428316,4581920],[428316,4581920],[428316,4581920],[428315,4581892],[428308,4581787],[428306,4581757],[428306,4581747],[428294,4581563],[428284,4581390],[428283,4581377],[428284,4581375],[428292,4581367],[428331,4581327],[428332,4581326],[428368,4581289],[428493,4581162],[428583,4581069],[428676,4580974],[428692,4580957],[428774,4580874],[428834,4580822],[428856,4580799],[428866,4580789],[428881,4580773],[428881,4580773],[428901,4580754],[428907,4580779]]]}},{"type":"Feature","properties":{"barri":"Sant Antoni","districte":"Eixample"},"geometry":{"type":"Polygon","coordinates":[[[430408,4580740],[430324,4580823],[430270,4580879],[430215,4580937],[430149,4581005],[430029,4581130],[430019,4581141],[430039,4581319],[430055,4581462],[430064,4581537],[430087,4581737],[430103,4581879],[430162,4581937],[430117,4581983],[430028,4581895],[429931,4581802],[429835,4581709],[429740,4581615],[429645,4581521],[429452,4581334],[429452,4581334],[429261,4581147],[429167,4581054],[429071,4580960],[428970,4580863],[428936,4580828],[428924,4580812],[428907,4580779],[428901,4580754],[428912,4580744],[429003,4580739],[429257,4580732],[429429,4580731],[429442,4580731],[429564,4580729],[429645,4580728],[429701,4580728],[429833,4580726],[429885,4580725],[429936,4580725],[430039,4580723],[430193,4580721],[430213,4580721],[430408,4580718],[430408,4580740]]]}},{"type":"Feature","properties":{"barri":"el Poble-sec","districte":"Sants-Montjuïc"},"geometry":{"type":"Polygon","coordinates":[[[431112,4580477],[431111,4580478],[431112,4580478],[431114,4580482],[431115,4580483],[431117,4580487],[431117,4580487],[431117,4580487],[431117,4580487],[431109,4580492],[431098,4580499],[431097,4580499],[431097,4580500],[431096,4580500],[431084,4580508],[431081,4580509],[431081,4580510],[431080,4580510],[431080,4580510],[431078,4580511],[431070,4580516],[431070,4580516],[431062,4580521],[431048,4580529],[431055,4580540],[431062,4580551],[431059,4580554],[431052,4580567],[431048,4580581],[431048,4580596],[431052,4580611],[431060,4580627],[431072,4580636],[431054,4580660],[431044,4580668],[431035,4580673],[431027,4580675],[431014,4580676],[430887,4580688],[430859,4580691],[430821,4580694],[430592,4580714],[430408,4580718],[430213,4580721],[430193,4580721],[430039,4580723],[429936,4580725],[429885,4580725],[429833,4580726],[429701,4580728],[429645,4580728],[429564,4580729],[429442,4580731],[429429,4580731],[429257,4580732],[429003,4580739],[428912,4580744],[428901,4580754],[428881,4580773],[428881,4580773],[428866,4580789],[428856,4580799],[428848,4580798],[428842,4580796],[428833,4580791],[428823,4580785],[428813,4580776],[428806,4580769],[428802,4580761],[428800,4580753],[428799,4580744],[428799,4580735],[428801,4580725],[428805,4580715],[428782,4580683],[428748,4580642],[428693,4580588],[428760,4580519],[428793,4580485],[428861,4580416],[428901,4580375],[428921,4580354],[428937,4580338],[428948,4580320],[428948,4580319],[428902,4580296],[428888,4580287],[428882,4580280],[428878,4580274],[428875,4580265],[428872,4580259],[428870,4580251],[428867,4580234],[428864,4580213],[428859,4580187],[428856,4580179],[428853,4580171],[428848,4580162],[428840,4580151],[428831,4580141],[428820,4580133],[428809,4580127],[428796,4580122],[428780,4580120],[428763,4580120],[428740,4580123],[428717,4580127],[428697,4580129],[428678,4580129],[428665,4580128],[428653,4580127],[428640,4580124],[428637,4580123],[428620,4580117],[428606,4580112],[428604,4580111],[428589,4580104],[428576,4580096],[428573,4580094],[428568,4580090],[428565,4580088],[428563,4580086],[428552,4580076],[428545,4580068],[428537,4580058],[428531,4580047],[428525,4580033],[428521,4580021],[428475,4579986],[428458,4579977],[428439,4579965],[428420,4579953],[428400,4579940],[428385,4579931],[428376,4579923],[428366,4579913],[428362,4579907],[428355,4579893],[428353,4579883],[428352,4579875],[428352,4579870],[428341,4579869],[428340,4579869],[428339,4579869],[428337,4579866],[428337,4579866],[428336,4579864],[428336,4579864],[428334,4579858],[428328,4579844],[428322,4579829],[428319,4579818],[428318,4579816],[428318,4579816],[428318,4579816],[428316,4579817],[428313,4579818],[428312,4579819],[428312,4579819],[428311,4579819],[428311,4579818],[428310,4579817],[428310,4579816],[428308,4579814],[428308,4579814],[428308,4579813],[428306,4579810],[428300,4579799],[428295,4579789],[428289,4579779],[428287,4579775],[428285,4579772],[428280,4579762],[428276,4579757],[428273,4579752],[428273,4579751],[428270,4579747],[428253,4579748],[428250,4579714],[428249,4579709],[428246,4579702],[428246,4579701],[428242,4579694],[428236,4579684],[428236,4579682],[428236,4579681],[428236,4579679],[428236,4579679],[428237,4579678],[428238,4579677],[428240,4579676],[428241,4579674],[428242,4579674],[428244,4579672],[428245,4579671],[428247,4579673],[428251,4579677],[428266,4579665],[428275,4579657],[428275,4579656],[428277,4579655],[428277,4579655],[428303,4579633],[428304,4579632],[428328,4579616],[428317,4579600],[428316,4579600],[428308,4579598],[428321,4579590],[428336,4579580],[428345,4579574],[428352,4579566],[428360,4579558],[428369,4579548],[428387,4579528],[428399,4579514],[428412,4579500],[428424,4579491],[428441,4579480],[428462,4579469],[428474,4579462],[428488,4579454],[428501,4579447],[428518,4579438],[428527,4579435],[428537,4579435],[428543,4579435],[428553,4579435],[428559,4579434],[428562,4579434],[428566,4579433],[428567,4579433],[428569,4579432],[428576,4579430],[428584,4579425],[428584,4579425],[428589,4579418],[428596,4579411],[428604,4579404],[428615,4579399],[428624,4579394],[428635,4579389],[428644,4579384],[428655,4579379],[428666,4579373],[428676,4579366],[428682,4579362],[428692,4579356],[428697,4579352],[428700,4579350],[428704,4579347],[428717,4579334],[428729,4579321],[428734,4579316],[428743,4579307],[428759,4579289],[428773,4579274],[428785,4579261],[428793,4579252],[428802,4579239],[428809,4579228],[428817,4579215],[428823,4579203],[428829,4579191],[428833,4579179],[428839,4579166],[428843,4579152],[428847,4579140],[428855,4579080],[428856,4579075],[428855,4579070],[428854,4579066],[428852,4579061],[428850,4579057],[428847,4579053],[428845,4579050],[428841,4579047],[428834,4579044],[428826,4579041],[428817,4579039],[428804,4579038],[428789,4579040],[428775,4579042],[428754,4579047],[428735,4579053],[428715,4579059],[428692,4579067],[428681,4579070],[428675,4579072],[428667,4579073],[428658,4579075],[428648,4579075],[428639,4579076],[428629,4579075],[428620,4579074],[428612,4579073],[428602,4579070],[428591,4579066],[428579,4579062],[428568,4579056],[428563,4579053],[428557,4579049],[428555,4579047],[428545,4579040],[428543,4579038],[428531,4579029],[428514,4579017],[428501,4579007],[428486,4578996],[428460,4578978],[428461,4578973],[428465,4578963],[428467,4578954],[428469,4578942],[428470,4578927],[428469,4578914],[428468,4578897],[428468,4578892],[428468,4578889],[428469,4578852],[428475,4578827],[428484,4578803],[428498,4578782],[428511,4578766],[428541,4578719],[428553,4578702],[428570,4578663],[428573,4578638],[428580,4578611],[428587,4578586],[428596,4578563],[428603,4578554],[428603,4578554],[428605,4578551],[428617,4578534],[428626,4578523],[428636,4578513],[428657,4578497],[428687,4578469],[428791,4578397],[428923,4578306],[428960,4578279],[428966,4578275],[428977,4578267],[429016,4578241],[429080,4578225],[429151,4578167],[429169,4578160],[429186,4578155],[429258,4578178],[429314,4578197],[429349,4578211],[429362,4578220],[429390,4578233],[429425,4578252],[429462,4578273],[429498,4578297],[429526,4578319],[429534,4578325],[429551,4578340],[429575,4578362],[429606,4578392],[429626,4578411],[429705,4578491],[429740,4578533],[429764,4578562],[429781,4578582],[429797,4578602],[429819,4578628],[429834,4578646],[429901,4578725],[429932,4578760],[429947,4578778],[429975,4578810],[430009,4578845],[430055,4578891],[430128,4578960],[430184,4579010],[430249,4579061],[430284,4579091],[430328,4579131],[430415,4579213],[430461,4579256],[430482,4579279],[430517,4579323],[430545,4579371],[430654,4579561],[430685,4579621],[430699,4579652],[430751,4579775],[430763,4579802],[430781,4579837],[430797,4579868],[430785,4579881],[430790,4579890],[430856,4580000],[430861,4580013],[430864,4580025],[430865,4580050],[430875,4580089],[430884,4580129],[430885,4580129],[430890,4580127],[430890,4580127],[430890,4580127],[430891,4580127],[430897,4580125],[430897,4580125],[430899,4580124],[430899,4580124],[430899,4580126],[430902,4580133],[430904,4580140],[430906,4580144],[430906,4580145],[430907,4580147],[430907,4580148],[430913,4580161],[430915,4580167],[430913,4580167],[430913,4580170],[430917,4580181],[430923,4580199],[430921,4580199],[430920,4580200],[430922,4580202],[430923,4580204],[430923,4580204],[430925,4580207],[430931,4580217],[430944,4580239],[430948,4580244],[430951,4580249],[430955,4580246],[430960,4580253],[430961,4580255],[430961,4580255],[430964,4580260],[430965,4580261],[430972,4580272],[430973,4580274],[430975,4580275],[430978,4580277],[430993,4580285],[430993,4580285],[430999,4580293],[431007,4580305],[431009,4580308],[431012,4580312],[431012,4580312],[431009,4580314],[431018,4580327],[431021,4580333],[431024,4580337],[431025,4580338],[431025,4580337],[431030,4580345],[431029,4580345],[431035,4580354],[431035,4580355],[431047,4580374],[431048,4580376],[431049,4580376],[431050,4580378],[431054,4580384],[431073,4580415],[431075,4580418],[431076,4580421],[431089,4580442],[431094,4580449],[431096,4580452],[431107,4580470],[431107,4580470],[431108,4580470],[431112,4580477]]]}},{"type":"Feature","properties":{"barri":"la Marina del Prat Vermell","districte":"Sants-Montjuïc"},"geometry":{"type":"MultiPolygon","coordinates":[[[[431136,4580480],[431129,4580483],[431117,4580487],[431117,4580487],[431115,4580483],[431114,4580482],[431112,4580478],[431111,4580478],[431112,4580477],[431108,4580470],[431107,4580470],[431107,4580470],[431096,4580452],[431094,4580449],[431089,4580442],[431076,4580421],[431075,4580418],[431073,4580415],[431054,4580384],[431050,4580378],[431049,4580376],[431048,4580376],[431047,4580374],[431035,4580355],[431035,4580354],[431029,4580345],[431030,4580345],[431025,4580337],[431025,4580338],[431024,4580337],[431021,4580333],[431018,4580327],[431009,4580314],[431012,4580312],[431012,4580312],[431009,4580308],[431007,4580305],[430999,4580293],[430993,4580285],[430993,4580285],[430978,4580277],[430975,4580275],[430973,4580274],[430972,4580272],[430965,4580261],[430964,4580260],[430961,4580255],[430961,4580255],[430960,4580253],[430955,4580246],[430951,4580249],[430948,4580244],[430944,4580239],[430931,4580217],[430925,4580207],[430923,4580204],[430923,4580204],[430922,4580202],[430920,4580200],[430921,4580199],[430923,4580199],[430917,4580181],[430913,4580170],[430913,4580167],[430915,4580167],[430913,4580161],[430907,4580148],[430907,4580147],[430906,4580145],[430906,4580144],[430904,4580140],[430902,4580133],[430899,4580126],[430899,4580124],[430899,4580124],[430897,4580125],[430897,4580125],[430891,4580127],[430890,4580127],[430890,4580127],[430890,4580127],[430885,4580129],[430884,4580129],[430875,4580089],[430865,4580050],[430864,4580025],[430861,4580013],[430856,4580000],[430790,4579890],[430785,4579881],[430797,4579868],[430781,4579837],[430763,4579802],[430751,4579775],[430699,4579652],[430685,4579621],[430654,4579561],[430545,4579371],[430517,4579323],[430482,4579279],[430461,4579256],[430415,4579213],[430328,4579131],[430284,4579091],[430249,4579061],[430184,4579010],[430128,4578960],[430055,4578891],[430009,4578845],[429975,4578810],[429947,4578778],[429932,4578760],[429901,4578725],[429834,4578646],[429819,4578628],[429797,4578602],[429781,4578582],[429764,4578562],[429740,4578533],[429705,4578491],[429626,4578411],[429606,4578392],[429575,4578362],[429551,4578340],[429534,4578325],[429526,4578319],[429498,4578297],[429462,4578273],[429425,4578252],[429390,4578233],[429362,4578220],[429349,4578211],[429314,4578197],[429258,4578178],[429186,4578155],[429169,4578160],[429151,4578167],[429080,4578225],[429016,4578241],[428977,4578267],[428966,4578275],[428960,4578279],[428923,4578306],[428791,4578397],[428687,4578469],[428657,4578497],[428636,4578513],[428626,4578523],[428617,4578534],[428605,4578551],[428603,4578554],[428603,4578554],[428596,4578563],[428582,4578549],[428568,4578539],[428493,4578493],[428413,4578466],[428391,4578457],[428366,4578445],[428342,4578433],[428312,4578488],[428277,4578554],[428226,4578649],[428215,4578671],[428072,4578594],[427863,4578484],[427767,4578434],[427575,4578333],[427549,4578313],[427539,4578307],[427643,4578117],[427654,4578098],[427664,4578082],[427689,4578048],[427691,4578044],[427765,4577939],[427781,4577917],[427799,4577891],[427821,4577860],[427826,4577853],[427839,4577834],[427810,4577821],[427786,4577789],[427691,4577747],[427618,4577716],[427513,4577669],[427393,4577616],[427318,4577581],[427220,4577534],[427154,4577502],[427110,4577481],[427055,4577456],[425635,4576849],[425370,4576731],[424809,4576484],[424738,4576452],[424881,4576374],[424925,4576346],[424955,4576324],[425037,4576260],[425092,4576214],[425142,4576165],[425178,4576128],[425240,4576063],[425329,4575969],[425389,4575897],[425420,4575855],[425450,4575801],[425534,4575654],[425636,4575467],[425712,4575340],[425779,4575282],[425856,4575201],[425990,4575090],[426106,4575026],[426260,4574959],[426498,4574882],[426614,4574852],[426836,4574800],[427063,4574754],[427247,4574731],[427364,4574734],[427403,4574738],[428005,4574762],[428131,4574758],[428338,4574739],[428505,4574716],[428578,4574719],[428587,4574717],[428598,4574716],[428670,4574716],[428821,4574712],[428829,4574712],[428838,4574714],[428849,4574705],[428920,4574799],[428930,4574815],[428940,4574834],[428958,4574873],[428980,4574919],[429008,4574978],[429008,4574978],[429053,4574957],[429055,4574959],[429060,4574969],[429062,4574982],[429070,4575001],[429082,4575030],[429090,4575056],[429091,4575069],[429097,4575083],[429103,4575105],[429107,4575116],[429113,4575143],[429117,4575160],[429120,4575172],[429121,4575177],[429121,4575184],[429125,4575200],[429126,4575205],[429128,4575218],[429132,4575229],[429132,4575236],[429136,4575244],[429140,4575255],[429142,4575266],[429145,4575277],[429146,4575283],[429149,4575289],[429149,4575297],[429151,4575306],[429153,4575312],[429156,4575323],[429159,4575329],[429161,4575336],[429163,4575342],[429164,4575348],[429170,4575357],[429172,4575364],[429176,4575386],[429179,4575398],[429188,4575439],[429190,4575445],[429193,4575456],[429193,4575459],[429188,4575461],[429192,4575469],[429197,4575467],[429200,4575477],[429203,4575479],[429210,4575476],[429217,4575472],[429222,4575465],[429223,4575461],[429224,4575459],[429222,4575455],[429217,4575450],[429206,4575439],[429206,4575433],[429206,4575431],[429207,4575430],[429218,4575427],[429221,4575427],[429225,4575427],[429231,4575433],[429239,4575442],[429245,4575455],[429245,4575465],[429243,4575471],[429236,4575486],[429227,4575493],[429225,4575496],[429226,4575498],[429229,4575499],[429269,4575496],[429453,4575493],[429609,4575492],[429611,4575487],[429616,4575485],[429619,4575484],[429614,4575463],[429607,4575460],[429604,4575453],[429599,4575437],[429598,4575431],[429601,4575424],[429603,4575421],[429606,4575417],[429613,4575415],[429623,4575415],[429629,4575416],[429634,4575419],[429638,4575424],[429642,4575432],[429647,4575446],[429661,4575491],[429667,4575506],[429675,4575520],[429684,4575536],[429690,4575566],[429707,4575620],[429713,4575639],[429732,4575696],[429763,4575789],[429781,4575843],[429802,4575907],[429807,4575922],[429821,4575958],[429826,4575979],[429833,4575999],[429842,4576028],[429851,4576050],[429854,4576060],[429864,4576089],[429883,4576142],[429896,4576183],[429902,4576198],[429906,4576213],[429914,4576233],[429918,4576246],[429922,4576254],[429929,4576272],[429930,4576277],[429936,4576295],[429943,4576317],[429960,4576364],[429976,4576404],[429986,4576430],[429994,4576451],[430004,4576484],[430014,4576511],[430019,4576525],[430017,4576532],[430020,4576541],[430024,4576543],[430028,4576545],[430029,4576546],[430030,4576548],[430030,4576550],[430030,4576550],[430030,4576550],[430030,4576551],[430030,4576552],[430030,4576552],[430029,4576552],[430029,4576551],[430028,4576553],[430028,4576554],[430028,4576555],[430027,4576556],[430025,4576556],[430024,4576557],[430026,4576561],[430026,4576562],[430028,4576565],[430030,4576571],[430032,4576580],[430034,4576582],[430034,4576583],[430035,4576586],[430035,4576588],[430037,4576591],[430039,4576596],[430039,4576596],[430039,4576599],[430041,4576602],[430042,4576605],[430042,4576607],[430043,4576610],[430044,4576613],[430045,4576616],[430046,4576617],[430047,4576617],[430052,4576616],[430068,4576613],[430073,4576612],[430073,4576612],[430091,4576608],[430114,4576603],[430119,4576602],[430121,4576602],[430123,4576603],[430125,4576604],[430125,4576606],[430143,4576602],[430136,4576573],[430149,4576570],[430168,4576650],[430155,4576653],[430148,4576624],[430130,4576628],[430130,4576630],[430130,4576631],[430128,4576633],[430127,4576634],[430126,4576635],[430124,4576636],[430118,4576637],[430107,4576640],[430102,4576642],[430089,4576645],[430082,4576646],[430082,4576646],[430080,4576647],[430079,4576647],[430072,4576649],[430060,4576651],[430058,4576652],[430067,4576677],[430074,4576699],[430083,4576723],[430104,4576782],[430121,4576833],[430131,4576862],[430132,4576865],[430133,4576866],[430134,4576866],[430135,4576866],[430136,4576866],[430144,4576863],[430144,4576862],[430147,4576860],[430150,4576867],[430187,4576855],[430199,4576905],[430191,4576907],[430181,4576865],[430152,4576875],[430162,4576903],[430158,4576904],[430156,4576899],[430155,4576900],[430154,4576900],[430154,4576901],[430153,4576901],[430152,4576901],[430152,4576902],[430151,4576902],[430150,4576902],[430150,4576903],[430150,4576903],[430150,4576904],[430150,4576904],[430149,4576904],[430148,4576905],[430148,4576906],[430148,4576907],[430148,4576907],[430148,4576908],[430148,4576908],[430148,4576909],[430148,4576910],[430147,4576911],[430147,4576911],[430147,4576912],[430148,4576913],[430148,4576914],[430148,4576915],[430148,4576915],[430148,4576916],[430149,4576917],[430149,4576918],[430150,4576919],[430150,4576920],[430150,4576921],[430151,4576923],[430151,4576923],[430152,4576925],[430153,4576926],[430153,4576928],[430154,4576931],[430154,4576932],[430155,4576934],[430155,4576936],[430156,4576937],[430157,4576938],[430157,4576939],[430158,4576941],[430158,4576942],[430158,4576944],[430158,4576945],[430159,4576946],[430159,4576946],[430159,4576948],[430160,4576949],[430160,4576950],[430161,4576951],[430161,4576951],[430161,4576952],[430162,4576953],[430162,4576954],[430162,4576955],[430163,4576957],[430163,4576957],[430164,4576960],[430164,4576962],[430165,4576963],[430165,4576964],[430166,4576964],[430166,4576965],[430167,4576965],[430167,4576966],[430168,4576966],[430168,4576967],[430169,4576968],[430170,4576968],[430171,4576968],[430172,4576968],[430174,4576968],[430175,4576968],[430176,4576968],[430177,4576967],[430179,4576967],[430180,4576967],[430182,4576966],[430183,4576966],[430184,4576965],[430186,4576965],[430187,4576965],[430188,4576965],[430190,4576965],[430191,4576964],[430192,4576964],[430193,4576964],[430195,4576963],[430196,4576963],[430197,4576963],[430201,4576963],[430202,4576962],[430204,4576962],[430205,4576961],[430207,4576960],[430208,4576960],[430209,4576960],[430211,4576959],[430214,4576959],[430216,4576959],[430217,4576958],[430219,4576958],[430221,4576957],[430222,4576956],[430224,4576956],[430225,4576956],[430226,4576955],[430227,4576955],[430230,4576955],[430231,4576955],[430233,4576955],[430235,4576956],[430236,4576957],[430237,4576957],[430238,4576958],[430239,4576959],[430240,4576960],[430241,4576962],[430241,4576963],[430241,4576965],[430241,4576966],[430242,4576968],[430242,4576970],[430243,4576972],[430243,4576973],[430242,4576975],[430242,4576976],[430241,4576977],[430241,4576978],[430241,4576979],[430240,4576980],[430239,4576981],[430238,4576982],[430237,4576983],[430236,4576984],[430234,4576985],[430232,4576985],[430231,4576985],[430229,4576986],[430227,4576986],[430225,4576986],[430223,4576987],[430221,4576987],[430219,4576987],[430217,4576986],[430216,4576986],[430212,4576984],[430211,4576983],[430209,4576983],[430208,4576984],[430206,4576984],[430205,4576984],[430204,4576984],[430203,4576984],[430202,4576984],[430201,4576984],[430199,4576985],[430198,4576985],[430196,4576986],[430195,4576986],[430191,4576986],[430188,4576987],[430186,4576987],[430184,4576988],[430182,4576988],[430180,4576989],[430180,4576989],[430178,4576989],[430176,4576990],[430174,4576990],[430171,4576990],[430170,4576990],[430168,4576991],[430166,4576992],[430164,4576992],[430163,4576993],[430159,4576994],[430157,4576994],[430155,4576995],[430154,4576995],[430153,4576995],[430151,4576996],[430150,4576996],[430150,4576996],[430149,4576996],[430148,4576996],[430146,4576996],[430145,4576997],[430145,4576998],[430144,4576999],[430142,4577000],[430141,4577001],[430140,4577003],[430139,4577003],[430137,4577004],[430136,4577005],[430135,4577005],[430133,4577006],[430132,4577006],[430131,4577007],[430129,4577007],[430128,4577007],[430125,4577007],[430125,4577007],[430123,4577008],[430121,4577007],[430119,4577007],[430117,4577007],[430117,4577007],[430115,4577007],[430113,4577007],[430111,4577007],[430110,4577008],[430108,4577008],[430107,4577008],[430105,4577008],[430104,4577008],[430102,4577008],[430101,4577007],[430100,4577007],[430099,4577007],[430098,4577007],[430097,4577007],[430096,4577008],[430094,4577007],[430092,4577007],[430091,4577008],[430089,4577008],[430088,4577009],[430087,4577009],[430086,4577009],[430084,4577009],[430083,4577010],[430081,4577010],[430078,4577009],[430077,4577010],[430076,4577010],[430074,4577010],[430073,4577010],[430071,4577011],[430071,4577011],[430070,4577012],[430070,4577012],[430069,4577013],[430069,4577013],[430068,4577013],[430068,4577012],[430067,4577012],[430064,4577013],[430062,4577013],[430061,4577014],[430059,4577014],[430058,4577014],[430057,4577015],[430056,4577015],[430055,4577015],[430054,4577015],[430052,4577015],[430050,4577016],[430050,4577016],[430049,4577017],[430049,4577017],[430048,4577017],[430047,4577017],[430046,4577018],[430045,4577018],[430044,4577018],[430043,4577019],[430043,4577019],[430042,4577019],[430041,4577019],[430039,4577019],[430038,4577019],[430036,4577019],[430035,4577020],[430034,4577021],[430033,4577021],[430032,4577022],[430031,4577022],[430030,4577022],[430026,4577024],[430025,4577024],[430024,4577024],[430024,4577024],[430024,4577024],[430023,4577024],[430023,4577025],[430023,4577026],[430023,4577028],[430024,4577032],[430024,4577034],[430024,4577036],[430024,4577037],[430025,4577040],[430026,4577042],[430027,4577044],[430028,4577045],[430030,4577045],[430032,4577045],[430032,4577045],[430034,4577044],[430035,4577044],[430037,4577043],[430039,4577042],[430042,4577042],[430045,4577042],[430047,4577042],[430049,4577042],[430051,4577043],[430052,4577045],[430052,4577047],[430053,4577048],[430054,4577050],[430055,4577051],[430055,4577053],[430056,4577055],[430057,4577058],[430058,4577060],[430059,4577062],[430059,4577064],[430059,4577065],[430060,4577067],[430060,4577067],[430060,4577069],[430060,4577070],[430061,4577071],[430061,4577071],[430062,4577072],[430062,4577073],[430061,4577075],[430073,4577072],[430076,4577086],[429933,4577117],[429930,4577104],[429942,4577101],[429942,4577100],[429943,4577098],[429943,4577097],[429942,4577095],[429942,4577094],[429941,4577093],[429941,4577091],[429941,4577089],[429940,4577087],[429939,4577084],[429939,4577082],[429939,4577082],[429938,4577078],[429938,4577076],[429937,4577073],[429937,4577071],[429938,4577070],[429938,4577069],[429940,4577067],[429942,4577066],[429944,4577066],[429946,4577065],[429949,4577064],[429952,4577064],[429954,4577063],[429957,4577063],[429958,4577062],[429958,4577061],[429958,4577060],[429958,4577060],[429958,4577059],[429957,4577054],[429957,4577052],[429956,4577050],[429956,4577048],[429956,4577046],[429953,4577040],[429952,4577039],[429948,4577039],[429947,4577040],[429947,4577040],[429946,4577041],[429944,4577041],[429941,4577041],[429938,4577042],[429936,4577043],[429934,4577044],[429931,4577045],[429930,4577045],[429929,4577045],[429927,4577046],[429925,4577047],[429923,4577047],[429920,4577047],[429918,4577048],[429918,4577048],[429917,4577049],[429915,4577050],[429913,4577050],[429911,4577050],[429907,4577052],[429905,4577052],[429902,4577053],[429900,4577053],[429898,4577054],[429898,4577054],[429894,4577055],[429890,4577056],[429888,4577056],[429885,4577056],[429883,4577056],[429881,4577057],[429879,4577057],[429877,4577057],[429876,4577058],[429875,4577058],[429868,4577059],[429864,4577060],[429862,4577061],[429861,4577061],[429859,4577062],[429857,4577063],[429855,4577064],[429853,4577064],[429851,4577065],[429850,4577066],[429849,4577066],[429848,4577066],[429847,4577067],[429846,4577067],[429844,4577067],[429843,4577066],[429842,4577066],[429839,4577066],[429837,4577066],[429835,4577066],[429832,4577067],[429829,4577068],[429827,4577069],[429825,4577069],[429823,4577070],[429822,4577071],[429820,4577072],[429817,4577072],[429815,4577072],[429813,4577072],[429811,4577072],[429809,4577072],[429808,4577073],[429807,4577073],[429807,4577075],[429807,4577076],[429808,4577078],[429808,4577080],[429809,4577082],[429809,4577084],[429810,4577087],[429812,4577089],[429813,4577092],[429814,4577094],[429815,4577096],[429816,4577098],[429817,4577104],[429818,4577106],[429819,4577111],[429819,4577114],[429819,4577115],[429819,4577117],[429819,4577118],[429819,4577119],[429819,4577120],[429820,4577122],[429820,4577124],[429819,4577125],[429819,4577125],[429820,4577129],[429779,4577150],[429679,4577203],[429677,4577201],[429672,4577203],[429666,4577205],[429662,4577205],[429661,4577205],[429658,4577204],[429656,4577203],[429650,4577198],[429591,4577149],[429591,4577150],[429588,4577148],[429590,4577146],[429588,4577144],[429587,4577143],[429586,4577141],[429585,4577140],[429584,4577137],[429582,4577136],[429581,4577135],[429579,4577134],[429578,4577133],[429576,4577131],[429575,4577130],[429573,4577130],[429571,4577130],[429569,4577130],[429566,4577131],[429563,4577131],[429562,4577131],[429560,4577131],[429558,4577132],[429555,4577132],[429553,4577132],[429553,4577132],[429550,4577132],[429547,4577132],[429543,4577131],[429539,4577129],[429537,4577128],[429531,4577125],[429528,4577124],[429524,4577121],[429521,4577119],[429518,4577117],[429514,4577115],[429510,4577112],[429507,4577110],[429503,4577107],[429498,4577105],[429497,4577105],[429496,4577104],[429492,4577102],[429490,4577100],[429489,4577099],[429487,4577098],[429486,4577098],[429482,4577095],[429477,4577092],[429474,4577097],[429483,4577102],[429478,4577111],[429474,4577109],[429458,4577099],[429463,4577090],[429464,4577091],[429467,4577086],[429465,4577085],[429463,4577084],[429460,4577082],[429456,4577080],[429454,4577082],[429455,4577083],[429452,4577086],[429449,4577084],[429451,4577080],[429451,4577081],[429452,4577079],[429452,4577080],[429453,4577078],[429452,4577078],[429451,4577077],[429450,4577076],[429448,4577075],[429447,4577075],[429446,4577074],[429445,4577074],[429444,4577073],[429443,4577072],[429439,4577070],[429436,4577068],[429436,4577068],[429432,4577066],[429430,4577065],[429429,4577063],[429428,4577063],[429427,4577062],[429425,4577061],[429424,4577061],[429423,4577060],[429421,4577058],[429419,4577058],[429418,4577057],[429417,4577056],[429413,4577054],[429410,4577051],[429409,4577051],[429407,4577049],[429405,4577047],[429405,4577045],[429403,4577042],[429402,4577040],[429402,4577039],[429401,4577037],[429400,4577036],[429400,4577034],[429399,4577032],[429398,4577030],[429397,4577029],[429396,4577027],[429395,4577025],[429393,4577024],[429393,4577022],[429392,4577020],[429391,4577019],[429391,4577017],[429391,4577015],[429390,4577013],[429389,4577011],[429388,4577009],[429387,4577007],[429386,4577006],[429386,4577006],[429384,4577002],[429383,4577000],[429382,4576999],[429381,4576997],[429380,4576995],[429379,4576991],[429378,4576989],[429376,4576987],[429375,4576982],[429374,4576980],[429373,4576978],[429373,4576978],[429372,4576975],[429369,4576972],[429367,4576969],[429366,4576966],[429364,4576963],[429364,4576962],[429363,4576961],[429363,4576959],[429362,4576958],[429361,4576956],[429360,4576955],[429359,4576953],[429358,4576952],[429358,4576951],[429358,4576950],[429357,4576948],[429356,4576947],[429356,4576945],[429354,4576941],[429347,4576936],[429348,4576933],[429347,4576931],[429347,4576930],[429346,4576929],[429346,4576928],[429346,4576925],[429345,4576923],[429344,4576921],[429343,4576919],[429342,4576917],[429342,4576915],[429341,4576913],[429340,4576911],[429339,4576910],[429339,4576908],[429338,4576906],[429338,4576905],[429337,4576904],[429336,4576903],[429335,4576902],[429334,4576899],[429333,4576898],[429333,4576896],[429333,4576895],[429333,4576894],[429333,4576893],[429332,4576892],[429328,4576893],[429328,4576891],[429331,4576891],[429329,4576890],[429328,4576888],[429328,4576887],[429327,4576884],[429326,4576882],[429326,4576881],[429325,4576879],[429324,4576877],[429323,4576875],[429322,4576873],[429321,4576871],[429320,4576869],[429319,4576867],[429318,4576865],[429317,4576863],[429316,4576860],[429316,4576858],[429315,4576856],[429314,4576854],[429313,4576852],[429312,4576850],[429309,4576845],[429309,4576842],[429309,4576841],[429309,4576840],[429308,4576839],[429307,4576837],[429306,4576836],[429306,4576835],[429305,4576834],[429305,4576833],[429303,4576829],[429301,4576826],[429299,4576823],[429299,4576821],[429298,4576819],[429296,4576817],[429294,4576815],[429293,4576813],[429291,4576810],[429290,4576807],[429290,4576806],[429290,4576804],[429289,4576803],[429289,4576802],[429288,4576800],[429287,4576798],[429287,4576797],[429286,4576796],[429286,4576793],[429285,4576792],[429285,4576791],[429282,4576787],[429281,4576786],[429280,4576786],[429279,4576785],[429279,4576785],[429278,4576783],[429276,4576776],[429274,4576771],[429273,4576769],[429272,4576768],[429272,4576767],[429271,4576765],[429270,4576763],[429269,4576761],[429268,4576761],[429267,4576760],[429266,4576760],[429264,4576758],[429263,4576755],[429262,4576754],[429261,4576753],[429261,4576752],[429260,4576749],[429259,4576747],[429258,4576746],[429257,4576745],[429257,4576744],[429256,4576743],[429255,4576742],[429254,4576742],[429253,4576742],[429252,4576742],[429251,4576742],[429250,4576742],[429250,4576742],[429249,4576741],[429248,4576739],[429247,4576737],[429246,4576733],[429244,4576731],[429244,4576730],[429244,4576729],[429243,4576729],[429243,4576728],[429243,4576727],[429244,4576726],[429244,4576726],[429245,4576725],[429246,4576724],[429247,4576724],[429247,4576723],[429248,4576723],[429249,4576722],[429249,4576721],[429249,4576721],[429249,4576720],[429249,4576719],[429249,4576718],[429249,4576717],[429248,4576715],[429245,4576710],[429244,4576707],[429243,4576705],[429242,4576703],[429242,4576702],[429241,4576701],[429240,4576699],[429240,4576697],[429238,4576694],[429237,4576693],[429236,4576691],[429235,4576690],[429234,4576688],[429234,4576687],[429233,4576685],[429232,4576683],[429231,4576681],[429231,4576680],[429230,4576678],[429229,4576676],[429229,4576676],[429229,4576675],[429228,4576675],[429227,4576673],[429226,4576671],[429226,4576670],[429225,4576669],[429225,4576669],[429224,4576669],[429223,4576667],[429224,4576667],[429224,4576665],[429223,4576665],[429223,4576664],[429222,4576663],[429223,4576662],[429223,4576662],[429223,4576661],[429222,4576659],[429222,4576658],[429220,4576655],[429219,4576654],[429218,4576652],[429218,4576651],[429217,4576649],[429216,4576648],[429215,4576646],[429214,4576645],[429213,4576643],[429212,4576642],[429212,4576641],[429211,4576640],[429211,4576638],[429210,4576637],[429209,4576634],[429208,4576633],[429207,4576632],[429206,4576629],[429206,4576629],[429205,4576628],[429205,4576628],[429205,4576627],[429204,4576625],[429203,4576623],[429203,4576622],[429202,4576620],[429202,4576618],[429202,4576617],[429201,4576615],[429200,4576614],[429199,4576613],[429199,4576612],[429198,4576610],[429198,4576608],[429197,4576607],[429197,4576606],[429196,4576605],[429196,4576604],[429195,4576603],[429194,4576604],[429193,4576604],[429193,4576605],[429192,4576605],[429191,4576605],[429190,4576605],[429189,4576606],[429188,4576606],[429187,4576607],[429187,4576606],[429186,4576606],[429185,4576605],[429184,4576605],[429184,4576604],[429183,4576603],[429182,4576603],[429181,4576602],[429180,4576598],[429179,4576596],[429179,4576595],[429179,4576594],[429179,4576594],[429180,4576593],[429180,4576592],[429181,4576591],[429181,4576590],[429182,4576590],[429183,4576589],[429183,4576589],[429184,4576589],[429185,4576589],[429185,4576588],[429186,4576588],[429186,4576587],[429186,4576586],[429186,4576585],[429186,4576584],[429186,4576583],[429185,4576582],[429185,4576581],[429184,4576580],[429184,4576579],[429183,4576578],[429182,4576577],[429182,4576575],[429181,4576574],[429180,4576573],[429180,4576571],[429179,4576570],[429178,4576570],[429178,4576569],[429178,4576568],[429177,4576566],[429177,4576565],[429176,4576564],[429175,4576563],[429175,4576562],[429174,4576561],[429173,4576560],[429172,4576559],[429172,4576558],[429172,4576556],[429171,4576555],[429171,4576554],[429170,4576552],[429169,4576551],[429168,4576550],[429167,4576549],[429166,4576547],[429166,4576545],[429165,4576544],[429165,4576543],[429164,4576542],[429164,4576540],[429164,4576539],[429163,4576538],[429162,4576537],[429161,4576533],[429160,4576533],[429159,4576531],[429159,4576530],[429159,4576530],[429159,4576529],[429158,4576528],[429158,4576526],[429157,4576526],[429156,4576525],[429155,4576525],[429154,4576523],[429155,4576523],[429154,4576522],[429154,4576521],[429153,4576519],[429153,4576518],[429152,4576518],[429152,4576517],[429152,4576517],[429152,4576516],[429151,4576515],[429151,4576515],[429150,4576514],[429150,4576513],[429149,4576511],[429149,4576511],[429149,4576510],[429149,4576508],[429148,4576506],[429147,4576505],[429145,4576500],[429144,4576499],[429143,4576497],[429142,4576494],[429141,4576492],[429140,4576490],[429140,4576488],[429139,4576487],[429138,4576484],[429137,4576483],[429136,4576482],[429136,4576481],[429135,4576480],[429135,4576479],[429133,4576477],[429133,4576476],[429132,4576474],[429132,4576473],[429131,4576472],[429130,4576469],[429130,4576468],[429129,4576465],[429127,4576460],[429126,4576458],[429125,4576456],[429125,4576455],[429124,4576453],[429124,4576452],[429123,4576451],[429122,4576450],[429121,4576450],[429120,4576450],[429119,4576450],[429118,4576450],[429116,4576451],[429115,4576451],[429114,4576451],[429113,4576452],[429112,4576452],[429111,4576451],[429110,4576451],[429109,4576450],[429109,4576448],[429107,4576444],[429107,4576444],[429107,4576443],[429107,4576442],[429107,4576441],[429106,4576440],[429106,4576439],[429106,4576439],[429106,4576438],[429107,4576438],[429107,4576437],[429110,4576436],[429111,4576435],[429111,4576435],[429112,4576434],[429112,4576434],[429112,4576433],[429112,4576432],[429112,4576430],[429112,4576429],[429112,4576429],[429112,4576428],[429112,4576428],[429110,4576424],[429110,4576423],[429109,4576422],[429109,4576422],[429108,4576420],[429108,4576419],[429107,4576417],[429107,4576416],[429106,4576415],[429105,4576413],[429105,4576413],[429105,4576412],[429105,4576412],[429105,4576412],[429105,4576412],[429104,4576412],[429103,4576411],[429103,4576411],[429102,4576410],[429102,4576410],[429102,4576410],[429102,4576409],[429102,4576407],[429102,4576407],[429101,4576406],[429101,4576405],[429100,4576405],[429099,4576402],[429098,4576400],[429098,4576399],[429097,4576397],[429097,4576397],[429095,4576395],[429095,4576394],[429094,4576394],[429094,4576394],[429095,4576393],[429095,4576393],[429094,4576392],[429094,4576392],[429094,4576391],[429093,4576390],[429092,4576389],[429092,4576388],[429091,4576386],[429090,4576384],[429090,4576383],[429089,4576383],[429088,4576382],[429088,4576382],[429088,4576381],[429087,4576380],[429087,4576380],[429087,4576380],[429086,4576379],[429085,4576379],[429085,4576379],[429085,4576379],[429085,4576378],[429085,4576376],[429084,4576376],[429083,4576375],[429085,4576374],[429084,4576372],[429082,4576369],[429082,4576368],[429081,4576367],[429080,4576366],[429079,4576364],[429078,4576363],[429078,4576362],[429078,4576360],[429077,4576359],[429077,4576359],[429076,4576358],[429076,4576358],[429075,4576354],[429074,4576351],[429074,4576350],[429073,4576349],[429072,4576346],[429070,4576343],[429069,4576341],[429069,4576338],[429069,4576338],[429068,4576336],[429068,4576335],[429068,4576334],[429067,4576332],[429066,4576331],[429065,4576330],[429065,4576329],[429064,4576329],[429064,4576328],[429064,4576328],[429064,4576327],[429063,4576326],[429063,4576326],[429063,4576325],[429063,4576325],[429063,4576324],[429063,4576324],[429063,4576324],[429063,4576323],[429063,4576322],[429062,4576321],[429060,4576319],[429059,4576316],[429059,4576316],[429058,4576315],[429058,4576314],[429057,4576311],[429056,4576309],[429055,4576306],[429055,4576306],[429054,4576305],[429054,4576305],[429053,4576305],[429052,4576302],[429052,4576300],[429051,4576299],[429051,4576298],[429050,4576297],[429050,4576297],[429049,4576297],[429048,4576296],[429047,4576296],[429047,4576297],[429044,4576298],[429042,4576299],[429041,4576299],[429041,4576299],[429040,4576299],[429040,4576299],[429039,4576298],[429037,4576295],[429035,4576291],[429034,4576289],[429034,4576288],[429033,4576288],[429033,4576287],[429033,4576286],[429034,4576286],[429034,4576285],[429035,4576285],[429035,4576285],[429036,4576285],[429036,4576284],[429037,4576284],[429037,4576284],[429037,4576284],[429037,4576284],[429039,4576283],[429039,4576283],[429040,4576282],[429040,4576282],[429040,4576281],[429040,4576280],[429040,4576278],[429040,4576277],[429040,4576276],[429040,4576275],[429039,4576274],[429039,4576273],[429038,4576271],[429038,4576271],[429037,4576270],[429036,4576269],[429036,4576269],[429036,4576267],[429036,4576267],[429036,4576266],[429035,4576266],[429035,4576265],[429034,4576265],[429034,4576264],[429032,4576261],[429031,4576259],[429031,4576259],[429030,4576258],[429030,4576257],[429029,4576256],[429029,4576256],[429028,4576255],[429028,4576253],[429027,4576252],[429027,4576251],[429027,4576250],[429027,4576250],[429026,4576249],[429026,4576248],[429025,4576248],[429025,4576247],[429024,4576247],[429024,4576247],[429024,4576247],[429024,4576247],[429023,4576247],[429023,4576247],[429023,4576247],[429023,4576246],[429023,4576245],[429023,4576244],[429021,4576241],[429020,4576240],[429020,4576239],[429020,4576238],[429020,4576238],[429020,4576238],[429020,4576237],[429019,4576236],[429018,4576235],[429017,4576234],[429017,4576232],[429015,4576228],[429015,4576226],[429013,4576226],[429013,4576225],[429014,4576224],[429012,4576221],[429011,4576220],[429010,4576219],[429010,4576218],[429010,4576217],[429010,4576217],[429010,4576216],[429010,4576216],[429009,4576215],[429009,4576214],[429009,4576213],[429008,4576213],[429007,4576212],[429007,4576211],[429007,4576210],[429006,4576208],[429005,4576207],[429005,4576207],[429004,4576205],[429004,4576204],[429004,4576203],[429003,4576202],[429003,4576201],[429002,4576201],[429002,4576201],[429001,4576201],[429001,4576201],[429001,4576199],[429000,4576197],[428999,4576194],[428999,4576193],[428998,4576191],[428997,4576190],[428996,4576188],[428996,4576187],[428995,4576186],[428995,4576185],[428995,4576184],[428994,4576183],[428994,4576182],[428993,4576180],[428993,4576180],[428992,4576179],[428992,4576178],[428992,4576178],[428991,4576177],[428991,4576176],[428991,4576176],[428991,4576176],[428990,4576174],[428990,4576173],[428989,4576171],[428989,4576170],[428988,4576168],[428987,4576167],[428986,4576166],[428986,4576164],[428985,4576162],[428984,4576160],[428983,4576157],[428983,4576156],[428982,4576155],[428982,4576154],[428981,4576154],[428981,4576154],[428980,4576154],[428980,4576153],[428979,4576153],[428979,4576153],[428979,4576153],[428978,4576153],[428978,4576153],[428977,4576153],[428977,4576154],[428977,4576154],[428976,4576154],[428976,4576154],[428975,4576155],[428975,4576155],[428974,4576155],[428974,4576155],[428974,4576155],[428973,4576155],[428973,4576155],[428973,4576155],[428972,4576155],[428971,4576155],[428971,4576154],[428971,4576154],[428968,4576151],[428966,4576148],[428964,4576145],[428964,4576145],[428964,4576144],[428964,4576143],[428964,4576143],[428965,4576142],[428965,4576142],[428966,4576141],[428967,4576140],[428967,4576140],[428968,4576140],[428968,4576140],[428969,4576139],[428970,4576138],[428971,4576137],[428972,4576137],[428972,4576137],[428972,4576136],[428972,4576136],[428972,4576135],[428971,4576134],[428971,4576132],[428970,4576132],[428969,4576129],[428969,4576128],[428969,4576127],[428968,4576126],[428968,4576125],[428966,4576122],[428965,4576120],[428965,4576120],[428965,4576119],[428965,4576119],[428964,4576118],[428963,4576116],[428961,4576114],[428961,4576113],[428961,4576112],[428961,4576112],[428959,4576110],[428959,4576109],[428957,4576107],[428957,4576107],[428956,4576105],[428956,4576105],[428957,4576104],[428957,4576104],[428957,4576104],[428956,4576103],[428955,4576102],[428954,4576101],[428953,4576099],[428953,4576099],[428953,4576099],[428952,4576098],[428952,4576098],[428953,4576096],[428953,4576095],[428953,4576094],[428953,4576094],[428952,4576093],[428952,4576093],[428952,4576093],[428952,4576092],[428951,4576091],[428951,4576091],[428950,4576091],[428949,4576090],[428950,4576089],[428949,4576087],[428947,4576085],[428946,4576083],[428945,4576079],[428945,4576079],[428936,4576064],[428934,4576061],[428934,4576058],[428933,4576056],[428932,4576053],[428930,4576049],[428928,4576044],[428926,4576041],[428924,4576037],[428922,4576033],[428921,4576030],[428919,4576026],[428916,4576020],[428914,4576018],[428913,4576018],[428910,4576017],[428905,4576015],[428903,4576014],[428899,4576008],[428899,4576006],[428898,4576004],[428899,4576001],[428900,4575998],[428902,4575996],[428903,4575994],[428903,4575993],[428904,4575992],[428903,4575991],[428902,4575987],[428900,4575984],[428898,4575980],[428895,4575976],[428892,4575971],[428890,4575966],[428889,4575962],[428887,4575959],[428885,4575956],[428883,4575953],[428882,4575950],[428881,4575948],[428880,4575946],[428880,4575945],[428880,4575943],[428878,4575941],[428877,4575940],[428875,4575938],[428874,4575938],[428873,4575936],[428873,4575935],[428872,4575934],[428871,4575930],[428869,4575925],[428866,4575920],[428863,4575914],[428860,4575908],[428856,4575899],[428852,4575890],[428851,4575888],[428850,4575886],[428848,4575885],[428846,4575883],[428844,4575882],[428837,4575877],[428836,4575876],[428835,4575874],[428833,4575869],[428830,4575863],[428830,4575861],[428829,4575860],[428829,4575858],[428830,4575855],[428831,4575853],[428832,4575850],[428833,4575848],[428833,4575846],[428833,4575843],[428832,4575841],[428829,4575838],[428827,4575836],[428825,4575832],[428823,4575829],[428823,4575828],[428820,4575821],[428815,4575812],[428811,4575803],[428806,4575792],[428804,4575789],[428801,4575782],[428796,4575772],[428792,4575763],[428788,4575755],[428784,4575747],[428783,4575745],[428782,4575742],[428782,4575742],[428781,4575741],[428781,4575741],[428780,4575740],[428779,4575740],[428778,4575740],[428776,4575740],[428775,4575739],[428774,4575739],[428774,4575739],[428771,4575740],[428769,4575741],[428767,4575742],[428763,4575743],[428761,4575743],[428761,4575743],[428750,4575748],[428678,4575782],[428529,4575853],[428545,4575886],[428525,4575895],[428648,4576152],[428398,4576271],[428486,4576457],[428511,4576445],[428512,4576445],[428511,4576471],[428841,4576480],[428842,4576480],[428842,4576481],[428846,4576509],[428848,4576532],[428858,4576625],[428864,4576669],[428871,4576733],[428877,4576787],[428880,4576812],[428885,4576856],[428900,4576986],[428905,4577035],[428913,4577100],[428919,4577154],[428966,4577569],[428975,4577568],[428975,4577567],[428980,4577567],[428980,4577567],[428988,4577566],[428988,4577566],[428993,4577565],[428993,4577566],[429045,4577560],[429044,4577543],[429042,4577543],[429040,4577522],[429041,4577522],[429039,4577505],[429038,4577505],[429036,4577492],[429036,4577488],[429037,4577486],[429038,4577484],[429040,4577483],[429041,4577483],[429042,4577484],[429043,4577484],[429044,4577486],[429046,4577490],[429047,4577504],[429046,4577504],[429048,4577521],[429050,4577521],[429052,4577542],[429051,4577542],[429053,4577559],[429104,4577553],[429104,4577553],[429109,4577552],[429109,4577553],[429118,4577551],[429109,4577473],[429125,4577471],[429126,4577470],[429136,4577469],[429136,4577469],[429140,4577469],[429126,4577346],[429156,4577343],[429137,4577179],[429137,4577174],[429145,4577151],[429162,4577147],[429167,4577151],[429200,4577176],[429217,4577188],[429531,4577420],[429530,4577422],[429760,4577592],[429852,4577660],[429936,4577722],[429968,4577746],[429999,4577768],[429991,4577779],[429985,4577774],[429982,4577777],[430011,4577798],[430037,4577785],[430035,4577781],[430032,4577783],[430026,4577771],[430304,4577629],[430324,4577668],[430345,4577710],[430364,4577747],[430391,4577801],[430406,4577830],[430621,4578255],[430647,4578306],[430698,4578407],[430742,4578494],[430808,4578624],[430828,4578663],[430828,4578665],[430828,4578666],[430827,4578667],[430820,4578673],[430567,4578904],[430577,4578925],[430592,4578956],[430601,4578973],[430627,4579024],[430655,4579081],[430994,4578911],[431021,4578897],[431023,4578896],[431025,4578896],[431027,4578896],[431029,4578897],[431031,4578898],[431032,4578899],[431047,4578929],[431066,4578966],[431086,4579007],[431089,4579006],[431141,4579110],[431094,4579134],[431093,4579131],[431026,4579165],[430988,4579184],[430957,4579199],[430916,4579219],[430887,4579234],[430900,4579260],[430870,4579277],[431083,4579640],[431153,4579606],[431186,4579589],[431256,4579555],[431357,4579504],[431333,4579455],[431359,4579442],[431393,4579509],[431438,4579600],[431479,4579684],[431482,4579689],[431482,4579691],[431482,4579693],[431481,4579696],[431480,4579698],[431479,4579699],[431478,4579700],[431447,4579715],[431405,4579737],[431392,4579710],[431129,4579841],[431144,4579870],[431119,4579873],[431130,4579965],[431135,4580000],[431145,4580091],[431175,4580087],[431182,4580139],[431152,4580142],[431182,4580397],[431206,4580394],[431213,4580398],[431227,4580420],[431227,4580420],[431227,4580420],[431227,4580420],[431225,4580421],[431219,4580425],[431213,4580429],[431205,4580434],[431202,4580436],[431199,4580437],[431183,4580464],[431171,4580469],[431136,4580480]]],[[[431002,4577922],[431000,4577923],[430999,4577925],[430998,4577926],[430997,4577928],[430997,4577929],[430998,4577931],[430998,4577932],[430999,4577934],[431000,4577936],[431002,4577937],[431004,4577938],[431005,4577939],[431005,4577939],[431003,4577940],[431000,4577941],[431000,4577943],[431000,4577944],[431000,4577946],[431001,4577947],[431002,4577948],[431003,4577949],[431004,4577949],[431005,4577950],[431006,4577952],[431005,4577954],[431004,4577955],[431003,4577955],[431001,4577957],[431001,4577959],[431001,4577961],[431001,4577963],[431001,4577965],[431001,4577967],[431002,4577969],[431004,4577970],[431004,4577972],[431002,4577973],[431002,4577974],[431004,4577976],[431004,4577979],[431005,4577981],[431005,4577982],[431006,4577984],[431006,4577988],[431007,4577992],[431008,4577996],[431008,4578000],[431009,4578002],[431010,4578005],[431011,4578007],[431012,4578008],[431013,4578010],[431015,4578012],[431016,4578014],[431016,4578015],[431017,4578017],[431017,4578019],[431018,4578022],[431018,4578024],[431018,4578025],[431018,4578026],[431018,4578028],[431019,4578029],[431020,4578033],[431021,4578036],[431023,4578039],[431025,4578042],[431027,4578045],[431028,4578047],[431029,4578048],[431031,4578050],[431032,4578052],[431034,4578053],[431036,4578056],[431038,4578058],[431039,4578059],[431040,4578060],[431042,4578062],[431043,4578064],[431044,4578064],[431046,4578064],[431047,4578064],[431048,4578064],[431049,4578065],[431050,4578068],[431050,4578069],[431049,4578070],[431050,4578072],[431051,4578073],[431052,4578074],[431053,4578076],[431054,4578078],[431056,4578079],[431058,4578080],[431059,4578082],[431059,4578083],[431059,4578085],[431059,4578087],[431060,4578088],[431061,4578090],[431062,4578092],[431062,4578094],[431062,4578096],[431063,4578099],[431064,4578101],[431065,4578105],[431067,4578108],[431067,4578110],[431068,4578111],[431069,4578112],[431071,4578112],[431072,4578113],[431073,4578115],[431074,4578118],[431074,4578120],[431075,4578122],[431075,4578125],[431074,4578127],[431073,4578128],[431072,4578129],[431071,4578131],[431070,4578134],[431069,4578136],[431069,4578138],[431070,4578140],[431072,4578141],[431073,4578143],[431073,4578146],[431073,4578148],[431073,4578150],[431073,4578152],[431073,4578153],[431073,4578155],[431074,4578156],[431074,4578158],[431075,4578159],[431074,4578161],[431074,4578162],[431073,4578163],[431072,4578164],[431072,4578166],[431072,4578167],[431072,4578169],[431073,4578171],[431073,4578173],[431074,4578174],[431074,4578176],[431074,4578178],[431074,4578179],[431074,4578181],[431074,4578184],[431075,4578187],[431077,4578191],[431078,4578195],[431080,4578199],[431083,4578203],[431085,4578206],[431087,4578209],[431088,4578212],[431090,4578214],[431091,4578216],[431092,4578217],[431093,4578219],[431095,4578220],[431096,4578222],[431097,4578224],[431099,4578225],[431102,4578227],[431103,4578229],[431105,4578231],[431106,4578232],[431107,4578234],[431107,4578237],[431107,4578240],[431108,4578242],[431109,4578245],[431111,4578247],[431112,4578249],[431113,4578252],[431115,4578255],[431116,4578257],[431117,4578259],[431118,4578261],[431120,4578264],[431121,4578266],[431122,4578268],[431122,4578270],[431122,4578272],[431123,4578275],[431123,4578278],[431124,4578280],[431126,4578282],[431127,4578283],[431128,4578284],[431129,4578285],[431130,4578287],[431131,4578288],[431131,4578290],[431131,4578292],[431131,4578295],[431132,4578297],[431133,4578300],[431133,4578302],[431134,4578304],[431136,4578306],[431137,4578308],[431139,4578310],[431140,4578312],[431142,4578315],[431143,4578317],[431144,4578319],[431145,4578322],[431146,4578324],[431147,4578326],[431148,4578328],[431149,4578331],[431151,4578334],[431152,4578337],[431154,4578341],[431157,4578345],[431159,4578350],[431162,4578354],[431164,4578359],[431167,4578363],[431169,4578367],[431171,4578370],[431172,4578372],[431174,4578374],[431175,4578377],[431176,4578379],[431176,4578381],[431177,4578383],[431177,4578386],[431179,4578388],[431180,4578391],[431182,4578395],[431184,4578397],[431185,4578399],[431187,4578402],[431187,4578403],[431188,4578405],[431189,4578407],[431190,4578410],[431191,4578412],[431192,4578414],[431193,4578416],[431194,4578417],[431196,4578420],[431197,4578422],[431197,4578424],[431197,4578426],[431198,4578429],[431199,4578432],[431200,4578435],[431200,4578437],[431201,4578439],[431202,4578442],[431203,4578444],[431204,4578447],[431205,4578450],[431206,4578452],[431207,4578455],[431209,4578458],[431210,4578461],[431211,4578463],[431213,4578466],[431214,4578468],[431216,4578471],[431217,4578473],[431218,4578475],[431220,4578478],[431221,4578481],[431222,4578485],[431224,4578488],[431226,4578492],[431227,4578495],[431228,4578497],[431229,4578500],[431230,4578503],[431231,4578505],[431232,4578506],[431234,4578508],[431235,4578510],[431236,4578512],[431238,4578513],[431239,4578516],[431241,4578518],[431242,4578520],[431242,4578522],[431242,4578524],[431241,4578525],[431241,4578526],[431241,4578527],[431241,4578529],[431243,4578530],[431244,4578530],[431245,4578531],[431246,4578532],[431247,4578534],[431249,4578537],[431250,4578540],[431252,4578543],[431253,4578546],[431255,4578549],[431256,4578553],[431259,4578556],[431262,4578559],[431264,4578561],[431265,4578563],[431266,4578566],[431267,4578568],[431269,4578571],[431271,4578574],[431272,4578576],[431273,4578578],[431274,4578580],[431274,4578582],[431275,4578585],[431275,4578588],[431276,4578590],[431277,4578593],[431278,4578596],[431279,4578598],[431280,4578600],[431281,4578602],[431283,4578605],[431284,4578608],[431286,4578610],[431287,4578613],[431289,4578615],[431291,4578617],[431293,4578619],[431294,4578620],[431296,4578622],[431297,4578624],[431298,4578626],[431299,4578629],[431300,4578630],[431300,4578632],[431302,4578635],[431303,4578637],[431303,4578639],[431304,4578641],[431305,4578643],[431305,4578645],[431306,4578646],[431307,4578647],[431308,4578649],[431310,4578650],[431312,4578652],[431312,4578653],[431313,4578655],[431312,4578657],[431312,4578659],[431312,4578661],[431313,4578663],[431314,4578664],[431315,4578665],[431316,4578666],[431318,4578667],[431319,4578668],[431320,4578669],[431321,4578671],[431322,4578673],[431322,4578675],[431323,4578677],[431323,4578679],[431324,4578681],[431325,4578683],[431326,4578685],[431327,4578688],[431329,4578690],[431330,4578693],[431332,4578696],[431333,4578699],[431334,4578701],[431335,4578704],[431337,4578707],[431338,4578709],[431340,4578712],[431341,4578714],[431343,4578716],[431344,4578719],[431346,4578722],[431347,4578724],[431349,4578728],[431351,4578731],[431352,4578733],[431353,4578735],[431355,4578739],[431356,4578742],[431357,4578746],[431358,4578750],[431359,4578753],[431361,4578755],[431362,4578757],[431364,4578758],[431366,4578761],[431367,4578763],[431368,4578765],[431369,4578767],[431369,4578769],[431369,4578771],[431369,4578773],[431369,4578774],[431369,4578776],[431370,4578777],[431372,4578778],[431374,4578779],[431375,4578782],[431376,4578784],[431376,4578785],[431376,4578787],[431376,4578788],[431377,4578790],[431378,4578792],[431380,4578794],[431381,4578797],[431382,4578799],[431383,4578801],[431384,4578804],[431385,4578806],[431386,4578808],[431387,4578810],[431388,4578813],[431389,4578816],[431391,4578818],[431392,4578820],[431393,4578822],[431395,4578825],[431397,4578827],[431399,4578829],[431401,4578831],[431403,4578833],[431404,4578835],[431405,4578836],[431405,4578838],[431406,4578841],[431406,4578843],[431406,4578845],[431406,4578848],[431406,4578850],[431407,4578852],[431408,4578854],[431410,4578856],[431411,4578857],[431412,4578859],[431414,4578860],[431414,4578862],[431414,4578864],[431414,4578866],[431415,4578868],[431415,4578869],[431416,4578871],[431417,4578873],[431418,4578874],[431419,4578876],[431421,4578878],[431422,4578880],[431423,4578882],[431424,4578884],[431424,4578887],[431425,4578889],[431426,4578892],[431427,4578894],[431428,4578896],[431429,4578899],[431431,4578900],[431432,4578902],[431434,4578903],[431435,4578905],[431436,4578906],[431437,4578908],[431439,4578910],[431440,4578913],[431440,4578916],[431441,4578920],[431442,4578924],[431444,4578927],[431444,4578930],[431445,4578933],[431446,4578935],[431447,4578938],[431448,4578941],[431450,4578944],[431451,4578946],[431452,4578948],[431454,4578951],[431455,4578953],[431457,4578956],[431459,4578958],[431460,4578960],[431462,4578962],[431463,4578964],[431465,4578967],[431466,4578969],[431468,4578972],[431469,4578975],[431471,4578978],[431472,4578981],[431473,4578984],[431473,4578987],[431474,4578990],[431475,4578992],[431476,4578995],[431477,4578997],[431478,4578999],[431480,4579001],[431481,4579003],[431483,4579005],[431484,4579008],[431486,4579011],[431488,4579015],[431489,4579017],[431490,4579019],[431492,4579021],[431493,4579024],[431494,4579026],[431494,4579028],[431495,4579029],[431495,4579031],[431496,4579033],[431498,4579035],[431498,4579036],[431499,4579037],[431501,4579039],[431502,4579040],[431504,4579042],[431506,4579044],[431506,4579047],[431507,4579049],[431508,4579053],[431509,4579057],[431510,4579061],[431513,4579067],[431516,4579072],[431522,4579089],[431529,4579106],[431533,4579114],[431536,4579122],[431544,4579140],[431552,4579158],[431556,4579167],[431563,4579179],[431569,4579191],[431574,4579202],[431579,4579212],[431585,4579223],[431590,4579233],[431598,4579248],[431605,4579263],[431610,4579273],[431614,4579284],[431620,4579293],[431625,4579302],[431630,4579314],[431636,4579325],[431644,4579339],[431648,4579346],[431651,4579354],[431657,4579366],[431663,4579379],[431667,4579387],[431670,4579395],[431672,4579398],[431674,4579400],[431677,4579402],[431679,4579403],[431682,4579404],[431686,4579404],[431692,4579405],[431698,4579406],[431702,4579406],[431704,4579407],[431705,4579409],[431706,4579410],[431707,4579412],[431707,4579414],[431704,4579433],[431703,4579442],[431701,4579452],[431699,4579469],[431697,4579487],[431695,4579501],[431693,4579516],[431691,4579527],[431688,4579538],[431681,4579561],[431676,4579584],[431693,4579588],[431674,4579621],[431670,4579623],[431660,4579620],[431658,4579616],[431661,4579583],[431630,4579575],[431629,4579574],[431619,4579571],[431612,4579558],[431595,4579523],[431491,4579314],[431428,4579189],[431409,4579151],[431389,4579109],[431337,4579007],[431247,4578824],[431223,4578778],[431166,4578662],[431136,4578601],[431096,4578521],[431010,4578350],[431001,4578332],[430955,4578239],[430946,4578221],[430942,4578212],[430858,4578044],[430778,4577884],[430768,4577863],[430741,4577876],[430735,4577863],[430732,4577857],[430725,4577838],[430724,4577832],[430721,4577815],[430750,4577810],[430725,4577662],[430715,4577603],[430702,4577532],[430691,4577468],[430690,4577463],[430668,4577335],[430677,4577333],[430682,4577332],[430683,4577332],[430684,4577332],[430685,4577333],[430686,4577334],[430687,4577336],[430687,4577339],[430690,4577353],[430691,4577354],[430693,4577356],[430694,4577357],[430695,4577357],[430696,4577357],[430700,4577357],[430702,4577357],[430703,4577356],[430711,4577348],[430748,4577311],[430753,4577305],[430755,4577300],[430756,4577297],[430756,4577290],[430756,4577285],[430755,4577279],[430752,4577258],[430752,4577247],[430749,4577234],[430747,4577221],[430741,4577198],[430739,4577190],[430732,4577140],[430726,4577115],[430724,4577092],[430721,4577074],[430719,4577065],[430716,4577041],[430715,4577038],[430714,4577034],[430713,4577031],[430711,4577023],[430710,4577016],[430708,4577004],[430707,4577000],[430707,4576981],[430706,4576975],[430704,4576968],[430702,4576962],[430701,4576955],[430701,4576951],[430700,4576946],[430696,4576932],[430695,4576926],[430693,4576913],[430691,4576903],[430690,4576900],[430690,4576894],[430690,4576891],[430685,4576875],[430684,4576871],[430683,4576868],[430683,4576866],[430684,4576864],[430686,4576863],[430688,4576861],[430690,4576861],[430694,4576860],[430712,4576859],[430727,4576858],[430729,4576858],[430730,4576858],[430732,4576857],[430733,4576855],[430733,4576854],[430734,4576852],[430734,4576851],[430730,4576830],[430728,4576822],[430727,4576813],[430724,4576800],[430716,4576773],[430715,4576767],[430713,4576749],[430705,4576701],[430704,4576689],[430703,4576684],[430698,4576685],[430698,4576684],[430693,4576685],[430693,4576686],[430689,4576687],[430688,4576686],[430638,4576694],[430638,4576695],[430637,4576695],[430633,4576673],[430635,4576673],[430637,4576668],[430638,4576663],[430640,4576660],[430642,4576657],[430643,4576651],[430645,4576649],[430646,4576648],[430646,4576646],[430645,4576632],[430637,4576590],[430634,4576579],[430633,4576570],[430631,4576557],[430629,4576550],[430629,4576538],[430628,4576520],[430628,4576514],[430627,4576509],[430625,4576500],[430621,4576470],[430619,4576456],[430616,4576441],[430613,4576424],[430611,4576418],[430609,4576412],[430608,4576408],[430604,4576383],[430602,4576373],[430602,4576371],[430600,4576369],[430599,4576367],[430598,4576365],[430597,4576360],[430596,4576355],[430596,4576352],[430596,4576348],[430597,4576346],[430597,4576343],[430596,4576338],[430596,4576337],[430598,4576335],[430602,4576331],[430606,4576327],[430609,4576323],[430610,4576322],[430610,4576320],[430612,4576311],[430613,4576304],[430613,4576302],[430612,4576299],[430611,4576295],[430611,4576294],[430612,4576292],[430613,4576291],[430614,4576290],[430616,4576290],[430624,4576289],[430632,4576288],[430637,4576288],[430639,4576287],[430639,4576286],[430639,4576285],[430639,4576283],[430638,4576277],[430636,4576262],[430636,4576259],[430638,4576255],[430629,4576178],[430561,4576189],[430561,4576189],[430567,4576224],[430568,4576225],[430572,4576228],[430572,4576230],[430572,4576230],[430572,4576232],[430571,4576233],[430569,4576234],[430567,4576236],[430564,4576237],[430562,4576237],[430558,4576236],[430557,4576235],[430555,4576233],[430554,4576230],[430553,4576225],[430551,4576216],[430547,4576194],[430547,4576190],[430548,4576185],[430549,4576183],[430550,4576181],[430552,4576178],[430554,4576177],[430558,4576175],[430560,4576174],[430572,4576172],[430607,4576165],[430643,4576159],[430644,4576158],[430643,4576154],[430641,4576143],[430641,4576140],[430638,4576126],[430637,4576118],[430635,4576110],[430632,4576093],[430632,4576091],[430631,4576084],[430631,4576084],[430631,4576084],[430630,4576084],[430629,4576074],[430628,4576068],[430626,4576061],[430626,4576059],[430625,4576051],[430623,4576043],[430620,4576027],[430620,4576026],[430618,4576013],[430617,4576009],[430616,4576001],[430615,4576000],[430613,4575986],[430610,4575972],[430609,4575967],[430607,4575958],[430605,4575944],[430604,4575941],[430603,4575932],[430600,4575921],[430600,4575917],[430598,4575909],[430597,4575903],[430596,4575899],[430596,4575894],[430595,4575890],[430593,4575882],[430593,4575880],[430591,4575872],[430591,4575867],[430590,4575865],[430589,4575859],[430587,4575850],[430587,4575850],[430585,4575837],[430584,4575833],[430584,4575828],[430583,4575823],[430583,4575822],[430581,4575814],[430579,4575806],[430578,4575800],[430577,4575797],[430577,4575792],[430577,4575792],[430576,4575790],[430576,4575789],[430576,4575788],[430575,4575783],[430574,4575778],[430573,4575773],[430573,4575771],[430572,4575766],[430571,4575765],[430571,4575763],[430570,4575759],[430569,4575754],[430569,4575752],[430568,4575748],[430567,4575743],[430566,4575736],[430566,4575733],[430565,4575730],[430564,4575728],[430564,4575725],[430563,4575722],[430563,4575719],[430562,4575716],[430562,4575713],[430561,4575708],[430561,4575706],[430561,4575705],[430560,4575702],[430559,4575698],[430559,4575694],[430558,4575690],[430557,4575685],[430556,4575678],[430555,4575675],[430554,4575671],[430553,4575665],[430552,4575657],[430550,4575647],[430548,4575638],[430547,4575631],[430546,4575627],[430544,4575617],[430544,4575614],[430539,4575591],[430539,4575588],[430538,4575582],[430534,4575559],[430533,4575558],[430532,4575548],[430530,4575537],[430528,4575529],[430528,4575525],[430525,4575512],[430524,4575505],[430523,4575500],[430521,4575493],[430520,4575486],[430517,4575476],[430517,4575471],[430514,4575457],[430512,4575445],[430511,4575441],[430510,4575434],[430508,4575425],[430506,4575412],[430506,4575412],[430506,4575412],[430504,4575402],[430502,4575392],[430500,4575382],[430498,4575371],[430495,4575355],[430495,4575353],[430494,4575348],[430493,4575342],[430491,4575333],[430490,4575324],[430490,4575323],[430487,4575321],[430488,4575316],[430489,4575310],[430491,4575305],[430493,4575298],[430493,4575296],[430494,4575292],[430495,4575287],[430496,4575282],[430497,4575278],[430498,4575273],[430500,4575270],[430500,4575268],[430501,4575265],[430502,4575258],[430504,4575251],[430504,4575245],[430505,4575241],[430506,4575238],[430506,4575238],[430507,4575234],[430507,4575232],[430509,4575228],[430509,4575226],[430510,4575225],[430511,4575221],[430511,4575217],[430513,4575216],[430513,4575213],[430513,4575212],[430514,4575208],[430516,4575202],[430517,4575197],[430520,4575192],[430522,4575184],[430522,4575182],[430524,4575174],[430525,4575172],[430526,4575169],[430527,4575160],[430528,4575154],[430528,4575154],[430530,4575149],[430531,4575143],[430532,4575138],[430533,4575134],[430534,4575128],[430535,4575124],[430535,4575124],[430536,4575116],[430538,4575110],[430540,4575104],[430542,4575097],[430543,4575094],[430544,4575084],[430548,4575075],[430550,4575068],[430550,4575066],[430550,4575066],[430550,4575064],[430551,4575060],[430552,4575052],[430553,4575047],[430554,4575044],[430555,4575039],[430555,4575039],[430555,4575037],[430556,4575035],[430556,4575032],[430557,4575030],[430559,4575019],[430561,4575019],[430562,4575016],[430560,4575014],[430562,4575011],[430562,4575010],[430561,4575008],[430563,4575007],[430565,4575003],[430566,4575000],[430566,4574998],[430566,4574995],[430567,4574989],[430569,4574986],[430569,4574983],[430568,4574980],[430570,4574978],[430571,4574974],[430572,4574972],[430572,4574968],[430573,4574967],[430573,4574965],[430574,4574962],[430574,4574961],[430575,4574958],[430576,4574956],[430576,4574955],[430577,4574952],[430578,4574949],[430579,4574946],[430579,4574943],[430580,4574940],[430581,4574936],[430581,4574934],[430582,4574930],[430583,4574930],[430583,4574928],[430584,4574923],[430587,4574913],[430587,4574910],[430588,4574906],[430589,4574901],[430591,4574899],[430591,4574899],[430591,4574895],[430591,4574893],[430592,4574888],[430594,4574885],[430595,4574881],[430594,4574880],[430596,4574875],[430596,4574874],[430601,4574860],[430602,4574854],[430603,4574853],[430603,4574849],[430604,4574842],[430604,4574841],[430606,4574837],[430606,4574836],[430608,4574835],[430607,4574831],[430609,4574828],[430610,4574818],[430611,4574818],[430611,4574817],[430613,4574813],[430611,4574812],[430613,4574806],[430614,4574800],[430615,4574794],[430616,4574791],[430617,4574786],[430617,4574786],[430618,4574782],[430621,4574777],[430621,4574772],[430622,4574772],[430623,4574770],[430622,4574769],[430624,4574764],[430624,4574762],[430626,4574757],[430628,4574752],[430629,4574750],[430628,4574749],[430629,4574744],[430631,4574736],[430631,4574734],[430632,4574730],[430632,4574728],[430635,4574728],[430636,4574726],[430634,4574723],[430634,4574721],[430633,4574720],[430635,4574715],[430636,4574715],[430637,4574713],[430638,4574710],[430639,4574706],[430639,4574705],[430640,4574701],[430643,4574685],[430644,4574680],[430645,4574677],[430646,4574675],[430648,4574666],[430650,4574659],[430651,4574655],[430652,4574653],[430652,4574651],[430653,4574648],[430654,4574644],[430660,4574619],[430662,4574610],[430663,4574607],[430663,4574603],[430665,4574597],[430665,4574595],[430667,4574586],[430669,4574577],[430671,4574570],[430673,4574565],[430674,4574563],[430675,4574562],[430675,4574561],[430674,4574561],[430675,4574554],[430676,4574547],[430678,4574544],[430680,4574541],[430679,4574540],[430679,4574539],[430679,4574535],[430681,4574531],[430686,4574513],[430687,4574510],[430688,4574505],[430688,4574505],[430694,4574481],[430699,4574461],[430702,4574447],[430703,4574443],[430704,4574441],[430705,4574429],[430709,4574425],[430709,4574424],[430708,4574422],[430711,4574415],[430711,4574409],[430712,4574404],[430716,4574393],[430717,4574391],[430722,4574368],[430722,4574368],[430728,4574348],[430732,4574333],[430733,4574328],[430732,4574320],[430730,4574319],[430727,4574318],[430726,4574317],[430724,4574317],[430723,4574316],[430723,4574316],[430723,4574315],[430723,4574313],[430723,4574308],[430723,4574303],[430724,4574300],[430725,4574296],[430728,4574293],[430729,4574291],[430733,4574288],[430737,4574285],[430739,4574284],[430744,4574283],[430749,4574282],[430753,4574283],[430756,4574283],[430759,4574284],[430761,4574285],[430764,4574287],[430766,4574288],[430770,4574293],[430773,4574296],[430775,4574300],[430776,4574303],[430777,4574306],[430778,4574310],[430778,4574314],[430777,4574316],[430775,4574323],[430773,4574330],[430769,4574346],[430765,4574362],[430760,4574380],[430756,4574399],[430748,4574435],[430731,4574503],[430715,4574570],[430709,4574594],[430704,4574618],[430696,4574649],[430689,4574679],[430678,4574722],[430667,4574764],[430657,4574806],[430647,4574849],[430637,4574892],[430626,4574936],[430616,4574974],[430607,4575013],[430602,4575034],[430597,4575054],[430591,4575079],[430585,4575104],[430577,4575133],[430570,4575163],[430563,4575189],[430557,4575216],[430550,4575248],[430542,4575280],[430539,4575294],[430535,4575308],[430532,4575317],[430532,4575320],[430532,4575323],[430532,4575330],[430533,4575336],[430534,4575343],[430538,4575356],[430540,4575364],[430540,4575369],[430540,4575375],[430540,4575381],[430540,4575385],[430541,4575395],[430542,4575405],[430543,4575411],[430546,4575420],[430552,4575442],[430558,4575465],[430559,4575469],[430570,4575528],[430581,4575588],[430595,4575665],[430609,4575742],[430624,4575820],[430638,4575899],[430651,4575973],[430664,4576047],[430673,4576095],[430675,4576107],[430686,4576167],[430690,4576191],[430694,4576214],[430696,4576227],[430699,4576239],[430705,4576264],[430708,4576274],[430710,4576283],[430712,4576288],[430713,4576294],[430713,4576296],[430713,4576298],[430712,4576300],[430711,4576302],[430710,4576304],[430710,4576307],[430710,4576310],[430710,4576313],[430711,4576315],[430712,4576319],[430713,4576322],[430713,4576326],[430714,4576329],[430714,4576332],[430714,4576335],[430715,4576338],[430716,4576341],[430716,4576342],[430717,4576343],[430717,4576345],[430717,4576346],[430717,4576349],[430717,4576352],[430718,4576354],[430718,4576356],[430719,4576358],[430720,4576360],[430721,4576363],[430722,4576365],[430722,4576367],[430722,4576369],[430722,4576371],[430723,4576374],[430723,4576377],[430723,4576380],[430723,4576382],[430724,4576384],[430724,4576385],[430724,4576387],[430724,4576388],[430724,4576390],[430724,4576392],[430724,4576394],[430725,4576397],[430726,4576398],[430727,4576399],[430728,4576400],[430728,4576401],[430729,4576403],[430729,4576404],[430729,4576406],[430729,4576407],[430729,4576410],[430729,4576412],[430729,4576414],[430730,4576415],[430730,4576417],[430731,4576418],[430730,4576421],[430729,4576422],[430729,4576424],[430728,4576425],[430728,4576426],[430728,4576428],[430729,4576430],[430730,4576432],[430730,4576434],[430730,4576436],[430731,4576439],[430731,4576441],[430731,4576443],[430731,4576445],[430731,4576447],[430732,4576450],[430733,4576451],[430734,4576452],[430735,4576452],[430736,4576453],[430736,4576455],[430735,4576456],[430735,4576458],[430735,4576460],[430737,4576462],[430737,4576464],[430737,4576466],[430737,4576467],[430737,4576470],[430737,4576473],[430737,4576476],[430738,4576478],[430739,4576480],[430740,4576482],[430741,4576483],[430742,4576484],[430742,4576486],[430742,4576487],[430743,4576489],[430744,4576492],[430744,4576493],[430744,4576495],[430744,4576496],[430742,4576497],[430742,4576498],[430741,4576499],[430741,4576501],[430742,4576502],[430743,4576503],[430744,4576504],[430746,4576504],[430747,4576506],[430747,4576507],[430747,4576509],[430747,4576511],[430746,4576512],[430745,4576513],[430744,4576514],[430744,4576515],[430745,4576517],[430745,4576519],[430745,4576520],[430746,4576522],[430747,4576523],[430748,4576524],[430749,4576525],[430749,4576526],[430749,4576528],[430749,4576530],[430749,4576532],[430748,4576534],[430748,4576536],[430748,4576537],[430748,4576538],[430749,4576540],[430750,4576541],[430752,4576543],[430752,4576545],[430750,4576546],[430749,4576548],[430749,4576550],[430749,4576552],[430750,4576553],[430750,4576555],[430750,4576556],[430750,4576558],[430751,4576559],[430752,4576562],[430753,4576564],[430755,4576565],[430757,4576565],[430757,4576567],[430758,4576569],[430758,4576571],[430757,4576572],[430757,4576574],[430756,4576576],[430757,4576578],[430758,4576580],[430759,4576582],[430760,4576583],[430760,4576585],[430760,4576587],[430761,4576590],[430762,4576592],[430763,4576594],[430765,4576596],[430766,4576598],[430767,4576600],[430767,4576602],[430768,4576604],[430768,4576606],[430767,4576609],[430766,4576611],[430765,4576614],[430764,4576617],[430764,4576619],[430764,4576622],[430765,4576626],[430765,4576629],[430766,4576631],[430767,4576633],[430768,4576634],[430769,4576635],[430770,4576637],[430770,4576640],[430769,4576642],[430769,4576643],[430769,4576646],[430769,4576649],[430769,4576652],[430769,4576654],[430769,4576656],[430770,4576659],[430771,4576661],[430773,4576664],[430774,4576666],[430776,4576669],[430777,4576670],[430777,4576672],[430777,4576673],[430777,4576675],[430777,4576677],[430777,4576680],[430776,4576682],[430776,4576685],[430775,4576687],[430775,4576689],[430776,4576690],[430776,4576692],[430778,4576693],[430779,4576695],[430780,4576696],[430781,4576697],[430781,4576699],[430780,4576701],[430780,4576703],[430780,4576704],[430780,4576707],[430781,4576709],[430782,4576713],[430783,4576717],[430783,4576720],[430784,4576723],[430784,4576725],[430785,4576726],[430784,4576728],[430784,4576729],[430783,4576731],[430784,4576734],[430784,4576736],[430784,4576739],[430784,4576742],[430785,4576744],[430785,4576746],[430786,4576749],[430786,4576751],[430787,4576754],[430787,4576756],[430787,4576761],[430788,4576766],[430789,4576768],[430789,4576770],[430791,4576771],[430792,4576772],[430793,4576773],[430794,4576775],[430795,4576776],[430795,4576778],[430795,4576780],[430795,4576781],[430795,4576783],[430795,4576785],[430795,4576787],[430795,4576789],[430795,4576791],[430795,4576793],[430795,4576795],[430795,4576797],[430795,4576798],[430795,4576800],[430795,4576801],[430796,4576803],[430796,4576804],[430797,4576806],[430798,4576807],[430798,4576809],[430799,4576810],[430799,4576811],[430799,4576813],[430799,4576816],[430800,4576817],[430801,4576818],[430802,4576819],[430803,4576820],[430804,4576822],[430804,4576823],[430805,4576825],[430805,4576827],[430804,4576828],[430804,4576830],[430804,4576831],[430804,4576832],[430804,4576835],[430804,4576837],[430804,4576839],[430803,4576842],[430803,4576844],[430803,4576845],[430805,4576846],[430806,4576846],[430808,4576847],[430808,4576848],[430808,4576849],[430806,4576850],[430805,4576850],[430804,4576853],[430804,4576854],[430804,4576855],[430805,4576856],[430806,4576857],[430807,4576858],[430808,4576859],[430809,4576861],[430809,4576863],[430809,4576864],[430809,4576866],[430809,4576869],[430809,4576872],[430810,4576875],[430811,4576877],[430812,4576880],[430812,4576882],[430813,4576885],[430814,4576888],[430814,4576891],[430815,4576893],[430814,4576894],[430814,4576895],[430814,4576896],[430813,4576898],[430814,4576899],[430815,4576900],[430815,4576902],[430815,4576903],[430814,4576905],[430814,4576907],[430814,4576908],[430815,4576910],[430816,4576912],[430818,4576915],[430819,4576917],[430820,4576920],[430821,4576923],[430821,4576927],[430821,4576932],[430821,4576934],[430820,4576937],[430820,4576940],[430820,4576944],[430820,4576946],[430820,4576949],[430821,4576951],[430822,4576953],[430823,4576957],[430823,4576960],[430823,4576963],[430824,4576966],[430824,4576969],[430824,4576972],[430825,4576973],[430826,4576974],[430827,4576976],[430827,4576977],[430828,4576980],[430829,4576983],[430830,4576986],[430830,4576989],[430831,4576992],[430831,4576995],[430832,4576997],[430832,4577000],[430833,4577003],[430834,4577005],[430835,4577007],[430836,4577009],[430836,4577011],[430837,4577014],[430837,4577016],[430837,4577018],[430838,4577021],[430838,4577025],[430838,4577027],[430838,4577030],[430838,4577032],[430839,4577035],[430839,4577038],[430839,4577041],[430840,4577044],[430840,4577046],[430840,4577049],[430841,4577052],[430842,4577054],[430843,4577056],[430844,4577058],[430845,4577059],[430846,4577061],[430846,4577063],[430847,4577068],[430847,4577073],[430847,4577075],[430847,4577078],[430848,4577081],[430848,4577084],[430849,4577087],[430849,4577089],[430849,4577092],[430849,4577094],[430849,4577096],[430849,4577098],[430849,4577100],[430849,4577101],[430849,4577104],[430850,4577105],[430851,4577106],[430852,4577108],[430852,4577109],[430853,4577111],[430853,4577113],[430853,4577114],[430853,4577116],[430853,4577117],[430853,4577119],[430854,4577121],[430856,4577123],[430857,4577124],[430859,4577125],[430859,4577126],[430860,4577128],[430860,4577129],[430860,4577131],[430860,4577132],[430860,4577134],[430860,4577135],[430860,4577137],[430860,4577138],[430860,4577140],[430860,4577141],[430861,4577142],[430862,4577143],[430863,4577143],[430863,4577144],[430861,4577145],[430860,4577146],[430861,4577148],[430860,4577150],[430860,4577152],[430860,4577154],[430861,4577157],[430862,4577160],[430862,4577163],[430863,4577166],[430863,4577168],[430864,4577170],[430865,4577171],[430867,4577173],[430867,4577174],[430867,4577175],[430865,4577177],[430865,4577179],[430864,4577182],[430863,4577183],[430863,4577185],[430863,4577186],[430863,4577187],[430866,4577188],[430867,4577191],[430866,4577193],[430866,4577195],[430865,4577197],[430865,4577198],[430865,4577200],[430865,4577202],[430865,4577204],[430866,4577205],[430867,4577205],[430869,4577206],[430869,4577207],[430869,4577208],[430868,4577210],[430868,4577211],[430867,4577213],[430867,4577217],[430868,4577221],[430868,4577223],[430870,4577226],[430871,4577227],[430872,4577227],[430873,4577229],[430874,4577230],[430874,4577232],[430874,4577233],[430872,4577235],[430871,4577236],[430871,4577237],[430872,4577238],[430873,4577240],[430874,4577240],[430875,4577242],[430874,4577243],[430874,4577245],[430874,4577247],[430875,4577249],[430876,4577251],[430876,4577253],[430876,4577254],[430876,4577257],[430876,4577259],[430876,4577262],[430876,4577264],[430876,4577266],[430876,4577267],[430876,4577268],[430877,4577270],[430877,4577271],[430879,4577272],[430880,4577273],[430882,4577275],[430882,4577275],[430883,4577276],[430884,4577278],[430884,4577280],[430883,4577281],[430881,4577283],[430881,4577285],[430881,4577287],[430882,4577288],[430882,4577290],[430883,4577292],[430884,4577294],[430885,4577296],[430885,4577297],[430885,4577299],[430885,4577300],[430885,4577302],[430886,4577303],[430886,4577304],[430887,4577306],[430888,4577308],[430888,4577310],[430887,4577311],[430887,4577312],[430887,4577313],[430888,4577315],[430890,4577315],[430891,4577315],[430892,4577316],[430893,4577318],[430894,4577319],[430894,4577320],[430893,4577322],[430893,4577324],[430893,4577326],[430892,4577328],[430890,4577329],[430889,4577331],[430889,4577332],[430890,4577333],[430891,4577334],[430892,4577334],[430894,4577335],[430894,4577337],[430894,4577340],[430895,4577341],[430895,4577343],[430893,4577344],[430892,4577345],[430891,4577347],[430891,4577349],[430891,4577351],[430893,4577352],[430895,4577353],[430896,4577354],[430896,4577355],[430895,4577356],[430895,4577358],[430893,4577359],[430894,4577361],[430894,4577362],[430894,4577364],[430894,4577367],[430894,4577370],[430895,4577372],[430896,4577374],[430897,4577376],[430897,4577378],[430897,4577380],[430896,4577382],[430897,4577383],[430899,4577383],[430900,4577384],[430901,4577385],[430901,4577387],[430901,4577389],[430901,4577390],[430901,4577393],[430901,4577395],[430901,4577397],[430901,4577400],[430901,4577402],[430901,4577403],[430903,4577405],[430904,4577406],[430906,4577407],[430907,4577408],[430907,4577410],[430908,4577412],[430908,4577414],[430908,4577416],[430908,4577418],[430908,4577420],[430908,4577421],[430909,4577424],[430909,4577426],[430909,4577428],[430909,4577430],[430910,4577434],[430911,4577437],[430911,4577439],[430911,4577441],[430910,4577443],[430910,4577445],[430910,4577446],[430910,4577448],[430911,4577449],[430912,4577449],[430913,4577450],[430914,4577451],[430913,4577453],[430913,4577454],[430913,4577456],[430914,4577457],[430914,4577458],[430914,4577460],[430913,4577461],[430912,4577462],[430913,4577464],[430913,4577465],[430913,4577466],[430911,4577467],[430911,4577469],[430910,4577470],[430910,4577471],[430911,4577473],[430912,4577474],[430913,4577475],[430914,4577477],[430914,4577479],[430914,4577480],[430913,4577482],[430913,4577484],[430915,4577485],[430917,4577486],[430917,4577487],[430917,4577489],[430917,4577492],[430917,4577494],[430918,4577498],[430918,4577502],[430918,4577504],[430918,4577506],[430918,4577510],[430919,4577513],[430920,4577516],[430921,4577518],[430922,4577520],[430922,4577522],[430922,4577523],[430922,4577525],[430922,4577527],[430922,4577529],[430922,4577531],[430923,4577532],[430924,4577534],[430924,4577535],[430924,4577537],[430924,4577539],[430925,4577541],[430926,4577542],[430927,4577543],[430927,4577545],[430927,4577547],[430928,4577548],[430928,4577549],[430928,4577551],[430928,4577552],[430929,4577554],[430929,4577556],[430929,4577557],[430929,4577559],[430929,4577560],[430929,4577561],[430929,4577563],[430929,4577564],[430929,4577565],[430930,4577567],[430931,4577568],[430932,4577568],[430934,4577569],[430935,4577571],[430934,4577572],[430934,4577574],[430934,4577576],[430934,4577577],[430935,4577579],[430935,4577581],[430936,4577582],[430936,4577584],[430936,4577586],[430935,4577587],[430935,4577589],[430935,4577590],[430935,4577591],[430937,4577592],[430938,4577592],[430940,4577592],[430942,4577592],[430943,4577593],[430943,4577594],[430942,4577596],[430941,4577597],[430941,4577598],[430941,4577600],[430941,4577601],[430940,4577602],[430939,4577604],[430938,4577605],[430938,4577606],[430939,4577608],[430940,4577610],[430940,4577611],[430940,4577613],[430940,4577614],[430940,4577616],[430941,4577617],[430943,4577619],[430944,4577621],[430944,4577622],[430945,4577623],[430947,4577624],[430948,4577625],[430949,4577626],[430950,4577627],[430950,4577628],[430948,4577630],[430948,4577631],[430947,4577633],[430947,4577634],[430947,4577636],[430947,4577638],[430947,4577640],[430946,4577641],[430946,4577642],[430946,4577644],[430946,4577646],[430946,4577649],[430947,4577652],[430947,4577654],[430947,4577656],[430948,4577657],[430949,4577659],[430951,4577660],[430952,4577661],[430954,4577663],[430954,4577665],[430954,4577667],[430953,4577669],[430953,4577670],[430953,4577672],[430952,4577674],[430953,4577675],[430953,4577677],[430954,4577679],[430956,4577680],[430957,4577682],[430957,4577683],[430957,4577686],[430957,4577688],[430956,4577690],[430955,4577692],[430954,4577694],[430954,4577697],[430954,4577699],[430954,4577701],[430955,4577702],[430957,4577703],[430958,4577703],[430959,4577704],[430960,4577706],[430960,4577708],[430961,4577710],[430961,4577713],[430962,4577716],[430962,4577718],[430962,4577720],[430962,4577722],[430962,4577724],[430961,4577725],[430961,4577727],[430960,4577729],[430960,4577731],[430960,4577732],[430961,4577734],[430962,4577735],[430964,4577736],[430965,4577738],[430966,4577741],[430967,4577743],[430967,4577745],[430967,4577746],[430966,4577747],[430965,4577749],[430965,4577750],[430965,4577752],[430966,4577754],[430967,4577756],[430968,4577758],[430969,4577760],[430970,4577763],[430972,4577765],[430974,4577768],[430975,4577770],[430975,4577772],[430974,4577773],[430973,4577775],[430972,4577777],[430972,4577778],[430972,4577782],[430972,4577785],[430971,4577790],[430971,4577794],[430971,4577800],[430971,4577806],[430972,4577808],[430973,4577811],[430974,4577812],[430976,4577813],[430977,4577815],[430978,4577817],[430978,4577818],[430976,4577818],[430975,4577819],[430975,4577821],[430975,4577823],[430975,4577826],[430976,4577829],[430977,4577832],[430978,4577835],[430978,4577837],[430979,4577840],[430980,4577844],[430981,4577847],[430983,4577850],[430984,4577853],[430985,4577854],[430985,4577857],[430985,4577858],[430985,4577860],[430985,4577862],[430985,4577864],[430985,4577868],[430985,4577871],[430985,4577873],[430985,4577876],[430985,4577879],[430986,4577881],[430987,4577883],[430988,4577884],[430989,4577885],[430991,4577886],[430991,4577888],[430991,4577890],[430990,4577891],[430989,4577892],[430989,4577894],[430989,4577896],[430989,4577897],[430990,4577899],[430991,4577901],[430992,4577903],[430993,4577905],[430994,4577907],[430994,4577909],[430994,4577910],[430994,4577912],[430994,4577914],[430994,4577915],[430993,4577917],[430993,4577918],[430994,4577920],[430995,4577921],[430996,4577921],[430998,4577921],[431001,4577920],[431001,4577921],[431002,4577922]]]]}},{"type":"Feature","properties":{"barri":"la Marina de Port","districte":"Sants-Montjuïc"},"geometry":{"type":"Polygon","coordinates":[[[428042,4579742],[428085,4579885],[428125,4580010],[428121,4580027],[428028,4579936],[427879,4579790],[427715,4579630],[427552,4579473],[427577,4579448],[427688,4579333],[427650,4579251],[427639,4579232],[427632,4579221],[427624,4579210],[427614,4579199],[427607,4579192],[427495,4579084],[427479,4579068],[427507,4579015],[427469,4578995],[427511,4578916],[427498,4578909],[427497,4578865],[427495,4578797],[427487,4578737],[427475,4578695],[427493,4578660],[427399,4578613],[427480,4578452],[427549,4578313],[427575,4578333],[427767,4578434],[427863,4578484],[428072,4578594],[428215,4578671],[428226,4578649],[428277,4578554],[428312,4578488],[428342,4578433],[428366,4578445],[428391,4578457],[428413,4578466],[428493,4578493],[428568,4578539],[428582,4578549],[428596,4578563],[428587,4578586],[428580,4578611],[428573,4578638],[428570,4578663],[428553,4578702],[428541,4578719],[428511,4578766],[428498,4578782],[428484,4578803],[428475,4578827],[428469,4578852],[428468,4578889],[428468,4578892],[428468,4578897],[428469,4578914],[428470,4578927],[428469,4578942],[428467,4578954],[428465,4578963],[428461,4578973],[428460,4578978],[428486,4578996],[428501,4579007],[428514,4579017],[428531,4579029],[428543,4579038],[428545,4579040],[428555,4579047],[428557,4579049],[428563,4579053],[428568,4579056],[428579,4579062],[428591,4579066],[428602,4579070],[428612,4579073],[428620,4579074],[428629,4579075],[428639,4579076],[428648,4579075],[428658,4579075],[428667,4579073],[428675,4579072],[428681,4579070],[428692,4579067],[428715,4579059],[428735,4579053],[428754,4579047],[428775,4579042],[428789,4579040],[428804,4579038],[428817,4579039],[428826,4579041],[428834,4579044],[428841,4579047],[428845,4579050],[428847,4579053],[428850,4579057],[428852,4579061],[428854,4579066],[428855,4579070],[428856,4579075],[428855,4579080],[428847,4579140],[428843,4579152],[428839,4579166],[428833,4579179],[428829,4579191],[428823,4579203],[428817,4579215],[428809,4579228],[428802,4579239],[428793,4579252],[428785,4579261],[428773,4579274],[428759,4579289],[428743,4579307],[428734,4579316],[428729,4579321],[428717,4579334],[428704,4579347],[428700,4579350],[428697,4579352],[428692,4579356],[428682,4579362],[428676,4579366],[428666,4579373],[428655,4579379],[428644,4579384],[428635,4579389],[428624,4579394],[428615,4579399],[428604,4579404],[428596,4579411],[428589,4579418],[428584,4579425],[428584,4579425],[428576,4579430],[428569,4579432],[428567,4579433],[428566,4579433],[428562,4579434],[428559,4579434],[428553,4579435],[428543,4579435],[428537,4579435],[428527,4579435],[428518,4579438],[428501,4579447],[428488,4579454],[428474,4579462],[428462,4579469],[428441,4579480],[428424,4579491],[428412,4579500],[428399,4579514],[428387,4579528],[428369,4579548],[428360,4579558],[428352,4579566],[428345,4579574],[428336,4579580],[428321,4579590],[428308,4579598],[428316,4579600],[428317,4579600],[428328,4579616],[428304,4579632],[428303,4579633],[428277,4579655],[428277,4579655],[428275,4579656],[428275,4579657],[428266,4579665],[428251,4579677],[428247,4579673],[428245,4579671],[428244,4579672],[428242,4579674],[428241,4579674],[428240,4579676],[428238,4579677],[428237,4579678],[428236,4579679],[428236,4579679],[428236,4579681],[428236,4579682],[428236,4579684],[428242,4579694],[428246,4579701],[428246,4579702],[428249,4579709],[428250,4579714],[428253,4579748],[428246,4579749],[428244,4579749],[428242,4579753],[428242,4579755],[428241,4579757],[428241,4579762],[428240,4579768],[428240,4579768],[428239,4579771],[428239,4579776],[428239,4579779],[428239,4579779],[428239,4579782],[428239,4579786],[428239,4579791],[428239,4579795],[428239,4579799],[428239,4579801],[428238,4579808],[428238,4579811],[428224,4579811],[428224,4579811],[428223,4579803],[428222,4579797],[428219,4579784],[428215,4579772],[428206,4579758],[428198,4579749],[428189,4579743],[428179,4579738],[428168,4579734],[428160,4579734],[428151,4579733],[428051,4579730],[428042,4579742]]]}},{"type":"Feature","properties":{"barri":"la Font de la Guatlla","districte":"Sants-Montjuïc"},"geometry":{"type":"Polygon","coordinates":[[[428820,4580133],[428831,4580141],[428840,4580151],[428848,4580162],[428853,4580171],[428856,4580179],[428859,4580187],[428864,4580213],[428867,4580234],[428870,4580251],[428872,4580259],[428875,4580265],[428878,4580274],[428882,4580280],[428888,4580287],[428902,4580296],[428948,4580319],[428948,4580320],[428937,4580338],[428921,4580354],[428901,4580375],[428861,4580416],[428793,4580485],[428760,4580519],[428693,4580588],[428599,4580495],[428478,4580377],[428404,4580304],[428276,4580180],[428253,4580157],[428153,4580059],[428121,4580027],[428125,4580010],[428085,4579885],[428042,4579742],[428051,4579730],[428151,4579733],[428160,4579734],[428168,4579734],[428179,4579738],[428189,4579743],[428198,4579749],[428206,4579758],[428215,4579772],[428219,4579784],[428222,4579797],[428223,4579803],[428224,4579811],[428224,4579811],[428238,4579811],[428238,4579808],[428239,4579801],[428239,4579799],[428239,4579795],[428239,4579791],[428239,4579786],[428239,4579782],[428239,4579779],[428239,4579779],[428239,4579776],[428239,4579771],[428240,4579768],[428240,4579768],[428241,4579762],[428241,4579757],[428242,4579755],[428242,4579753],[428244,4579749],[428246,4579749],[428253,4579748],[428270,4579747],[428273,4579751],[428273,4579752],[428276,4579757],[428280,4579762],[428285,4579772],[428287,4579775],[428289,4579779],[428295,4579789],[428300,4579799],[428306,4579810],[428308,4579813],[428308,4579814],[428308,4579814],[428310,4579816],[428310,4579817],[428311,4579818],[428311,4579819],[428312,4579819],[428312,4579819],[428313,4579818],[428316,4579817],[428318,4579816],[428318,4579816],[428318,4579816],[428319,4579818],[428322,4579829],[428328,4579844],[428334,4579858],[428336,4579864],[428336,4579864],[428337,4579866],[428337,4579866],[428339,4579869],[428340,4579869],[428341,4579869],[428352,4579870],[428352,4579875],[428353,4579883],[428355,4579893],[428362,4579907],[428366,4579913],[428376,4579923],[428385,4579931],[428400,4579940],[428420,4579953],[428439,4579965],[428458,4579977],[428475,4579986],[428521,4580021],[428525,4580033],[428531,4580047],[428537,4580058],[428545,4580068],[428552,4580076],[428563,4580086],[428565,4580088],[428568,4580090],[428573,4580094],[428576,4580096],[428589,4580104],[428604,4580111],[428606,4580112],[428620,4580117],[428637,4580123],[428640,4580124],[428653,4580127],[428665,4580128],[428678,4580129],[428697,4580129],[428717,4580127],[428740,4580123],[428763,4580120],[428780,4580120],[428796,4580122],[428809,4580127],[428820,4580133]]]}},{"type":"Feature","properties":{"barri":"Hostafrancs","districte":"Sants-Montjuïc"},"geometry":{"type":"Polygon","coordinates":[[[428493,4581162],[428368,4581289],[428332,4581326],[428323,4581316],[428311,4581305],[428300,4581294],[428275,4581269],[428273,4581268],[428272,4581267],[428271,4581265],[428270,4581264],[428265,4581257],[428265,4581242],[428263,4581226],[428260,4581215],[428255,4581203],[428254,4581199],[428255,4581196],[428263,4581186],[428270,4581176],[428282,4581160],[428289,4581152],[428284,4581148],[428273,4581140],[428268,4581136],[428267,4581136],[428267,4581136],[428267,4581136],[428266,4581135],[428266,4581135],[428266,4581135],[428265,4581135],[428264,4581134],[428263,4581133],[428263,4581132],[428263,4581132],[428263,4581132],[428262,4581132],[428262,4581132],[428262,4581132],[428262,4581131],[428262,4581131],[428262,4581131],[428262,4581131],[428261,4581131],[428261,4581130],[428260,4581130],[428260,4581130],[428260,4581129],[428260,4581129],[428260,4581128],[428259,4581128],[428259,4581127],[428259,4581127],[428259,4581127],[428259,4581126],[428259,4581126],[428259,4581126],[428259,4581125],[428258,4581124],[428258,4581123],[428258,4581123],[428258,4581122],[428258,4581121],[428258,4581121],[428253,4581121],[428253,4581121],[428249,4581121],[428245,4581121],[428244,4581122],[428242,4581122],[428242,4581122],[428241,4581122],[428241,4581122],[428238,4580959],[428239,4580959],[428243,4580959],[428243,4580959],[428245,4580959],[428246,4580959],[428248,4580959],[428250,4580959],[428261,4580946],[428263,4580943],[428265,4580940],[428266,4580939],[428276,4580926],[428276,4580921],[428258,4580920],[428238,4580919],[428233,4580918],[428231,4580918],[428182,4580914],[428170,4580913],[428126,4580909],[428126,4580902],[428124,4580853],[428123,4580791],[428122,4580778],[428122,4580778],[428137,4580777],[428152,4580776],[428153,4580770],[428154,4580759],[428156,4580748],[428158,4580744],[428164,4580737],[428165,4580735],[428171,4580729],[428173,4580724],[428173,4580719],[428172,4580712],[428171,4580699],[428169,4580689],[428169,4580687],[428167,4580672],[428166,4580669],[428166,4580668],[428166,4580666],[428166,4580665],[428166,4580664],[428166,4580663],[428166,4580662],[428166,4580661],[428166,4580660],[428166,4580657],[428166,4580656],[428166,4580655],[428166,4580654],[428167,4580652],[428167,4580651],[428167,4580650],[428167,4580649],[428168,4580643],[428170,4580637],[428170,4580637],[428170,4580635],[428171,4580634],[428171,4580632],[428171,4580631],[428172,4580629],[428172,4580627],[428173,4580626],[428173,4580624],[428177,4580610],[428189,4580610],[428205,4580609],[428205,4580598],[428204,4580579],[428204,4580555],[428203,4580550],[428203,4580533],[428203,4580533],[428203,4580524],[428203,4580512],[428203,4580508],[428203,4580505],[428204,4580503],[428207,4580500],[428217,4580489],[428244,4580459],[428250,4580464],[428288,4580487],[428285,4580430],[428284,4580401],[428284,4580390],[428283,4580369],[428282,4580350],[428281,4580349],[428280,4580316],[428280,4580315],[428278,4580281],[428278,4580279],[428277,4580264],[428276,4580237],[428276,4580216],[428276,4580198],[428276,4580180],[428404,4580304],[428478,4580377],[428599,4580495],[428693,4580588],[428748,4580642],[428782,4580683],[428805,4580715],[428801,4580725],[428799,4580735],[428799,4580744],[428800,4580753],[428802,4580761],[428806,4580769],[428813,4580776],[428823,4580785],[428833,4580791],[428842,4580796],[428848,4580798],[428856,4580799],[428834,4580822],[428774,4580874],[428692,4580957],[428676,4580974],[428583,4581069],[428493,4581162]]]}},{"type":"Feature","properties":{"barri":"la Bordeta","districte":"Sants-Montjuïc"},"geometry":{"type":"Polygon","coordinates":[[[428217,4580489],[428207,4580500],[428204,4580503],[428203,4580505],[428203,4580508],[428203,4580512],[428203,4580524],[428203,4580533],[428203,4580533],[428203,4580550],[428204,4580555],[428204,4580579],[428205,4580598],[428205,4580609],[428189,4580610],[428177,4580610],[428176,4580610],[428164,4580611],[428151,4580611],[428139,4580612],[428136,4580612],[428116,4580612],[428113,4580612],[428109,4580611],[428103,4580608],[428109,4580576],[428110,4580570],[428115,4580547],[428116,4580544],[428084,4580530],[428068,4580523],[428066,4580522],[428048,4580514],[428037,4580509],[428032,4580507],[428019,4580501],[428014,4580499],[427999,4580493],[427985,4580487],[427971,4580481],[427951,4580472],[427937,4580466],[427927,4580462],[427902,4580452],[427910,4580433],[427919,4580410],[427918,4580410],[427917,4580410],[427917,4580410],[427912,4580408],[427910,4580407],[427905,4580405],[427893,4580400],[427871,4580391],[427867,4580389],[427858,4580385],[427853,4580383],[427838,4580376],[427815,4580367],[427808,4580364],[427791,4580357],[427770,4580348],[427755,4580342],[427717,4580326],[427705,4580321],[427688,4580314],[427681,4580314],[427668,4580312],[427652,4580311],[427632,4580309],[427630,4580309],[427627,4580309],[427624,4580310],[427623,4580313],[427622,4580315],[427622,4580317],[427606,4580319],[427580,4580322],[427580,4580322],[427552,4580326],[427552,4580326],[427547,4580325],[427518,4580318],[427518,4580318],[427499,4580313],[427492,4580311],[427483,4580309],[427481,4580308],[427452,4580300],[427428,4580293],[427401,4580327],[427401,4580327],[427400,4580329],[427397,4580338],[427397,4580338],[427396,4580340],[427396,4580343],[427393,4580352],[427390,4580363],[427389,4580369],[427388,4580369],[427388,4580372],[427382,4580363],[427381,4580362],[427380,4580362],[427380,4580361],[427375,4580354],[427375,4580354],[427375,4580354],[427375,4580354],[427369,4580346],[427368,4580344],[427366,4580341],[427365,4580340],[427359,4580332],[427357,4580329],[427351,4580322],[427329,4580299],[427322,4580295],[427292,4580261],[427247,4580212],[427242,4580206],[427249,4580198],[427256,4580192],[427262,4580185],[427268,4580178],[427276,4580167],[427281,4580161],[427285,4580155],[427290,4580147],[427295,4580138],[427299,4580130],[427304,4580122],[427313,4580105],[427328,4580077],[427337,4580058],[427345,4580040],[427360,4580009],[427364,4579998],[427365,4579996],[427376,4579971],[427397,4579891],[427408,4579838],[427431,4579792],[427478,4579699],[427477,4579680],[427479,4579674],[427533,4579522],[427541,4579485],[427552,4579473],[427715,4579630],[427879,4579790],[428028,4579936],[428121,4580027],[428153,4580059],[428253,4580157],[428276,4580180],[428276,4580198],[428276,4580216],[428276,4580237],[428277,4580264],[428278,4580279],[428278,4580281],[428280,4580315],[428280,4580316],[428281,4580349],[428282,4580350],[428283,4580369],[428284,4580390],[428284,4580401],[428285,4580430],[428288,4580487],[428250,4580464],[428244,4580459],[428217,4580489]]]}},{"type":"Feature","properties":{"barri":"Sants - Badal","districte":"Sants-Montjuïc"},"geometry":{"type":"Polygon","coordinates":[[[427274,4580867],[427263,4580911],[427258,4580929],[427247,4580968],[427247,4580968],[427240,4580997],[427219,4581075],[427219,4581076],[427209,4581116],[427204,4581134],[427204,4581134],[427193,4581180],[427182,4581240],[427182,4581240],[427130,4581204],[427049,4581150],[427043,4581145],[426999,4581111],[426894,4581031],[426856,4581002],[426836,4580987],[426783,4580946],[426723,4580899],[426638,4580833],[426562,4580836],[426566,4580823],[426586,4580805],[426608,4580790],[426682,4580741],[426685,4580738],[426703,4580714],[426712,4580703],[426719,4580693],[426725,4580684],[426729,4580677],[426730,4580674],[426737,4580659],[426760,4580605],[426762,4580601],[426763,4580599],[426764,4580598],[426765,4580597],[426766,4580596],[426767,4580595],[426768,4580594],[426769,4580593],[426777,4580587],[426816,4580559],[426822,4580554],[426865,4580522],[426885,4580503],[426911,4580478],[426921,4580469],[426947,4580446],[426958,4580437],[426981,4580415],[426992,4580404],[427018,4580380],[427022,4580377],[427027,4580374],[427072,4580340],[427087,4580330],[427119,4580314],[427149,4580300],[427178,4580278],[427188,4580267],[427196,4580258],[427234,4580214],[427242,4580206],[427247,4580212],[427292,4580261],[427322,4580295],[427329,4580299],[427351,4580322],[427357,4580329],[427359,4580332],[427365,4580340],[427366,4580341],[427368,4580344],[427369,4580346],[427375,4580354],[427375,4580354],[427375,4580354],[427375,4580354],[427380,4580361],[427380,4580362],[427381,4580362],[427382,4580363],[427388,4580372],[427393,4580378],[427397,4580384],[427393,4580399],[427392,4580403],[427385,4580430],[427368,4580501],[427368,4580501],[427362,4580528],[427351,4580566],[427351,4580566],[427328,4580655],[427285,4580808],[427285,4580809],[427274,4580867]]]}},{"type":"Feature","properties":{"barri":"Sants","districte":"Sants-Montjuïc"},"geometry":{"type":"Polygon","coordinates":[[[428258,4581122],[428258,4581123],[428258,4581123],[428258,4581124],[428259,4581125],[428259,4581126],[428259,4581126],[428259,4581126],[428259,4581127],[428259,4581127],[428259,4581127],[428259,4581128],[428260,4581128],[428260,4581129],[428260,4581129],[428260,4581130],[428260,4581130],[428261,4581130],[428261,4581131],[428262,4581131],[428262,4581131],[428262,4581131],[428262,4581131],[428262,4581132],[428262,4581132],[428262,4581132],[428263,4581132],[428263,4581132],[428263,4581132],[428263,4581133],[428264,4581134],[428265,4581135],[428266,4581135],[428266,4581135],[428266,4581135],[428267,4581136],[428267,4581136],[428267,4581136],[428268,4581136],[428273,4581140],[428284,4581148],[428289,4581152],[428282,4581160],[428270,4581176],[428263,4581186],[428255,4581196],[428254,4581199],[428255,4581203],[428260,4581215],[428263,4581226],[428265,4581242],[428265,4581257],[428270,4581264],[428271,4581265],[428272,4581267],[428273,4581268],[428275,4581269],[428300,4581294],[428311,4581305],[428323,4581316],[428332,4581326],[428331,4581327],[428292,4581367],[428284,4581375],[428283,4581377],[428284,4581390],[428294,4581563],[428306,4581747],[428306,4581757],[428308,4581787],[428315,4581892],[428316,4581920],[428288,4581893],[428153,4581761],[428122,4581738],[428014,4581657],[427893,4581586],[427890,4581585],[427857,4581569],[427837,4581559],[427779,4581532],[427746,4581516],[427715,4581501],[427657,4581473],[427551,4581433],[427486,4581408],[427455,4581396],[427403,4581376],[427393,4581373],[427323,4581337],[427313,4581330],[427247,4581285],[427186,4581243],[427182,4581240],[427182,4581240],[427193,4581180],[427204,4581134],[427204,4581134],[427209,4581116],[427219,4581076],[427219,4581075],[427240,4580997],[427247,4580968],[427247,4580968],[427258,4580929],[427263,4580911],[427274,4580867],[427285,4580809],[427285,4580808],[427328,4580655],[427351,4580566],[427351,4580566],[427362,4580528],[427368,4580501],[427368,4580501],[427385,4580430],[427392,4580403],[427393,4580399],[427397,4580384],[427393,4580378],[427388,4580372],[427388,4580369],[427389,4580369],[427390,4580363],[427393,4580352],[427396,4580343],[427396,4580340],[427397,4580338],[427397,4580338],[427400,4580329],[427401,4580327],[427401,4580327],[427428,4580293],[427452,4580300],[427481,4580308],[427483,4580309],[427492,4580311],[427499,4580313],[427518,4580318],[427518,4580318],[427547,4580325],[427552,4580326],[427552,4580326],[427580,4580322],[427580,4580322],[427606,4580319],[427622,4580317],[427622,4580315],[427623,4580313],[427624,4580310],[427627,4580309],[427630,4580309],[427632,4580309],[427652,4580311],[427668,4580312],[427681,4580314],[427688,4580314],[427705,4580321],[427717,4580326],[427755,4580342],[427770,4580348],[427791,4580357],[427808,4580364],[427815,4580367],[427838,4580376],[427853,4580383],[427858,4580385],[427867,4580389],[427871,4580391],[427893,4580400],[427905,4580405],[427910,4580407],[427912,4580408],[427917,4580410],[427917,4580410],[427918,4580410],[427919,4580410],[427910,4580433],[427902,4580452],[427927,4580462],[427937,4580466],[427951,4580472],[427971,4580481],[427985,4580487],[427999,4580493],[428014,4580499],[428019,4580501],[428032,4580507],[428037,4580509],[428048,4580514],[428066,4580522],[428068,4580523],[428084,4580530],[428116,4580544],[428115,4580547],[428110,4580570],[428109,4580576],[428103,4580608],[428109,4580611],[428113,4580612],[428116,4580612],[428136,4580612],[428139,4580612],[428151,4580611],[428164,4580611],[428176,4580610],[428177,4580610],[428173,4580624],[428173,4580626],[428172,4580627],[428172,4580629],[428171,4580631],[428171,4580632],[428171,4580634],[428170,4580635],[428170,4580637],[428170,4580637],[428168,4580643],[428167,4580649],[428167,4580650],[428167,4580651],[428167,4580652],[428166,4580654],[428166,4580655],[428166,4580656],[428166,4580657],[428166,4580660],[428166,4580661],[428166,4580662],[428166,4580663],[428166,4580664],[428166,4580665],[428166,4580666],[428166,4580668],[428166,4580669],[428167,4580672],[428169,4580687],[428169,4580689],[428171,4580699],[428172,4580712],[428173,4580719],[428173,4580724],[428171,4580729],[428165,4580735],[428164,4580737],[428158,4580744],[428156,4580748],[428154,4580759],[428153,4580770],[428152,4580776],[428137,4580777],[428122,4580778],[428122,4580778],[428123,4580791],[428124,4580853],[428126,4580902],[428126,4580909],[428170,4580913],[428182,4580914],[428231,4580918],[428233,4580918],[428238,4580919],[428258,4580920],[428276,4580921],[428276,4580926],[428266,4580939],[428265,4580940],[428263,4580943],[428261,4580946],[428250,4580959],[428248,4580959],[428246,4580959],[428245,4580959],[428243,4580959],[428243,4580959],[428239,4580959],[428238,4580959],[428241,4581122],[428241,4581122],[428242,4581122],[428242,4581122],[428244,4581122],[428245,4581121],[428249,4581121],[428253,4581121],[428253,4581121],[428258,4581121],[428258,4581121],[428258,4581122]]]}},{"type":"Feature","properties":{"barri":"les Corts","districte":"Les Corts"},"geometry":{"type":"Polygon","coordinates":[[[427890,4582570],[427803,4582589],[427474,4582659],[427416,4582671],[427323,4582691],[427286,4582709],[427281,4582713],[427274,4582715],[427265,4582715],[427258,4582713],[427252,4582711],[427247,4582708],[427242,4582706],[427236,4582701],[427232,4582698],[427231,4582687],[427231,4582684],[427232,4582680],[427233,4582677],[427220,4582666],[427211,4582657],[427200,4582645],[427192,4582634],[427181,4582618],[427152,4582557],[427119,4582485],[427099,4582430],[427069,4582323],[427063,4582297],[427052,4582295],[427036,4582290],[427026,4582287],[427018,4582282],[427010,4582276],[427004,4582269],[427002,4582264],[427015,4582225],[427022,4582204],[427022,4582202],[427022,4582201],[427023,4582201],[427023,4582200],[427023,4582200],[427024,4582199],[427024,4582199],[427024,4582199],[427025,4582198],[427025,4582198],[427026,4582198],[427026,4582197],[427027,4582197],[427027,4582197],[427027,4582196],[427028,4582196],[427028,4582196],[427029,4582196],[427030,4582195],[427031,4582195],[427032,4582195],[427033,4582194],[427034,4582194],[427036,4582194],[427037,4582193],[427038,4582193],[427027,4582128],[427026,4582121],[427026,4582111],[427025,4582107],[427024,4582084],[427024,4582077],[427023,4582060],[427023,4582054],[427022,4582030],[427022,4582028],[427022,4582007],[427023,4582003],[427023,4581964],[427027,4581912],[427028,4581908],[427031,4581877],[427033,4581864],[427033,4581860],[427038,4581835],[427039,4581834],[427063,4581728],[427094,4581590],[427098,4581573],[427098,4581573],[427104,4581548],[427134,4581434],[427152,4581361],[427155,4581351],[427181,4581245],[427182,4581240],[427186,4581243],[427247,4581285],[427313,4581330],[427323,4581337],[427393,4581373],[427403,4581376],[427455,4581396],[427486,4581408],[427551,4581433],[427657,4581473],[427715,4581501],[427746,4581516],[427779,4581532],[427837,4581559],[427857,4581569],[427890,4581585],[427893,4581586],[428014,4581657],[428122,4581738],[428153,4581761],[428288,4581893],[428316,4581920],[428316,4581920],[428316,4581920],[428317,4581924],[428327,4582030],[428344,4582149],[428366,4582264],[428395,4582411],[428406,4582462],[428419,4582520],[428433,4582569],[428466,4582670],[428459,4582673],[428453,4582678],[428450,4582681],[428446,4582686],[428443,4582690],[428442,4582691],[428296,4582644],[428049,4582564],[427999,4582548],[427890,4582570]]]}},{"type":"Feature","properties":{"barri":"la Maternitat i Sant Ramon","districte":"Les Corts"},"geometry":{"type":"Polygon","coordinates":[[[427181,4581245],[427155,4581351],[427152,4581361],[427134,4581434],[427104,4581548],[427098,4581573],[427098,4581573],[427094,4581590],[427063,4581728],[427039,4581834],[427038,4581835],[427033,4581860],[427033,4581864],[427031,4581877],[427028,4581908],[427027,4581912],[427023,4581964],[427023,4582003],[427022,4582007],[427022,4582028],[427022,4582030],[427023,4582054],[427023,4582060],[427024,4582077],[427024,4582084],[427025,4582107],[427026,4582111],[427026,4582121],[427027,4582128],[427038,4582193],[427037,4582193],[427036,4582194],[427034,4582194],[427033,4582194],[427032,4582195],[427031,4582195],[427030,4582195],[427029,4582196],[427028,4582196],[427028,4582196],[427027,4582196],[427027,4582197],[427027,4582197],[427026,4582197],[427026,4582198],[427025,4582198],[427025,4582198],[427024,4582199],[427024,4582199],[427024,4582199],[427023,4582200],[427023,4582200],[427023,4582201],[427022,4582201],[427022,4582202],[427022,4582204],[427015,4582225],[426873,4582179],[426705,4582125],[426598,4582091],[425758,4581817],[425661,4581785],[425227,4581642],[425115,4581607],[424890,4581534],[424891,4581528],[424908,4581480],[424958,4581407],[424962,4581402],[424967,4581397],[425011,4581361],[425017,4581360],[425024,4581359],[425028,4581357],[425033,4581356],[425036,4581354],[425041,4581352],[425046,4581350],[425050,4581348],[425056,4581345],[425060,4581342],[425064,4581339],[425068,4581337],[425071,4581334],[425076,4581329],[425079,4581326],[425083,4581323],[425203,4581203],[425244,4581243],[425253,4581236],[425370,4581156],[425423,4581119],[425425,4581114],[425430,4581104],[425437,4581093],[425444,4581083],[425453,4581071],[425464,4581057],[425472,4581046],[425479,4581035],[425488,4581021],[425493,4581011],[425499,4580996],[425504,4580982],[425509,4580970],[425512,4580955],[425514,4580945],[425517,4580928],[425518,4580917],[425519,4580907],[425519,4580902],[425519,4580897],[425518,4580875],[425875,4580861],[426192,4580850],[426228,4580849],[426388,4580972],[426391,4580974],[426503,4581060],[426535,4581091],[426539,4581075],[426542,4581057],[426546,4581045],[426552,4581019],[426552,4581010],[426549,4580920],[426548,4580883],[426551,4580867],[426555,4580857],[426562,4580836],[426638,4580833],[426723,4580899],[426783,4580946],[426836,4580987],[426856,4581002],[426894,4581031],[426999,4581111],[427043,4581145],[427049,4581150],[427130,4581204],[427182,4581240],[427181,4581245]]]}},{"type":"Feature","properties":{"barri":"Pedralbes","districte":"Les Corts"},"geometry":{"type":"Polygon","coordinates":[[[425055,4583673],[425047,4583674],[425043,4583673],[425038,4583673],[425035,4583672],[425032,4583671],[425030,4583671],[425027,4583672],[425025,4583672],[425023,4583672],[425020,4583673],[425019,4583673],[425014,4583672],[425012,4583668],[425011,4583659],[425011,4583648],[425011,4583635],[425010,4583625],[425008,4583617],[425005,4583608],[425000,4583600],[424992,4583587],[424981,4583572],[424970,4583557],[424963,4583546],[424959,4583540],[424953,4583532],[424948,4583523],[424945,4583513],[424942,4583504],[424937,4583496],[424932,4583489],[424927,4583484],[424918,4583472],[424912,4583463],[424907,4583457],[424898,4583450],[424891,4583444],[424881,4583438],[424872,4583432],[424864,4583427],[424855,4583423],[424844,4583416],[424835,4583412],[424825,4583406],[424814,4583399],[424810,4583395],[424807,4583392],[424805,4583387],[424804,4583369],[424806,4583360],[424804,4583339],[424803,4583331],[424797,4583321],[424796,4583316],[424792,4583307],[424788,4583301],[424783,4583293],[424780,4583288],[424777,4583283],[424772,4583260],[424770,4583249],[424768,4583231],[424765,4583217],[424761,4583208],[424758,4583199],[424751,4583187],[424743,4583177],[424732,4583164],[424722,4583152],[424712,4583140],[424702,4583118],[424694,4583096],[424689,4583084],[424685,4583064],[424681,4583045],[424676,4583038],[424668,4583028],[424657,4583019],[424647,4583008],[424637,4582997],[424633,4582989],[424629,4582976],[424622,4582956],[424612,4582937],[424601,4582917],[424587,4582899],[424576,4582884],[424595,4582849],[424596,4582845],[424597,4582825],[424633,4582795],[424668,4582774],[424675,4582768],[424686,4582756],[424695,4582744],[424707,4582717],[424715,4582706],[424729,4582687],[424735,4582678],[424741,4582666],[424742,4582646],[424739,4582626],[424739,4582605],[424743,4582552],[424745,4582531],[424752,4582490],[424754,4582473],[424758,4582459],[424770,4582432],[424777,4582408],[424776,4582397],[424772,4582374],[424773,4582365],[424777,4582343],[424781,4582327],[424796,4582288],[424804,4582266],[424813,4582250],[424851,4582221],[424887,4582196],[424911,4582181],[424930,4582171],[424945,4582165],[424942,4582160],[424940,4582160],[424938,4582159],[424937,4582158],[424934,4582157],[424931,4582154],[424926,4582150],[424923,4582148],[424921,4582147],[424918,4582145],[424914,4582144],[424906,4582141],[424899,4582139],[424887,4582136],[424878,4582133],[424874,4582132],[424869,4582130],[424861,4582126],[424857,4582125],[424852,4582122],[424846,4582118],[424865,4582092],[424873,4582086],[424881,4582078],[424884,4582069],[424893,4582062],[424903,4582052],[424909,4582043],[424912,4582042],[424915,4582035],[424920,4582029],[424921,4582024],[424941,4582010],[424943,4582004],[424948,4581996],[424951,4581991],[424960,4581984],[424961,4581980],[424962,4581977],[424969,4581969],[424975,4581951],[424976,4581947],[424993,4581939],[425033,4581838],[425034,4581835],[425030,4581831],[425031,4581829],[425037,4581815],[425029,4581803],[425020,4581788],[425011,4581773],[424994,4581750],[424991,4581747],[424988,4581743],[424984,4581740],[424981,4581736],[424977,4581733],[424973,4581730],[424969,4581727],[424965,4581724],[424960,4581721],[424956,4581719],[424937,4581711],[424931,4581709],[424922,4581707],[424909,4581703],[424888,4581698],[424881,4581696],[424875,4581694],[424869,4581692],[424862,4581690],[424847,4581684],[424890,4581534],[424890,4581534],[425115,4581607],[425227,4581642],[425661,4581785],[425758,4581817],[426598,4582091],[426705,4582125],[426873,4582179],[427015,4582225],[427002,4582264],[427004,4582269],[427010,4582276],[427018,4582282],[427026,4582287],[427036,4582290],[427052,4582295],[427063,4582297],[427069,4582323],[427099,4582430],[427119,4582485],[427152,4582557],[427181,4582618],[427192,4582634],[427200,4582645],[427211,4582657],[427220,4582666],[427233,4582677],[427232,4582680],[427231,4582684],[427231,4582687],[427232,4582698],[427214,4582685],[427211,4582682],[427187,4582675],[427045,4582629],[427021,4582622],[426919,4582589],[426902,4582584],[426896,4582582],[426755,4582537],[426714,4582523],[426669,4582509],[426619,4582493],[426577,4582472],[426555,4582461],[426534,4582450],[426503,4582435],[426490,4582484],[426475,4582515],[426463,4582531],[426458,4582538],[426431,4582567],[426423,4582573],[426416,4582578],[426377,4582601],[426310,4582625],[426264,4582641],[426228,4582674],[426227,4582675],[426244,4582692],[426263,4582716],[426280,4582747],[426295,4582782],[426301,4582811],[426305,4582845],[426303,4582879],[426297,4582916],[426291,4582937],[426280,4582958],[426268,4582978],[426250,4582997],[426236,4583010],[426214,4583024],[426169,4583039],[426097,4583065],[426085,4583072],[426068,4583082],[426005,4583129],[425877,4583226],[425862,4583238],[425826,4583210],[425824,4583209],[425782,4583159],[425761,4583139],[425737,4583120],[425689,4583088],[425675,4583081],[425593,4583009],[425580,4583026],[425566,4583046],[425563,4583054],[425560,4583067],[425560,4583076],[425560,4583086],[425557,4583091],[425570,4583115],[425577,4583130],[425578,4583134],[425577,4583140],[425576,4583150],[425574,4583165],[425572,4583174],[425570,4583179],[425569,4583182],[425566,4583187],[425559,4583196],[425552,4583205],[425546,4583216],[425545,4583228],[425544,4583233],[425542,4583237],[425541,4583239],[425539,4583242],[425537,4583244],[425529,4583250],[425521,4583259],[425519,4583261],[425517,4583264],[425513,4583274],[425513,4583275],[425513,4583276],[425513,4583278],[425514,4583279],[425515,4583283],[425515,4583286],[425514,4583289],[425509,4583300],[425507,4583305],[425500,4583325],[425494,4583345],[425493,4583351],[425494,4583355],[425497,4583358],[425489,4583374],[425470,4583387],[425464,4583391],[425463,4583392],[425459,4583395],[425458,4583397],[425456,4583399],[425454,4583406],[425451,4583415],[425449,4583418],[425448,4583419],[425447,4583421],[425443,4583425],[425441,4583429],[425435,4583436],[425431,4583440],[425423,4583450],[425417,4583458],[425416,4583459],[425414,4583461],[425408,4583463],[425405,4583464],[425394,4583469],[425387,4583473],[425382,4583477],[425378,4583481],[425374,4583487],[425369,4583501],[425366,4583510],[425363,4583518],[425363,4583518],[425359,4583525],[425351,4583530],[425348,4583533],[425344,4583535],[425340,4583538],[425340,4583538],[425334,4583546],[425333,4583546],[425333,4583546],[425332,4583547],[425332,4583547],[425332,4583547],[425331,4583548],[425331,4583548],[425330,4583548],[425330,4583548],[425330,4583549],[425329,4583549],[425329,4583549],[425328,4583550],[425328,4583550],[425328,4583550],[425327,4583551],[425327,4583551],[425326,4583551],[425326,4583551],[425325,4583552],[425325,4583552],[425325,4583552],[425324,4583553],[425324,4583553],[425323,4583553],[425323,4583553],[425323,4583554],[425322,4583554],[425322,4583554],[425321,4583555],[425321,4583555],[425321,4583555],[425320,4583555],[425320,4583556],[425319,4583556],[425319,4583556],[425318,4583557],[425318,4583557],[425318,4583557],[425317,4583557],[425317,4583558],[425316,4583558],[425316,4583558],[425316,4583558],[425315,4583559],[425315,4583559],[425314,4583559],[425314,4583560],[425313,4583560],[425313,4583560],[425313,4583560],[425312,4583561],[425312,4583561],[425311,4583561],[425311,4583561],[425310,4583562],[425310,4583562],[425310,4583562],[425309,4583562],[425309,4583563],[425308,4583563],[425308,4583563],[425307,4583563],[425307,4583564],[425307,4583564],[425306,4583564],[425306,4583565],[425305,4583565],[425305,4583565],[425304,4583565],[425304,4583566],[425304,4583566],[425303,4583566],[425303,4583566],[425302,4583567],[425302,4583567],[425301,4583567],[425301,4583567],[425301,4583568],[425300,4583568],[425300,4583568],[425299,4583568],[425299,4583569],[425298,4583569],[425298,4583569],[425298,4583569],[425297,4583570],[425297,4583570],[425296,4583570],[425296,4583570],[425295,4583570],[425295,4583571],[425294,4583571],[425294,4583571],[425294,4583571],[425293,4583572],[425293,4583572],[425292,4583572],[425292,4583572],[425291,4583573],[425291,4583573],[425291,4583573],[425234,4583602],[425234,4583603],[425234,4583603],[425233,4583603],[425233,4583603],[425232,4583604],[425232,4583604],[425232,4583604],[425231,4583604],[425231,4583605],[425230,4583605],[425230,4583605],[425230,4583606],[425229,4583606],[425229,4583606],[425228,4583607],[425228,4583607],[425228,4583607],[425227,4583608],[425227,4583608],[425227,4583608],[425226,4583609],[425226,4583609],[425226,4583609],[425225,4583610],[425225,4583610],[425225,4583611],[425224,4583611],[425224,4583611],[425224,4583612],[425223,4583612],[425223,4583612],[425223,4583613],[425222,4583613],[425222,4583613],[425222,4583614],[425221,4583614],[425221,4583614],[425220,4583615],[425220,4583615],[425219,4583615],[425219,4583615],[425219,4583615],[425218,4583616],[425218,4583616],[425217,4583616],[425217,4583616],[425216,4583616],[425216,4583616],[425179,4583625],[425152,4583635],[425137,4583641],[425103,4583656],[425103,4583656],[425103,4583656],[425100,4583657],[425096,4583659],[425090,4583661],[425084,4583663],[425077,4583666],[425071,4583668],[425063,4583671],[425055,4583673]]]}},{"type":"Feature","properties":{"barri":"Vallvidrera, el Tibidabo i les Planes","districte":"Sarrià-Sant Gervasi"},"geometry":{"type":"MultiPolygon","coordinates":[[[[422516,4587515],[422513,4587517],[422513,4587519],[422535,4587546],[422547,4587573],[422554,4587585],[422562,4587591],[422578,4587612],[422582,4587623],[422557,4587641],[422522,4587636],[422479,4587619],[422455,4587611],[422451,4587608],[422442,4587594],[422401,4587498],[422390,4587470],[422383,4587436],[422379,4587398],[422384,4587375],[422399,4587339],[422413,4587281],[422423,4587251],[422485,4587135],[422557,4586981],[422584,4586963],[422597,4586954],[422607,4586948],[422623,4586940],[422640,4586930],[422658,4586914],[422665,4586907],[422668,4586900],[422671,4586897],[422674,4586894],[422684,4586889],[422703,4586879],[422711,4586874],[422718,4586870],[422735,4586863],[422748,4586858],[422753,4586856],[422758,4586851],[422766,4586843],[422773,4586833],[422780,4586822],[422782,4586820],[422789,4586814],[422804,4586806],[422814,4586801],[422821,4586796],[422835,4586783],[422847,4586761],[422750,4586723],[422677,4586696],[422627,4586683],[422612,4586677],[422588,4586663],[422562,4586650],[422555,4586644],[422543,4586633],[422560,4586625],[422562,4586620],[422561,4586607],[422554,4586583],[422551,4586562],[422550,4586558],[422548,4586547],[422543,4586538],[422540,4586529],[422538,4586496],[422535,4586487],[422526,4586478],[422518,4586470],[422511,4586461],[422506,4586450],[422503,4586440],[422503,4586437],[422509,4586422],[422512,4586418],[422518,4586412],[422522,4586408],[422523,4586401],[422523,4586394],[422521,4586389],[422517,4586373],[422516,4586370],[422541,4586351],[422545,4586350],[422556,4586346],[422576,4586346],[422585,4586344],[422594,4586341],[422619,4586336],[422626,4586334],[422629,4586332],[422636,4586330],[422646,4586330],[422657,4586328],[422669,4586327],[422675,4586330],[422680,4586332],[422688,4586334],[422691,4586336],[422701,4586341],[422721,4586350],[422735,4586350],[422742,4586348],[422745,4586346],[422750,4586344],[422759,4586343],[422766,4586342],[422787,4586346],[422795,4586347],[422797,4586348],[422806,4586350],[422818,4586350],[422822,4586352],[422830,4586354],[422838,4586354],[422844,4586355],[422855,4586354],[422856,4586354],[422866,4586354],[422886,4586354],[422893,4586353],[422909,4586349],[422925,4586342],[422957,4586342],[422968,4586341],[422984,4586336],[423028,4586312],[423061,4586296],[423098,4586288],[423109,4586289],[423117,4586287],[423129,4586287],[423144,4586289],[423148,4586292],[423155,4586298],[423170,4586299],[423174,4586280],[423204,4586235],[423173,4586241],[423170,4586241],[423154,4586233],[423144,4586216],[423143,4586205],[423145,4586176],[423144,4586164],[423137,4586145],[423129,4586131],[423044,4586097],[423014,4586088],[422960,4586073],[422951,4586069],[422948,4586068],[422930,4586070],[422922,4586070],[422888,4586062],[422793,4586051],[422741,4586025],[422732,4586015],[422736,4586007],[422744,4586000],[422760,4585990],[422775,4585978],[422789,4585966],[422796,4585960],[422811,4585948],[422817,4585944],[422830,4585934],[422841,4585928],[422855,4585920],[422866,4585907],[422872,4585883],[422869,4585871],[422869,4585863],[422870,4585858],[422869,4585851],[422866,4585842],[422864,4585840],[422864,4585810],[422863,4585805],[422865,4585798],[422865,4585789],[422864,4585783],[422856,4585771],[422854,4585751],[422854,4585742],[422856,4585737],[422860,4585730],[422864,4585726],[422874,4585722],[422878,4585718],[422884,4585710],[422891,4585708],[422897,4585704],[422905,4585691],[422911,4585685],[422914,4585675],[422915,4585673],[422918,4585661],[422922,4585649],[422921,4585638],[422950,4585642],[422966,4585649],[422991,4585662],[423014,4585666],[423008,4585657],[423002,4585641],[423001,4585634],[423001,4585629],[423004,4585624],[423012,4585619],[423014,4585617],[423015,4585614],[423014,4585611],[423011,4585603],[423007,4585591],[423006,4585588],[423004,4585576],[423004,4585571],[423006,4585562],[423012,4585560],[423016,4585557],[423026,4585544],[423036,4585526],[423040,4585510],[423049,4585470],[423052,4585460],[423054,4585451],[423054,4585435],[423056,4585431],[423072,4585405],[423078,4585397],[423093,4585384],[423099,4585375],[423093,4585309],[423084,4585307],[423073,4585303],[423069,4585300],[423066,4585294],[423059,4585280],[423051,4585268],[423034,4585252],[423032,4585248],[423032,4585245],[423033,4585242],[423040,4585234],[423035,4585230],[422995,4585235],[422891,4585197],[422889,4585184],[422888,4585178],[422888,4585176],[422884,4585173],[422877,4585171],[422872,4585166],[422868,4585161],[422868,4585159],[422862,4585155],[422853,4585143],[422849,4585136],[422848,4585131],[422839,4585124],[422837,4585120],[422828,4585114],[422824,4585114],[422821,4585109],[422819,4585103],[422810,4585089],[422803,4585078],[422801,4585066],[422796,4585056],[422787,4585033],[422780,4585010],[422776,4584999],[422775,4584995],[422774,4584994],[422776,4584991],[422780,4584989],[422780,4584987],[422773,4584982],[422761,4584969],[422738,4584950],[422729,4584945],[422719,4584943],[422714,4584941],[422702,4584941],[422683,4584936],[422670,4584935],[422654,4584930],[422648,4584926],[422640,4584913],[422629,4584900],[422620,4584895],[422604,4584894],[422571,4584895],[422562,4584893],[422551,4584885],[422544,4584874],[422529,4584845],[422520,4584842],[422517,4584837],[422511,4584835],[422508,4584832],[422494,4584825],[422491,4584822],[422490,4584818],[422483,4584816],[422473,4584815],[422464,4584811],[422459,4584807],[422455,4584797],[422452,4584794],[422453,4584780],[422452,4584770],[422448,4584757],[422446,4584753],[422436,4584736],[422428,4584707],[422410,4584653],[422406,4584638],[422403,4584624],[422397,4584610],[422391,4584598],[422387,4584583],[422384,4584568],[422384,4584558],[422383,4584556],[422383,4584551],[422385,4584544],[422390,4584531],[422401,4584516],[422406,4584506],[422412,4584496],[422415,4584491],[422423,4584478],[422433,4584454],[422440,4584436],[422441,4584415],[422430,4584400],[422396,4584376],[422348,4584379],[422295,4584382],[422268,4584360],[422283,4584320],[422290,4584295],[422309,4584250],[422354,4584165],[422388,4584103],[422411,4584064],[422437,4584032],[422447,4583962],[422497,4583928],[422577,4583942],[422672,4583898],[422685,4583907],[422709,4583919],[422732,4583927],[422753,4583930],[422799,4583928],[422846,4583917],[422878,4583906],[422913,4583891],[422921,4583893],[422930,4583896],[422938,4583899],[422950,4583906],[422962,4583910],[422972,4583914],[422982,4583918],[422989,4583924],[422994,4583929],[422998,4583935],[423008,4583949],[423012,4583959],[423016,4583967],[423020,4583974],[423028,4583986],[423032,4583990],[423036,4583995],[423043,4584001],[423051,4584008],[423066,4584021],[423079,4584034],[423096,4584053],[423106,4584066],[423111,4584075],[423115,4584086],[423118,4584097],[423121,4584112],[423123,4584123],[423128,4584142],[423126,4584169],[423126,4584186],[423126,4584199],[423133,4584222],[423138,4584232],[423151,4584237],[423159,4584242],[423167,4584251],[423173,4584263],[423179,4584273],[423185,4584279],[423199,4584288],[423213,4584294],[423225,4584300],[423239,4584306],[423250,4584312],[423257,4584316],[423273,4584327],[423288,4584338],[423299,4584346],[423304,4584350],[423309,4584355],[423313,4584361],[423318,4584374],[423321,4584382],[423325,4584399],[423330,4584408],[423338,4584430],[423344,4584435],[423350,4584439],[423360,4584445],[423371,4584455],[423378,4584463],[423390,4584475],[423402,4584487],[423403,4584495],[423408,4584510],[423410,4584516],[423421,4584526],[423430,4584536],[423437,4584542],[423446,4584551],[423449,4584554],[423452,4584559],[423454,4584565],[423456,4584572],[423456,4584577],[423456,4584584],[423454,4584590],[423452,4584598],[423452,4584602],[423452,4584606],[423457,4584609],[423463,4584611],[423478,4584617],[423489,4584621],[423502,4584626],[423516,4584630],[423528,4584633],[423542,4584637],[423563,4584644],[423583,4584647],[423609,4584644],[423630,4584637],[423654,4584629],[423667,4584623],[423677,4584619],[423683,4584615],[423690,4584605],[423698,4584594],[423705,4584585],[423713,4584577],[423723,4584568],[423732,4584561],[423741,4584555],[423764,4584546],[423780,4584539],[423795,4584533],[423812,4584526],[423831,4584519],[423848,4584515],[423877,4584507],[423908,4584499],[423945,4584490],[423969,4584485],[423979,4584484],[423995,4584484],[424007,4584484],[424017,4584484],[424031,4584482],[424054,4584475],[424070,4584472],[424086,4584470],[424098,4584473],[424113,4584475],[424127,4584479],[424139,4584479],[424151,4584479],[424164,4584478],[424175,4584475],[424201,4584467],[424219,4584463],[424244,4584457],[424261,4584452],[424276,4584447],[424284,4584444],[424295,4584440],[424305,4584439],[424322,4584438],[424338,4584438],[424360,4584438],[424372,4584437],[424382,4584436],[424400,4584433],[424413,4584428],[424413,4584428],[424427,4584432],[424439,4584434],[424453,4584438],[424457,4584439],[424459,4584440],[424461,4584441],[424470,4584448],[424480,4584457],[424486,4584462],[424498,4584471],[424501,4584484],[424509,4584508],[424516,4584522],[424523,4584533],[424534,4584547],[424546,4584560],[424550,4584564],[424555,4584567],[424565,4584568],[424578,4584569],[424595,4584567],[424608,4584565],[424624,4584561],[424645,4584555],[424666,4584548],[424680,4584543],[424695,4584538],[424731,4584520],[424751,4584509],[424801,4584487],[424808,4584486],[424818,4584484],[424828,4584482],[424832,4584470],[424838,4584454],[424853,4584423],[424859,4584409],[424862,4584402],[424865,4584398],[424872,4584388],[424880,4584374],[424885,4584364],[424896,4584354],[424898,4584352],[424903,4584344],[424906,4584339],[424910,4584328],[424910,4584319],[424912,4584308],[424914,4584297],[424915,4584286],[424918,4584268],[424918,4584250],[424918,4584239],[424917,4584227],[424919,4584217],[424921,4584205],[424922,4584191],[424921,4584174],[424921,4584156],[424922,4584133],[424923,4584124],[424925,4584120],[424928,4584117],[424933,4584114],[424939,4584112],[424945,4584109],[424952,4584107],[424961,4584103],[424977,4584098],[424987,4584094],[424998,4584091],[425013,4584085],[425029,4584074],[425041,4584066],[425058,4584051],[425073,4584039],[425078,4584029],[425082,4584020],[425086,4584008],[425089,4583996],[425090,4583987],[425091,4583976],[425092,4583961],[425093,4583952],[425093,4583943],[425093,4583935],[425093,4583926],[425091,4583915],[425089,4583908],[425088,4583902],[425084,4583893],[425082,4583887],[425079,4583879],[425076,4583866],[425074,4583858],[425071,4583847],[425067,4583839],[425062,4583828],[425055,4583817],[425047,4583805],[425039,4583792],[425036,4583785],[425034,4583778],[425032,4583770],[425032,4583761],[425032,4583751],[425034,4583746],[425035,4583740],[425035,4583734],[425033,4583725],[425030,4583719],[425028,4583713],[425027,4583706],[425025,4583698],[425021,4583690],[425016,4583681],[425014,4583672],[425019,4583673],[425020,4583673],[425023,4583672],[425025,4583672],[425027,4583672],[425030,4583671],[425032,4583671],[425035,4583672],[425038,4583673],[425043,4583673],[425047,4583674],[425055,4583673],[425063,4583671],[425071,4583668],[425077,4583666],[425084,4583663],[425090,4583661],[425096,4583659],[425100,4583657],[425103,4583656],[425103,4583656],[425103,4583656],[425137,4583641],[425140,4583647],[425144,4583650],[425157,4583655],[425162,4583658],[425166,4583662],[425170,4583668],[425181,4583689],[425187,4583698],[425193,4583710],[425202,4583727],[425208,4583743],[425210,4583750],[425211,4583757],[425210,4583761],[425208,4583764],[425200,4583777],[425198,4583783],[425199,4583788],[425202,4583793],[425206,4583796],[425212,4583799],[425219,4583802],[425226,4583805],[425233,4583809],[425239,4583815],[425243,4583821],[425247,4583825],[425251,4583832],[425255,4583839],[425257,4583847],[425260,4583860],[425262,4583875],[425263,4583889],[425263,4583900],[425264,4583906],[425268,4583910],[425273,4583912],[425279,4583912],[425293,4583910],[425303,4583908],[425320,4583906],[425341,4583909],[425354,4583913],[425366,4583919],[425376,4583929],[425383,4583936],[425389,4583947],[425392,4583961],[425393,4583972],[425395,4583993],[425394,4584006],[425393,4584009],[425393,4584015],[425389,4584024],[425382,4584044],[425381,4584050],[425384,4584057],[425391,4584062],[425398,4584068],[425401,4584069],[425405,4584072],[425411,4584080],[425415,4584090],[425419,4584100],[425428,4584129],[425431,4584135],[425436,4584143],[425445,4584151],[425466,4584167],[425495,4584185],[425507,4584196],[425514,4584205],[425517,4584213],[425519,4584224],[425531,4584272],[425534,4584285],[425534,4584297],[425533,4584303],[425530,4584307],[425526,4584315],[425520,4584321],[425513,4584325],[425504,4584327],[425493,4584327],[425482,4584321],[425474,4584313],[425466,4584303],[425456,4584293],[425447,4584286],[425434,4584280],[425421,4584273],[425411,4584272],[425402,4584274],[425394,4584280],[425366,4584313],[425358,4584319],[425346,4584320],[425336,4584316],[425332,4584312],[425326,4584301],[425321,4584291],[425317,4584283],[425311,4584277],[425305,4584273],[425300,4584270],[425297,4584267],[425291,4584262],[425283,4584260],[425274,4584262],[425261,4584267],[425252,4584268],[425241,4584267],[425232,4584263],[425221,4584255],[425208,4584240],[425199,4584231],[425191,4584222],[425184,4584218],[425176,4584216],[425168,4584217],[425158,4584223],[425142,4584232],[425135,4584242],[425133,4584250],[425132,4584258],[425134,4584277],[425140,4584313],[425144,4584335],[425143,4584344],[425130,4584356],[425124,4584357],[425119,4584358],[425112,4584359],[425088,4584362],[425076,4584366],[425067,4584372],[425059,4584380],[425054,4584388],[425050,4584399],[425047,4584412],[425044,4584425],[425044,4584438],[425047,4584447],[425054,4584457],[425062,4584467],[425067,4584475],[425069,4584478],[425071,4584484],[425073,4584490],[425073,4584495],[425072,4584502],[425067,4584527],[425063,4584546],[425062,4584557],[425064,4584565],[425070,4584572],[425084,4584579],[425098,4584585],[425106,4584592],[425112,4584600],[425115,4584607],[425119,4584618],[425122,4584626],[425125,4584631],[425127,4584633],[425134,4584638],[425149,4584638],[425170,4584632],[425191,4584626],[425221,4584618],[425232,4584620],[425237,4584622],[425240,4584624],[425243,4584627],[425245,4584630],[425251,4584641],[425254,4584640],[425256,4584639],[425261,4584638],[425280,4584631],[425280,4584630],[425321,4584615],[425322,4584615],[425323,4584615],[425323,4584614],[425327,4584613],[425328,4584616],[425328,4584618],[425329,4584621],[425331,4584625],[425333,4584628],[425336,4584631],[425342,4584636],[425346,4584640],[425352,4584645],[425358,4584649],[425360,4584652],[425362,4584655],[425363,4584658],[425363,4584661],[425363,4584666],[425363,4584668],[425362,4584671],[425361,4584673],[425359,4584676],[425358,4584679],[425348,4584696],[425341,4584704],[425328,4584715],[425315,4584726],[425306,4584735],[425286,4584753],[425272,4584768],[425264,4584784],[425264,4584789],[425266,4584795],[425271,4584802],[425278,4584806],[425293,4584811],[425298,4584815],[425302,4584822],[425304,4584830],[425304,4584837],[425304,4584844],[425308,4584850],[425314,4584854],[425316,4584857],[425322,4584859],[425342,4584845],[425359,4584830],[425371,4584824],[425386,4584818],[425397,4584815],[425411,4584813],[425428,4584813],[425452,4584814],[425455,4584814],[425460,4584815],[425468,4584820],[425471,4584824],[425471,4584830],[425470,4584838],[425466,4584861],[425467,4584870],[425469,4584886],[425471,4584903],[425468,4584920],[425468,4584929],[425469,4584934],[425471,4584938],[425475,4584944],[425477,4584946],[425480,4584948],[425500,4584958],[425512,4584964],[425519,4584970],[425527,4584973],[425532,4584973],[425539,4584972],[425542,4584971],[425550,4584963],[425555,4584956],[425558,4584950],[425560,4584944],[425565,4584933],[425570,4584926],[425576,4584919],[425582,4584912],[425593,4584906],[425601,4584902],[425612,4584900],[425620,4584902],[425625,4584904],[425633,4584916],[425635,4584931],[425635,4584932],[425636,4584940],[425638,4584952],[425638,4584959],[425645,4584984],[425649,4584995],[425654,4585004],[425667,4585022],[425681,4585042],[425689,4585048],[425697,4585051],[425703,4585053],[425707,4585053],[425708,4585051],[425713,4585047],[425714,4585045],[425716,4585041],[425717,4585035],[425721,4585019],[425726,4584990],[425731,4584978],[425735,4584969],[425738,4584963],[425748,4584951],[425757,4584941],[425767,4584931],[425776,4584925],[425792,4584915],[425801,4584913],[425808,4584914],[425813,4584915],[425815,4584917],[425819,4584923],[425825,4584930],[425827,4584933],[425838,4584946],[425848,4584955],[425852,4584957],[425857,4584959],[425860,4584959],[425864,4584959],[425869,4584958],[425875,4584954],[425879,4584950],[425895,4584930],[425896,4584928],[425908,4584915],[425919,4584904],[425927,4584898],[425938,4584892],[425948,4584890],[425958,4584890],[425970,4584894],[425976,4584898],[425979,4584904],[425981,4584915],[425984,4584929],[425986,4584942],[425989,4584957],[425992,4584970],[425993,4584974],[425997,4584980],[426003,4584987],[426011,4584993],[426016,4584994],[426021,4584996],[426029,4584996],[426037,4584996],[426043,4584997],[426046,4584998],[426047,4584998],[426053,4585000],[426057,4585003],[426061,4585007],[426075,4585038],[426092,4585068],[426104,4585087],[426113,4585102],[426118,4585107],[426124,4585110],[426130,4585110],[426140,4585106],[426144,4585103],[426148,4585098],[426164,4585066],[426170,4585058],[426180,4585047],[426191,4585040],[426209,4585033],[426222,4585034],[426247,4585042],[426279,4585051],[426294,4585052],[426313,4585050],[426327,4585045],[426345,4585037],[426350,4585033],[426354,4585025],[426352,4584997],[426352,4584976],[426353,4584962],[426355,4584951],[426359,4584942],[426365,4584934],[426380,4584925],[426386,4584923],[426395,4584919],[426403,4584916],[426408,4584916],[426410,4584917],[426412,4584918],[426415,4584922],[426416,4584924],[426417,4584929],[426419,4584938],[426423,4584976],[426423,4584988],[426421,4584997],[426416,4585006],[426403,4585027],[426397,4585040],[426391,4585063],[426384,4585094],[426380,4585103],[426367,4585130],[426361,4585150],[426358,4585169],[426358,4585178],[426360,4585181],[426363,4585185],[426371,4585190],[426386,4585193],[426408,4585197],[426413,4585197],[426424,4585197],[426445,4585193],[426459,4585189],[426465,4585189],[426473,4585192],[426479,4585196],[426481,4585203],[426482,4585209],[426480,4585215],[426472,4585229],[426464,4585248],[426461,4585260],[426459,4585271],[426459,4585289],[426459,4585304],[426461,4585314],[426464,4585320],[426467,4585325],[426471,4585327],[426474,4585326],[426482,4585323],[426501,4585311],[426515,4585304],[426519,4585303],[426522,4585303],[426527,4585305],[426530,4585306],[426534,4585311],[426540,4585319],[426546,4585340],[426548,4585351],[426550,4585357],[426555,4585366],[426566,4585385],[426570,4585392],[426579,4585405],[426583,4585410],[426586,4585413],[426589,4585414],[426592,4585414],[426596,4585412],[426599,4585407],[426603,4585401],[426604,4585397],[426604,4585393],[426604,4585388],[426604,4585385],[426601,4585375],[426600,4585367],[426601,4585354],[426603,4585349],[426606,4585343],[426609,4585338],[426616,4585332],[426622,4585328],[426631,4585325],[426639,4585321],[426642,4585317],[426643,4585309],[426642,4585304],[426641,4585293],[426642,4585282],[426645,4585271],[426651,4585264],[426656,4585254],[426657,4585233],[426658,4585220],[426658,4585214],[426660,4585208],[426663,4585205],[426668,4585203],[426676,4585204],[426684,4585211],[426697,4585224],[426708,4585236],[426715,4585239],[426722,4585238],[426725,4585236],[426730,4585216],[426734,4585206],[426739,4585197],[426741,4585188],[426741,4585181],[426733,4585143],[426724,4585109],[426723,4585099],[426723,4585091],[426725,4585083],[426727,4585077],[426732,4585071],[426739,4585063],[426746,4585057],[426764,4585049],[426779,4585045],[426795,4585043],[426804,4585046],[426815,4585051],[426827,4585061],[426835,4585065],[426854,4585074],[426866,4585078],[426891,4585081],[426917,4585086],[426916,4585101],[426902,4585118],[426897,4585128],[426886,4585166],[426883,4585181],[426885,4585191],[426890,4585202],[426903,4585232],[426910,4585249],[426916,4585262],[426923,4585270],[426929,4585274],[426946,4585282],[426963,4585290],[426973,4585295],[426977,4585299],[426982,4585304],[426986,4585312],[426991,4585327],[426999,4585351],[427007,4585378],[427009,4585381],[427011,4585383],[427013,4585385],[427016,4585387],[427022,4585390],[427026,4585391],[427034,4585391],[427044,4585390],[427057,4585386],[427072,4585380],[427095,4585375],[427114,4585372],[427128,4585371],[427140,4585371],[427150,4585372],[427155,4585373],[427162,4585376],[427167,4585379],[427174,4585388],[427178,4585396],[427185,4585413],[427192,4585428],[427197,4585437],[427204,4585449],[427205,4585451],[427208,4585449],[427208,4585449],[427225,4585439],[427227,4585438],[427233,4585435],[427245,4585428],[427247,4585427],[427249,4585426],[427268,4585414],[427277,4585409],[427278,4585409],[427278,4585409],[427278,4585409],[427282,4585406],[427286,4585404],[427307,4585392],[427328,4585380],[427328,4585380],[427332,4585378],[427352,4585366],[427363,4585360],[427364,4585359],[427364,4585359],[427365,4585359],[427365,4585359],[427374,4585353],[427395,4585341],[427396,4585340],[427398,4585339],[427402,4585347],[427403,4585348],[427405,4585353],[427405,4585353],[427401,4585355],[427401,4585355],[427401,4585355],[427401,4585355],[427400,4585354],[427400,4585354],[427394,4585357],[427394,4585357],[427393,4585357],[427393,4585357],[427393,4585357],[427393,4585357],[427393,4585358],[427388,4585361],[427388,4585360],[427381,4585364],[427380,4585362],[427369,4585368],[427354,4585377],[427349,4585381],[427331,4585391],[427311,4585403],[427297,4585412],[427286,4585418],[427283,4585420],[427277,4585424],[427269,4585428],[427269,4585428],[427265,4585428],[427261,4585431],[427256,4585434],[427256,4585434],[427248,4585438],[427248,4585438],[427220,4585454],[427210,4585460],[427206,4585462],[427205,4585463],[427203,4585464],[427194,4585469],[427193,4585468],[427193,4585468],[427186,4585472],[427184,4585473],[427175,4585479],[427162,4585487],[427151,4585493],[427142,4585499],[427132,4585505],[427122,4585511],[427111,4585518],[427098,4585525],[427083,4585535],[427070,4585543],[427059,4585549],[427040,4585561],[427028,4585568],[426999,4585586],[426983,4585595],[426976,4585599],[426951,4585615],[426934,4585625],[426929,4585628],[426914,4585636],[426911,4585638],[426910,4585639],[426905,4585642],[426899,4585645],[426895,4585647],[426892,4585649],[426889,4585651],[426886,4585652],[426873,4585658],[426866,4585661],[426859,4585664],[426856,4585665],[426855,4585665],[426838,4585675],[426834,4585678],[426828,4585681],[426820,4585686],[426804,4585695],[426799,4585698],[426785,4585706],[426766,4585717],[426744,4585730],[426742,4585731],[426740,4585732],[426715,4585746],[426713,4585747],[426702,4585754],[426674,4585770],[426652,4585783],[426644,4585787],[426642,4585789],[426634,4585793],[426626,4585798],[426615,4585805],[426605,4585811],[426597,4585815],[426593,4585817],[426593,4585817],[426592,4585816],[426592,4585815],[426591,4585816],[426590,4585816],[426584,4585820],[426576,4585824],[426570,4585828],[426571,4585828],[426569,4585829],[426565,4585831],[426564,4585832],[426564,4585832],[426561,4585834],[426560,4585834],[426560,4585834],[426586,4585849],[426589,4585852],[426591,4585857],[426592,4585864],[426590,4585880],[426586,4585892],[426581,4585905],[426573,4585917],[426546,4585951],[426538,4585964],[426529,4585984],[426501,4586058],[426502,4586067],[426510,4586095],[426511,4586102],[426504,4586172],[426506,4586193],[426510,4586212],[426578,4586353],[426581,4586362],[426582,4586371],[426581,4586379],[426579,4586385],[426573,4586394],[426570,4586397],[426575,4586403],[426571,4586407],[426568,4586409],[426562,4586412],[426555,4586414],[426549,4586415],[426543,4586416],[426532,4586415],[426432,4586394],[426409,4586408],[426380,4586403],[426342,4586420],[426307,4586440],[426281,4586449],[426227,4586455],[426203,4586471],[426162,4586499],[426107,4586512],[426091,4586524],[426086,4586532],[426086,4586558],[426089,4586580],[426088,4586592],[426083,4586603],[426060,4586628],[426010,4586656],[425985,4586666],[425950,4586686],[425933,4586694],[425914,4586706],[425887,4586692],[425882,4586691],[425876,4586693],[425842,4586717],[425835,4586719],[425832,4586719],[425825,4586717],[425820,4586715],[425817,4586713],[425805,4586698],[425802,4586696],[425797,4586693],[425792,4586690],[425781,4586689],[425754,4586686],[425733,4586684],[425721,4586684],[425715,4586685],[425649,4586706],[425612,4586700],[425570,4586735],[425553,4586737],[425503,4586735],[425446,4586726],[425359,4586726],[425330,4586712],[425290,4586719],[425286,4586725],[425281,4586743],[425281,4586744],[425263,4586746],[425244,4586750],[425165,4586717],[425138,4586698],[425100,4586671],[425069,4586667],[425049,4586688],[425027,4586707],[425018,4586712],[425011,4586715],[424979,4586734],[424977,4586736],[424963,4586766],[424955,4586781],[424943,4586796],[424917,4586829],[424910,4586840],[424908,4586843],[424907,4586847],[424907,4586851],[424908,4586851],[424908,4586852],[424898,4586859],[424883,4586865],[424859,4586873],[424794,4586896],[424765,4586899],[424731,4586898],[424702,4586969],[424697,4586984],[424708,4587030],[424713,4587048],[424714,4587059],[424716,4587073],[424705,4587079],[424680,4587099],[424609,4587132],[424572,4587158],[424562,4587164],[424554,4587176],[424552,4587180],[424547,4587183],[424543,4587185],[424532,4587190],[424498,4587232],[424491,4587239],[424478,4587250],[424449,4587231],[424437,4587212],[424429,4587205],[424420,4587204],[424374,4587194],[424364,4587195],[424347,4587172],[424331,4587155],[424318,4587132],[424316,4587128],[424309,4587123],[424307,4587115],[424297,4587079],[424289,4587072],[424282,4587060],[424272,4587035],[424269,4587030],[424261,4587021],[424252,4587005],[424247,4586999],[424226,4586982],[424222,4586978],[424218,4586974],[424214,4586971],[424210,4586966],[424206,4586951],[424201,4586938],[424198,4586933],[424193,4586925],[424186,4586917],[424178,4586911],[424176,4586909],[424171,4586897],[424171,4586893],[424171,4586883],[424169,4586870],[424157,4586847],[424145,4586840],[424138,4586838],[424128,4586838],[424113,4586834],[424099,4586821],[424091,4586812],[424085,4586807],[424077,4586804],[424061,4586801],[424059,4586800],[424052,4586791],[424050,4586788],[424049,4586777],[424035,4586760],[424001,4586742],[423979,4586767],[423968,4586775],[423899,4586806],[423891,4586806],[423887,4586805],[423884,4586803],[423880,4586798],[423877,4586790],[423876,4586783],[423874,4586772],[423869,4586762],[423867,4586754],[423864,4586741],[423825,4586744],[423807,4586747],[423771,4586756],[423736,4586760],[423707,4586766],[423669,4586771],[423644,4586775],[423636,4586778],[423626,4586783],[423622,4586784],[423609,4586785],[423596,4586793],[423594,4586797],[423584,4586811],[423581,4586818],[423579,4586821],[423473,4586885],[423456,4586895],[423449,4586902],[423444,4586908],[423441,4586916],[423441,4586925],[423443,4586930],[423454,4586944],[423449,4586953],[423439,4586970],[423418,4586993],[423411,4586990],[423408,4586989],[423387,4586987],[423382,4586986],[423363,4586983],[423355,4586984],[423352,4586985],[423350,4586986],[423349,4586988],[423347,4586998],[423340,4587014],[423338,4587020],[423337,4587026],[423337,4587031],[423338,4587035],[423343,4587047],[423349,4587063],[423342,4587070],[423327,4587080],[423317,4587084],[423309,4587085],[423303,4587085],[423253,4587075],[423249,4587069],[423235,4587053],[423231,4587047],[423228,4587043],[423226,4587038],[423225,4587034],[423225,4587030],[423225,4587026],[423226,4587023],[423232,4587013],[423233,4587010],[423234,4587007],[423234,4586996],[423235,4586992],[423237,4586985],[423237,4586983],[423236,4586981],[423234,4586979],[423230,4586976],[423226,4586974],[423220,4586972],[423214,4586971],[423208,4586970],[423202,4586970],[423196,4586972],[423189,4586974],[423168,4586981],[423162,4586984],[423156,4586988],[423150,4586992],[423147,4586996],[423145,4586999],[423144,4587002],[423143,4587005],[423144,4587007],[423147,4587014],[423148,4587017],[423147,4587027],[423147,4587030],[423152,4587039],[423153,4587044],[423154,4587049],[423155,4587059],[423155,4587068],[423155,4587074],[423151,4587091],[423150,4587094],[423148,4587097],[423144,4587101],[423131,4587111],[423128,4587113],[423124,4587114],[423103,4587117],[423099,4587117],[423090,4587116],[423067,4587118],[423055,4587122],[423052,4587123],[423036,4587121],[423023,4587120],[423016,4587120],[422980,4587129],[422969,4587133],[422960,4587137],[422952,4587141],[422945,4587145],[422929,4587159],[422913,4587169],[422910,4587173],[422902,4587183],[422891,4587195],[422875,4587212],[422860,4587221],[422809,4587228],[422766,4587231],[422750,4587231],[422746,4587233],[422741,4587234],[422732,4587243],[422725,4587260],[422713,4587272],[422709,4587278],[422706,4587282],[422705,4587288],[422705,4587292],[422707,4587302],[422723,4587333],[422724,4587335],[422723,4587342],[422722,4587350],[422722,4587356],[422725,4587370],[422729,4587401],[422730,4587406],[422729,4587412],[422719,4587446],[422701,4587495],[422663,4587501],[422652,4587501],[422632,4587500],[422627,4587499],[422621,4587495],[422618,4587494],[422609,4587493],[422593,4587490],[422580,4587489],[422568,4587486],[422563,4587487],[422560,4587488],[422554,4587493],[422553,4587494],[422541,4587512],[422539,4587514],[422532,4587515],[422520,4587514],[422516,4587515]]],[[[421381,4587522],[421368,4587537],[421326,4587549],[421309,4587558],[421272,4587566],[421273,4587560],[421277,4587539],[421277,4587532],[421272,4587510],[421270,4587491],[421256,4587441],[421255,4587433],[421257,4587423],[421262,4587411],[421288,4587359],[421290,4587353],[421290,4587347],[421289,4587344],[421279,4587333],[421270,4587324],[421267,4587320],[421264,4587313],[421264,4587304],[421266,4587299],[421273,4587292],[421275,4587287],[421277,4587277],[421279,4587244],[421284,4587215],[421284,4587210],[421329,4587065],[421328,4587052],[421331,4587020],[421331,4586968],[421327,4586914],[421326,4586895],[421330,4586876],[421329,4586830],[421319,4586810],[421313,4586785],[421290,4586729],[421265,4586688],[421255,4586645],[421252,4586602],[421262,4586566],[421261,4586524],[421244,4586501],[421187,4586458],[421157,4586445],[421109,4586422],[421062,4586415],[421009,4586400],[420891,4586371],[420859,4586351],[420821,4586308],[420814,4586291],[420813,4586286],[420819,4586283],[420823,4586280],[420825,4586278],[420825,4586267],[420821,4586252],[420821,4586248],[420824,4586243],[420827,4586240],[420834,4586236],[420873,4586226],[420881,4586222],[420927,4586163],[420930,4586158],[420934,4586149],[420944,4586133],[420950,4586131],[420963,4586118],[420969,4586116],[420987,4586117],[420990,4586114],[420996,4586093],[421001,4586084],[421003,4586082],[421031,4586077],[421045,4586071],[421076,4586067],[421079,4586065],[421083,4586058],[421093,4586048],[421098,4586039],[421111,4586025],[421119,4586021],[421123,4586016],[421128,4586007],[421132,4586005],[421134,4586002],[421147,4585972],[421149,4585969],[421153,4585966],[421154,4585963],[421156,4585954],[421156,4585946],[421152,4585923],[421152,4585919],[421146,4585899],[421146,4585865],[421148,4585861],[421158,4585848],[421162,4585840],[421163,4585834],[421162,4585826],[421162,4585818],[421165,4585806],[421166,4585784],[421170,4585773],[421171,4585761],[421183,4585731],[421184,4585723],[421184,4585716],[421185,4585712],[421191,4585703],[421198,4585697],[421203,4585691],[421205,4585686],[421200,4585679],[421202,4585672],[421206,4585664],[421217,4585648],[421221,4585635],[421219,4585622],[421217,4585620],[421214,4585611],[421214,4585608],[421214,4585604],[421210,4585600],[421202,4585571],[421200,4585567],[421199,4585552],[421197,4585535],[421192,4585508],[421192,4585498],[421189,4585472],[421185,4585462],[421186,4585453],[421185,4585441],[421185,4585438],[421189,4585434],[421190,4585429],[421184,4585368],[421127,4585328],[421115,4585293],[421103,4585275],[421084,4585260],[421043,4585199],[421008,4585165],[420993,4585142],[421009,4585082],[421017,4585033],[421020,4584946],[421173,4584738],[421222,4584738],[421334,4584772],[421353,4584809],[421354,4584870],[421361,4584950],[421345,4584973],[421312,4584999],[421297,4585014],[421315,4585005],[421372,4585008],[421404,4585010],[421455,4584997],[421504,4585001],[421563,4585024],[421564,4585025],[421567,4585035],[421571,4585043],[421577,4585049],[421580,4585052],[421585,4585058],[421587,4585061],[421600,4585073],[421603,4585078],[421604,4585080],[421608,4585095],[421612,4585104],[421660,4585097],[421723,4585092],[421732,4585090],[421774,4585157],[421789,4585171],[421794,4585190],[421797,4585197],[421808,4585253],[421836,4585315],[421853,4585371],[421861,4585431],[421839,4585487],[421814,4585544],[421804,4585565],[421828,4585586],[421919,4585596],[422013,4585587],[422051,4585590],[422079,4585613],[422124,4585631],[422285,4585655],[422323,4585668],[422304,4585817],[422299,4585908],[422282,4585949],[422269,4585996],[422276,4586100],[422249,4586139],[422237,4586173],[422263,4586375],[422235,4586385],[422095,4586467],[422044,4586498],[422042,4586509],[422041,4586515],[422042,4586523],[422045,4586532],[422048,4586538],[422051,4586552],[422051,4586559],[422050,4586563],[422039,4586579],[422030,4586604],[422026,4586610],[422025,4586616],[422027,4586623],[422030,4586630],[422036,4586640],[422039,4586652],[422042,4586662],[422052,4586676],[422056,4586680],[422067,4586694],[422080,4586708],[422082,4586714],[422081,4586723],[422080,4586729],[422080,4586737],[422082,4586751],[422085,4586762],[422091,4586768],[422104,4586772],[422108,4586773],[422116,4586779],[422116,4586784],[422118,4586802],[422113,4586816],[422108,4586825],[422106,4586843],[422112,4586862],[422078,4586861],[422016,4586887],[421996,4586892],[421959,4586923],[421923,4586904],[421843,4586906],[421804,4586967],[421767,4587041],[421752,4587146],[421740,4587174],[421740,4587206],[421741,4587239],[421723,4587244],[421707,4587314],[421641,4587290],[421542,4587327],[421467,4587358],[421451,4587376],[421424,4587417],[421413,4587451],[421409,4587482],[421413,4587518],[421393,4587518],[421381,4587522]]]]}},{"type":"Feature","properties":{"barri":"Sarrià","districte":"Sarrià-Sant Gervasi"},"geometry":{"type":"Polygon","coordinates":[[[426191,4585040],[426180,4585047],[426170,4585058],[426164,4585066],[426148,4585098],[426144,4585103],[426140,4585106],[426130,4585110],[426124,4585110],[426118,4585107],[426113,4585102],[426104,4585087],[426092,4585068],[426075,4585038],[426061,4585007],[426057,4585003],[426053,4585000],[426047,4584998],[426046,4584998],[426043,4584997],[426037,4584996],[426029,4584996],[426021,4584996],[426016,4584994],[426011,4584993],[426003,4584987],[425997,4584980],[425993,4584974],[425992,4584970],[425989,4584957],[425986,4584942],[425984,4584929],[425981,4584915],[425979,4584904],[425976,4584898],[425970,4584894],[425958,4584890],[425948,4584890],[425938,4584892],[425927,4584898],[425919,4584904],[425908,4584915],[425896,4584928],[425895,4584930],[425879,4584950],[425875,4584954],[425869,4584958],[425864,4584959],[425860,4584959],[425857,4584959],[425852,4584957],[425848,4584955],[425838,4584946],[425827,4584933],[425825,4584930],[425819,4584923],[425815,4584917],[425813,4584915],[425808,4584914],[425801,4584913],[425792,4584915],[425776,4584925],[425767,4584931],[425757,4584941],[425748,4584951],[425738,4584963],[425735,4584969],[425731,4584978],[425726,4584990],[425721,4585019],[425717,4585035],[425716,4585041],[425714,4585045],[425713,4585047],[425708,4585051],[425707,4585053],[425703,4585053],[425697,4585051],[425689,4585048],[425681,4585042],[425667,4585022],[425654,4585004],[425649,4584995],[425645,4584984],[425638,4584959],[425638,4584952],[425636,4584940],[425635,4584932],[425635,4584931],[425633,4584916],[425625,4584904],[425620,4584902],[425612,4584900],[425601,4584902],[425593,4584906],[425582,4584912],[425576,4584919],[425570,4584926],[425565,4584933],[425560,4584944],[425558,4584950],[425555,4584956],[425550,4584963],[425542,4584971],[425539,4584972],[425532,4584973],[425527,4584973],[425519,4584970],[425512,4584964],[425500,4584958],[425480,4584948],[425477,4584946],[425475,4584944],[425471,4584938],[425469,4584934],[425468,4584929],[425468,4584920],[425471,4584903],[425469,4584886],[425467,4584870],[425466,4584861],[425470,4584838],[425471,4584830],[425471,4584824],[425468,4584820],[425460,4584815],[425455,4584814],[425452,4584814],[425428,4584813],[425411,4584813],[425397,4584815],[425386,4584818],[425371,4584824],[425359,4584830],[425342,4584845],[425322,4584859],[425316,4584857],[425314,4584854],[425308,4584850],[425304,4584844],[425304,4584837],[425304,4584830],[425302,4584822],[425298,4584815],[425293,4584811],[425278,4584806],[425271,4584802],[425266,4584795],[425264,4584789],[425264,4584784],[425272,4584768],[425286,4584753],[425306,4584735],[425315,4584726],[425328,4584715],[425341,4584704],[425348,4584696],[425358,4584679],[425359,4584676],[425361,4584673],[425362,4584671],[425363,4584668],[425363,4584666],[425363,4584661],[425363,4584658],[425362,4584655],[425360,4584652],[425358,4584649],[425352,4584645],[425346,4584640],[425342,4584636],[425336,4584631],[425333,4584628],[425331,4584625],[425329,4584621],[425328,4584618],[425328,4584616],[425327,4584613],[425323,4584614],[425323,4584615],[425322,4584615],[425321,4584615],[425280,4584630],[425280,4584631],[425261,4584638],[425256,4584639],[425254,4584640],[425251,4584641],[425245,4584630],[425243,4584627],[425240,4584624],[425237,4584622],[425232,4584620],[425221,4584618],[425191,4584626],[425170,4584632],[425149,4584638],[425134,4584638],[425127,4584633],[425125,4584631],[425122,4584626],[425119,4584618],[425115,4584607],[425112,4584600],[425106,4584592],[425098,4584585],[425084,4584579],[425070,4584572],[425064,4584565],[425062,4584557],[425063,4584546],[425067,4584527],[425072,4584502],[425073,4584495],[425073,4584490],[425071,4584484],[425069,4584478],[425067,4584475],[425062,4584467],[425054,4584457],[425047,4584447],[425044,4584438],[425044,4584425],[425047,4584412],[425050,4584399],[425054,4584388],[425059,4584380],[425067,4584372],[425076,4584366],[425088,4584362],[425112,4584359],[425119,4584358],[425124,4584357],[425130,4584356],[425143,4584344],[425144,4584335],[425140,4584313],[425134,4584277],[425132,4584258],[425133,4584250],[425135,4584242],[425142,4584232],[425158,4584223],[425168,4584217],[425176,4584216],[425184,4584218],[425191,4584222],[425199,4584231],[425208,4584240],[425221,4584255],[425232,4584263],[425241,4584267],[425252,4584268],[425261,4584267],[425274,4584262],[425283,4584260],[425291,4584262],[425297,4584267],[425300,4584270],[425305,4584273],[425311,4584277],[425317,4584283],[425321,4584291],[425326,4584301],[425332,4584312],[425336,4584316],[425346,4584320],[425358,4584319],[425366,4584313],[425394,4584280],[425402,4584274],[425411,4584272],[425421,4584273],[425434,4584280],[425447,4584286],[425456,4584293],[425466,4584303],[425474,4584313],[425482,4584321],[425493,4584327],[425504,4584327],[425513,4584325],[425520,4584321],[425526,4584315],[425530,4584307],[425533,4584303],[425534,4584297],[425534,4584285],[425531,4584272],[425519,4584224],[425517,4584213],[425514,4584205],[425507,4584196],[425495,4584185],[425466,4584167],[425445,4584151],[425436,4584143],[425431,4584135],[425428,4584129],[425419,4584100],[425415,4584090],[425411,4584080],[425405,4584072],[425401,4584069],[425398,4584068],[425391,4584062],[425384,4584057],[425381,4584050],[425382,4584044],[425389,4584024],[425393,4584015],[425393,4584009],[425394,4584006],[425395,4583993],[425393,4583972],[425392,4583961],[425389,4583947],[425383,4583936],[425376,4583929],[425366,4583919],[425354,4583913],[425341,4583909],[425320,4583906],[425303,4583908],[425293,4583910],[425279,4583912],[425273,4583912],[425268,4583910],[425264,4583906],[425263,4583900],[425263,4583889],[425262,4583875],[425260,4583860],[425257,4583847],[425255,4583839],[425251,4583832],[425247,4583825],[425243,4583821],[425239,4583815],[425233,4583809],[425226,4583805],[425219,4583802],[425212,4583799],[425206,4583796],[425202,4583793],[425199,4583788],[425198,4583783],[425200,4583777],[425208,4583764],[425210,4583761],[425211,4583757],[425210,4583750],[425208,4583743],[425202,4583727],[425193,4583710],[425187,4583698],[425181,4583689],[425170,4583668],[425166,4583662],[425162,4583658],[425157,4583655],[425144,4583650],[425140,4583647],[425137,4583641],[425152,4583635],[425179,4583625],[425216,4583616],[425216,4583616],[425217,4583616],[425217,4583616],[425218,4583616],[425218,4583616],[425219,4583615],[425219,4583615],[425219,4583615],[425220,4583615],[425220,4583615],[425221,4583614],[425221,4583614],[425222,4583614],[425222,4583613],[425222,4583613],[425223,4583613],[425223,4583612],[425223,4583612],[425224,4583612],[425224,4583611],[425224,4583611],[425225,4583611],[425225,4583610],[425225,4583610],[425226,4583609],[425226,4583609],[425226,4583609],[425227,4583608],[425227,4583608],[425227,4583608],[425228,4583607],[425228,4583607],[425228,4583607],[425229,4583606],[425229,4583606],[425230,4583606],[425230,4583605],[425230,4583605],[425231,4583605],[425231,4583604],[425232,4583604],[425232,4583604],[425232,4583604],[425233,4583603],[425233,4583603],[425234,4583603],[425234,4583603],[425234,4583602],[425291,4583573],[425291,4583573],[425291,4583573],[425292,4583572],[425292,4583572],[425293,4583572],[425293,4583572],[425294,4583571],[425294,4583571],[425294,4583571],[425295,4583571],[425295,4583570],[425296,4583570],[425296,4583570],[425297,4583570],[425297,4583570],[425298,4583569],[425298,4583569],[425298,4583569],[425299,4583569],[425299,4583568],[425300,4583568],[425300,4583568],[425301,4583568],[425301,4583567],[425301,4583567],[425302,4583567],[425302,4583567],[425303,4583566],[425303,4583566],[425304,4583566],[425304,4583566],[425304,4583565],[425305,4583565],[425305,4583565],[425306,4583565],[425306,4583564],[425307,4583564],[425307,4583564],[425307,4583563],[425308,4583563],[425308,4583563],[425309,4583563],[425309,4583562],[425310,4583562],[425310,4583562],[425310,4583562],[425311,4583561],[425311,4583561],[425312,4583561],[425312,4583561],[425313,4583560],[425313,4583560],[425313,4583560],[425314,4583560],[425314,4583559],[425315,4583559],[425315,4583559],[425316,4583558],[425316,4583558],[425316,4583558],[425317,4583558],[425317,4583557],[425318,4583557],[425318,4583557],[425318,4583557],[425319,4583556],[425319,4583556],[425320,4583556],[425320,4583555],[425321,4583555],[425321,4583555],[425321,4583555],[425322,4583554],[425322,4583554],[425323,4583554],[425323,4583553],[425323,4583553],[425324,4583553],[425324,4583553],[425325,4583552],[425325,4583552],[425325,4583552],[425326,4583551],[425326,4583551],[425327,4583551],[425327,4583551],[425328,4583550],[425328,4583550],[425328,4583550],[425329,4583549],[425329,4583549],[425330,4583549],[425330,4583548],[425330,4583548],[425331,4583548],[425331,4583548],[425332,4583547],[425332,4583547],[425332,4583547],[425333,4583546],[425333,4583546],[425334,4583546],[425340,4583538],[425344,4583535],[425348,4583533],[425351,4583530],[425359,4583525],[425363,4583518],[425363,4583518],[425366,4583510],[425369,4583501],[425374,4583487],[425378,4583481],[425382,4583477],[425387,4583473],[425394,4583469],[425405,4583464],[425408,4583463],[425414,4583461],[425416,4583459],[425417,4583458],[425423,4583450],[425431,4583440],[425435,4583436],[425441,4583429],[425443,4583425],[425447,4583421],[425448,4583419],[425449,4583418],[425451,4583415],[425454,4583406],[425456,4583399],[425458,4583397],[425459,4583395],[425463,4583392],[425464,4583391],[425470,4583387],[425489,4583374],[425497,4583358],[425494,4583355],[425493,4583351],[425494,4583345],[425500,4583325],[425507,4583305],[425509,4583300],[425514,4583289],[425515,4583286],[425515,4583283],[425514,4583279],[425513,4583278],[425513,4583276],[425513,4583275],[425513,4583274],[425517,4583264],[425519,4583261],[425521,4583259],[425529,4583250],[425537,4583244],[425539,4583242],[425541,4583239],[425542,4583237],[425544,4583233],[425545,4583228],[425546,4583216],[425552,4583205],[425559,4583196],[425566,4583187],[425569,4583182],[425570,4583179],[425572,4583174],[425574,4583165],[425576,4583150],[425577,4583140],[425578,4583134],[425577,4583130],[425570,4583115],[425557,4583091],[425560,4583086],[425560,4583076],[425560,4583067],[425563,4583054],[425566,4583046],[425580,4583026],[425593,4583009],[425675,4583081],[425689,4583088],[425737,4583120],[425761,4583139],[425782,4583159],[425824,4583209],[425826,4583210],[425862,4583238],[425877,4583226],[426005,4583129],[426068,4583082],[426085,4583072],[426097,4583065],[426169,4583039],[426214,4583024],[426236,4583010],[426250,4582997],[426268,4582978],[426280,4582958],[426291,4582937],[426297,4582916],[426303,4582879],[426305,4582845],[426301,4582811],[426295,4582782],[426280,4582747],[426263,4582716],[426244,4582692],[426227,4582675],[426228,4582674],[426264,4582641],[426310,4582625],[426377,4582601],[426416,4582578],[426423,4582573],[426431,4582567],[426458,4582538],[426463,4582531],[426475,4582515],[426490,4582484],[426503,4582435],[426534,4582450],[426555,4582461],[426577,4582472],[426619,4582493],[426669,4582509],[426714,4582523],[426755,4582537],[426896,4582582],[426902,4582584],[426919,4582589],[427021,4582622],[427045,4582629],[427187,4582675],[427211,4582682],[427214,4582685],[427232,4582698],[427236,4582701],[427242,4582706],[427247,4582708],[427252,4582711],[427250,4582713],[427240,4582724],[427219,4582748],[427199,4582769],[427198,4582770],[427184,4582785],[427170,4582799],[427154,4582816],[427138,4582832],[427124,4582847],[427114,4582858],[427105,4582866],[427102,4582870],[427094,4582878],[427090,4582882],[427064,4582908],[427042,4582931],[427031,4582944],[427020,4582954],[426958,4583020],[426956,4583022],[426954,4583024],[426934,4583045],[426903,4583054],[426905,4583064],[426910,4583080],[426915,4583090],[426920,4583100],[426928,4583113],[426939,4583126],[426951,4583139],[426967,4583153],[427029,4583205],[427073,4583242],[427102,4583267],[427118,4583282],[427095,4583283],[427075,4583283],[427039,4583286],[427037,4583286],[427035,4583286],[427033,4583286],[427032,4583287],[427030,4583287],[427028,4583287],[427026,4583288],[427025,4583288],[427023,4583289],[427021,4583289],[427019,4583289],[427017,4583290],[427015,4583291],[427013,4583291],[427011,4583292],[427009,4583292],[427007,4583293],[427005,4583294],[427002,4583295],[426999,4583296],[426997,4583297],[426994,4583298],[426988,4583301],[426986,4583302],[426984,4583302],[426982,4583303],[426981,4583304],[426979,4583305],[426977,4583306],[426976,4583307],[426974,4583308],[426972,4583309],[426970,4583310],[426968,4583311],[426966,4583312],[426964,4583314],[426948,4583325],[426937,4583335],[426891,4583380],[426874,4583396],[426861,4583409],[426839,4583431],[426832,4583438],[426822,4583448],[426809,4583461],[426797,4583473],[426786,4583485],[426786,4583485],[426784,4583488],[426779,4583493],[426765,4583509],[426745,4583533],[426737,4583543],[426713,4583573],[426693,4583598],[426681,4583613],[426700,4583629],[426703,4583631],[426705,4583632],[426707,4583634],[426709,4583636],[426712,4583637],[426714,4583639],[426716,4583641],[426719,4583642],[426721,4583644],[426723,4583645],[426758,4583671],[426806,4583706],[426816,4583712],[426830,4583723],[426846,4583735],[426877,4583757],[426872,4583766],[426872,4583766],[426871,4583766],[426871,4583767],[426871,4583767],[426871,4583767],[426870,4583768],[426870,4583768],[426869,4583769],[426869,4583769],[426869,4583770],[426868,4583771],[426868,4583771],[426868,4583771],[426868,4583772],[426867,4583773],[426867,4583773],[426866,4583773],[426866,4583774],[426866,4583774],[426865,4583775],[426865,4583775],[426864,4583776],[426864,4583776],[426864,4583777],[426863,4583777],[426863,4583777],[426863,4583777],[426862,4583777],[426862,4583777],[426862,4583777],[426862,4583777],[426861,4583778],[426861,4583778],[426861,4583778],[426860,4583778],[426860,4583778],[426859,4583779],[426859,4583779],[426858,4583779],[426858,4583780],[426857,4583780],[426857,4583780],[426857,4583780],[426857,4583780],[426856,4583781],[426856,4583781],[426856,4583781],[426855,4583782],[426854,4583782],[426853,4583783],[426852,4583783],[426852,4583783],[426852,4583784],[426852,4583784],[426851,4583784],[426851,4583784],[426851,4583784],[426850,4583784],[426850,4583785],[426849,4583785],[426849,4583785],[426849,4583786],[426848,4583786],[426848,4583786],[426848,4583787],[426847,4583787],[426846,4583788],[426846,4583788],[426846,4583788],[426845,4583789],[426845,4583789],[426845,4583789],[426844,4583790],[426844,4583790],[426844,4583790],[426843,4583791],[426843,4583791],[426843,4583792],[426843,4583792],[426842,4583792],[426842,4583793],[426842,4583794],[426842,4583794],[426842,4583799],[426842,4583804],[426842,4583809],[426842,4583813],[426842,4583814],[426842,4583815],[426841,4583816],[426841,4583818],[426841,4583821],[426840,4583826],[426840,4583826],[426840,4583827],[426840,4583828],[426839,4583832],[426838,4583838],[426837,4583842],[426837,4583843],[426837,4583844],[426836,4583844],[426836,4583845],[426836,4583846],[426836,4583846],[426836,4583847],[426834,4583851],[426832,4583857],[426831,4583860],[426830,4583861],[426829,4583864],[426838,4583870],[426840,4583871],[426838,4583881],[426831,4583887],[426825,4583885],[426824,4583886],[426824,4583887],[426823,4583887],[426823,4583888],[426822,4583889],[426821,4583890],[426821,4583890],[426820,4583891],[426819,4583892],[426819,4583893],[426818,4583893],[426817,4583894],[426815,4583896],[426811,4583900],[426803,4583909],[426802,4583910],[426796,4583917],[426795,4583919],[426790,4583926],[426790,4583926],[426790,4583926],[426786,4583932],[426781,4583937],[426777,4583942],[426777,4583943],[426775,4583946],[426775,4583946],[426775,4583947],[426772,4583952],[426769,4583955],[426769,4583955],[426769,4583955],[426763,4583962],[426760,4583967],[426759,4583969],[426758,4583976],[426748,4583983],[426746,4583987],[426743,4583992],[426742,4583993],[426742,4583993],[426741,4583996],[426739,4583998],[426736,4584004],[426732,4584012],[426734,4584013],[426734,4584013],[426733,4584016],[426731,4584020],[426729,4584025],[426718,4584047],[426714,4584058],[426710,4584068],[426709,4584069],[426709,4584071],[426706,4584077],[426706,4584080],[426705,4584082],[426695,4584133],[426690,4584142],[426690,4584144],[426689,4584147],[426688,4584151],[426688,4584152],[426687,4584154],[426687,4584155],[426686,4584158],[426685,4584160],[426684,4584162],[426679,4584172],[426679,4584173],[426679,4584175],[426678,4584176],[426678,4584176],[426677,4584189],[426675,4584192],[426669,4584202],[426662,4584212],[426656,4584223],[426650,4584234],[426642,4584246],[426635,4584258],[426630,4584266],[426628,4584269],[426622,4584279],[426615,4584289],[426612,4584295],[426598,4584316],[426610,4584327],[426629,4584345],[426636,4584353],[426641,4584358],[426649,4584369],[426657,4584379],[426667,4584391],[426648,4584408],[426642,4584416],[426640,4584422],[426638,4584428],[426637,4584429],[426637,4584429],[426636,4584431],[426634,4584437],[426630,4584447],[426629,4584449],[426625,4584460],[426624,4584462],[426623,4584463],[426619,4584482],[426618,4584484],[426618,4584485],[426615,4584498],[426611,4584513],[426610,4584517],[426609,4584518],[426607,4584527],[426609,4584532],[426613,4584569],[426614,4584573],[426615,4584578],[426615,4584581],[426615,4584585],[426615,4584588],[426614,4584593],[426614,4584597],[426615,4584600],[426615,4584602],[426616,4584604],[426616,4584606],[426616,4584608],[426616,4584612],[426616,4584615],[426616,4584619],[426617,4584623],[426617,4584626],[426617,4584630],[426617,4584634],[426616,4584637],[426615,4584639],[426614,4584641],[426611,4584643],[426609,4584644],[426608,4584646],[426607,4584647],[426605,4584649],[426604,4584651],[426602,4584653],[426601,4584656],[426600,4584657],[426598,4584659],[426594,4584663],[426590,4584666],[426588,4584667],[426587,4584668],[426584,4584671],[426580,4584674],[426575,4584679],[426572,4584682],[426569,4584685],[426567,4584687],[426565,4584690],[426564,4584691],[426563,4584693],[426562,4584694],[426560,4584696],[426559,4584698],[426558,4584699],[426557,4584703],[426555,4584707],[426555,4584710],[426553,4584713],[426551,4584716],[426550,4584717],[426549,4584719],[426547,4584721],[426545,4584723],[426543,4584724],[426543,4584725],[426542,4584726],[426541,4584731],[426541,4584735],[426540,4584737],[426540,4584740],[426539,4584743],[426537,4584746],[426535,4584751],[426532,4584755],[426531,4584757],[426529,4584758],[426524,4584762],[426518,4584768],[426512,4584773],[426508,4584777],[426500,4584783],[426493,4584790],[426491,4584792],[426487,4584795],[426485,4584797],[426482,4584801],[426480,4584804],[426477,4584806],[426475,4584808],[426417,4584904],[426415,4584908],[426412,4584914],[426410,4584917],[426408,4584916],[426403,4584916],[426395,4584919],[426386,4584923],[426380,4584925],[426365,4584934],[426359,4584942],[426355,4584951],[426353,4584962],[426352,4584976],[426352,4584997],[426354,4585025],[426350,4585033],[426345,4585037],[426327,4585045],[426313,4585050],[426294,4585052],[426279,4585051],[426247,4585042],[426222,4585034],[426209,4585033],[426191,4585040]]]}},{"type":"Feature","properties":{"barri":"les Tres Torres","districte":"Sarrià-Sant Gervasi"},"geometry":{"type":"Polygon","coordinates":[[[427719,4582766],[427697,4582837],[427690,4582861],[427668,4582933],[427667,4582935],[427660,4582957],[427656,4582967],[427652,4582980],[427642,4583006],[427634,4583023],[427625,4583033],[427614,4583034],[427607,4583049],[427601,4583064],[427597,4583072],[427595,4583077],[427587,4583088],[427585,4583090],[427558,4583128],[427530,4583167],[427529,4583168],[427524,4583176],[427521,4583181],[427517,4583187],[427515,4583193],[427512,4583199],[427510,4583205],[427509,4583211],[427507,4583218],[427506,4583227],[427506,4583236],[427506,4583245],[427506,4583254],[427507,4583263],[427508,4583269],[427510,4583275],[427511,4583278],[427512,4583281],[427515,4583288],[427517,4583292],[427523,4583303],[427546,4583340],[427555,4583355],[427592,4583409],[427609,4583433],[427622,4583451],[427620,4583455],[427620,4583455],[427614,4583464],[427608,4583474],[427596,4583497],[427586,4583514],[427584,4583517],[427580,4583525],[427574,4583534],[427565,4583550],[427554,4583570],[427554,4583571],[427544,4583588],[427529,4583614],[427522,4583625],[427520,4583630],[427518,4583634],[427505,4583656],[427487,4583688],[427480,4583699],[427476,4583708],[427461,4583732],[427459,4583737],[427444,4583764],[427442,4583767],[427430,4583787],[427426,4583794],[427412,4583819],[427399,4583841],[427399,4583842],[427387,4583864],[427374,4583887],[427368,4583896],[427361,4583909],[427349,4583930],[427336,4583952],[427332,4583961],[427329,4583964],[427329,4583964],[427324,4583975],[427320,4583981],[427315,4583990],[427304,4584009],[427289,4584035],[427281,4584050],[427270,4584043],[427240,4584021],[427232,4584015],[427211,4583999],[427199,4583991],[427172,4583972],[427151,4583956],[427107,4583923],[427071,4583898],[427068,4583896],[427035,4583872],[427017,4583859],[427016,4583859],[426984,4583835],[426974,4583828],[426920,4583789],[426877,4583757],[426846,4583735],[426830,4583723],[426816,4583712],[426806,4583706],[426758,4583671],[426723,4583645],[426721,4583644],[426719,4583642],[426716,4583641],[426714,4583639],[426712,4583637],[426709,4583636],[426707,4583634],[426705,4583632],[426703,4583631],[426700,4583629],[426681,4583613],[426693,4583598],[426713,4583573],[426737,4583543],[426745,4583533],[426765,4583509],[426779,4583493],[426784,4583488],[426786,4583485],[426786,4583485],[426797,4583473],[426809,4583461],[426822,4583448],[426832,4583438],[426839,4583431],[426861,4583409],[426874,4583396],[426891,4583380],[426937,4583335],[426948,4583325],[426964,4583314],[426966,4583312],[426968,4583311],[426970,4583310],[426972,4583309],[426974,4583308],[426976,4583307],[426977,4583306],[426979,4583305],[426981,4583304],[426982,4583303],[426984,4583302],[426986,4583302],[426988,4583301],[426994,4583298],[426997,4583297],[426999,4583296],[427002,4583295],[427005,4583294],[427007,4583293],[427009,4583292],[427011,4583292],[427013,4583291],[427015,4583291],[427017,4583290],[427019,4583289],[427021,4583289],[427023,4583289],[427025,4583288],[427026,4583288],[427028,4583287],[427030,4583287],[427032,4583287],[427033,4583286],[427035,4583286],[427037,4583286],[427039,4583286],[427075,4583283],[427095,4583283],[427118,4583282],[427102,4583267],[427073,4583242],[427029,4583205],[426967,4583153],[426951,4583139],[426939,4583126],[426928,4583113],[426920,4583100],[426915,4583090],[426910,4583080],[426905,4583064],[426903,4583054],[426934,4583045],[426954,4583024],[426956,4583022],[426958,4583020],[427020,4582954],[427031,4582944],[427042,4582931],[427064,4582908],[427090,4582882],[427094,4582878],[427102,4582870],[427105,4582866],[427114,4582858],[427124,4582847],[427138,4582832],[427154,4582816],[427170,4582799],[427184,4582785],[427198,4582770],[427199,4582769],[427219,4582748],[427240,4582724],[427250,4582713],[427252,4582711],[427258,4582713],[427265,4582715],[427274,4582715],[427281,4582713],[427286,4582709],[427323,4582691],[427416,4582671],[427474,4582659],[427803,4582589],[427802,4582590],[427797,4582597],[427775,4582626],[427751,4582660],[427749,4582667],[427746,4582678],[427737,4582706],[427719,4582766]]]}},{"type":"Feature","properties":{"barri":"Sant Gervasi - la Bonanova","districte":"Sarrià-Sant Gervasi"},"geometry":{"type":"Polygon","coordinates":[[[427210,4585725],[427207,4585734],[427204,4585738],[427202,4585740],[427199,4585741],[427197,4585742],[427194,4585741],[427191,4585741],[427188,4585739],[427184,4585735],[427170,4585721],[427164,4585717],[427159,4585716],[427149,4585719],[427141,4585721],[427135,4585719],[427121,4585707],[427118,4585705],[427095,4585694],[427084,4585681],[427085,4585667],[427093,4585661],[427107,4585651],[427123,4585640],[427131,4585633],[427140,4585618],[427143,4585612],[427144,4585606],[427143,4585601],[427136,4585591],[427126,4585580],[427121,4585574],[427120,4585566],[427121,4585560],[427124,4585555],[427130,4585548],[427141,4585541],[427160,4585526],[427180,4585506],[427200,4585478],[427205,4585470],[427206,4585464],[427205,4585463],[427206,4585462],[427210,4585460],[427220,4585454],[427248,4585438],[427248,4585438],[427256,4585434],[427256,4585434],[427261,4585431],[427265,4585428],[427269,4585428],[427269,4585428],[427277,4585424],[427283,4585420],[427286,4585418],[427297,4585412],[427311,4585403],[427331,4585391],[427349,4585381],[427354,4585377],[427369,4585368],[427380,4585362],[427381,4585364],[427388,4585360],[427388,4585361],[427393,4585358],[427393,4585357],[427393,4585357],[427393,4585357],[427393,4585357],[427394,4585357],[427394,4585357],[427400,4585354],[427400,4585354],[427401,4585355],[427401,4585355],[427401,4585355],[427401,4585355],[427405,4585353],[427405,4585353],[427403,4585348],[427402,4585347],[427398,4585339],[427396,4585340],[427395,4585341],[427374,4585353],[427365,4585359],[427365,4585359],[427364,4585359],[427364,4585359],[427363,4585360],[427352,4585366],[427332,4585378],[427328,4585380],[427328,4585380],[427307,4585392],[427286,4585404],[427282,4585406],[427278,4585409],[427278,4585409],[427278,4585409],[427277,4585409],[427268,4585414],[427249,4585426],[427247,4585427],[427245,4585428],[427233,4585435],[427227,4585438],[427225,4585439],[427208,4585449],[427208,4585449],[427205,4585451],[427204,4585449],[427197,4585437],[427192,4585428],[427185,4585413],[427178,4585396],[427174,4585388],[427167,4585379],[427162,4585376],[427155,4585373],[427150,4585372],[427140,4585371],[427128,4585371],[427114,4585372],[427095,4585375],[427072,4585380],[427057,4585386],[427044,4585390],[427034,4585391],[427026,4585391],[427022,4585390],[427016,4585387],[427013,4585385],[427011,4585383],[427009,4585381],[427007,4585378],[426999,4585351],[426991,4585327],[426986,4585312],[426982,4585304],[426977,4585299],[426973,4585295],[426963,4585290],[426946,4585282],[426929,4585274],[426923,4585270],[426916,4585262],[426910,4585249],[426903,4585232],[426890,4585202],[426885,4585191],[426883,4585181],[426886,4585166],[426897,4585128],[426902,4585118],[426916,4585101],[426917,4585086],[426891,4585081],[426866,4585078],[426854,4585074],[426835,4585065],[426827,4585061],[426815,4585051],[426804,4585046],[426795,4585043],[426779,4585045],[426764,4585049],[426746,4585057],[426739,4585063],[426732,4585071],[426727,4585077],[426725,4585083],[426723,4585091],[426723,4585099],[426724,4585109],[426733,4585143],[426741,4585181],[426741,4585188],[426739,4585197],[426734,4585206],[426730,4585216],[426725,4585236],[426722,4585238],[426715,4585239],[426708,4585236],[426697,4585224],[426684,4585211],[426676,4585204],[426668,4585203],[426663,4585205],[426660,4585208],[426658,4585214],[426658,4585220],[426657,4585233],[426656,4585254],[426651,4585264],[426645,4585271],[426642,4585282],[426641,4585293],[426642,4585304],[426643,4585309],[426642,4585317],[426639,4585321],[426631,4585325],[426622,4585328],[426616,4585332],[426609,4585338],[426606,4585343],[426603,4585349],[426601,4585354],[426600,4585367],[426601,4585375],[426604,4585385],[426604,4585388],[426604,4585393],[426604,4585397],[426603,4585401],[426599,4585407],[426596,4585412],[426592,4585414],[426589,4585414],[426586,4585413],[426583,4585410],[426579,4585405],[426570,4585392],[426566,4585385],[426555,4585366],[426550,4585357],[426548,4585351],[426546,4585340],[426540,4585319],[426534,4585311],[426530,4585306],[426527,4585305],[426522,4585303],[426519,4585303],[426515,4585304],[426501,4585311],[426482,4585323],[426474,4585326],[426471,4585327],[426467,4585325],[426464,4585320],[426461,4585314],[426459,4585304],[426459,4585289],[426459,4585271],[426461,4585260],[426464,4585248],[426472,4585229],[426480,4585215],[426482,4585209],[426481,4585203],[426479,4585196],[426473,4585192],[426465,4585189],[426459,4585189],[426445,4585193],[426424,4585197],[426413,4585197],[426408,4585197],[426386,4585193],[426371,4585190],[426363,4585185],[426360,4585181],[426358,4585178],[426358,4585169],[426361,4585150],[426367,4585130],[426380,4585103],[426384,4585094],[426391,4585063],[426397,4585040],[426403,4585027],[426416,4585006],[426421,4584997],[426423,4584988],[426423,4584976],[426419,4584938],[426417,4584929],[426416,4584924],[426415,4584922],[426412,4584918],[426410,4584917],[426412,4584914],[426415,4584908],[426417,4584904],[426475,4584808],[426477,4584806],[426480,4584804],[426482,4584801],[426485,4584797],[426487,4584795],[426491,4584792],[426493,4584790],[426500,4584783],[426508,4584777],[426512,4584773],[426518,4584768],[426524,4584762],[426529,4584758],[426531,4584757],[426532,4584755],[426535,4584751],[426537,4584746],[426539,4584743],[426540,4584740],[426540,4584737],[426541,4584735],[426541,4584731],[426542,4584726],[426543,4584725],[426543,4584724],[426545,4584723],[426547,4584721],[426549,4584719],[426550,4584717],[426551,4584716],[426553,4584713],[426555,4584710],[426555,4584707],[426557,4584703],[426558,4584699],[426559,4584698],[426560,4584696],[426562,4584694],[426563,4584693],[426564,4584691],[426565,4584690],[426567,4584687],[426569,4584685],[426572,4584682],[426575,4584679],[426580,4584674],[426584,4584671],[426587,4584668],[426588,4584667],[426590,4584666],[426594,4584663],[426598,4584659],[426600,4584657],[426601,4584656],[426602,4584653],[426604,4584651],[426605,4584649],[426607,4584647],[426608,4584646],[426609,4584644],[426611,4584643],[426614,4584641],[426615,4584639],[426616,4584637],[426617,4584634],[426617,4584630],[426617,4584626],[426617,4584623],[426616,4584619],[426616,4584615],[426616,4584612],[426616,4584608],[426616,4584606],[426616,4584604],[426615,4584602],[426615,4584600],[426614,4584597],[426614,4584593],[426615,4584588],[426615,4584585],[426615,4584581],[426615,4584578],[426614,4584573],[426613,4584569],[426609,4584532],[426607,4584527],[426609,4584518],[426610,4584517],[426611,4584513],[426615,4584498],[426618,4584485],[426618,4584484],[426619,4584482],[426623,4584463],[426624,4584462],[426625,4584460],[426629,4584449],[426630,4584447],[426634,4584437],[426634,4584437],[426636,4584431],[426637,4584429],[426637,4584429],[426638,4584428],[426640,4584422],[426642,4584416],[426648,4584408],[426667,4584391],[426657,4584379],[426649,4584369],[426641,4584358],[426636,4584353],[426629,4584345],[426610,4584327],[426598,4584316],[426612,4584295],[426615,4584289],[426622,4584279],[426628,4584269],[426630,4584266],[426635,4584258],[426642,4584246],[426650,4584234],[426656,4584223],[426662,4584212],[426669,4584202],[426675,4584192],[426677,4584189],[426678,4584176],[426678,4584176],[426679,4584175],[426679,4584173],[426679,4584172],[426684,4584162],[426685,4584160],[426686,4584158],[426687,4584155],[426687,4584154],[426688,4584152],[426688,4584151],[426689,4584147],[426690,4584144],[426690,4584142],[426695,4584133],[426705,4584082],[426706,4584080],[426706,4584077],[426709,4584071],[426709,4584069],[426710,4584068],[426714,4584058],[426718,4584047],[426729,4584025],[426731,4584020],[426733,4584016],[426734,4584013],[426734,4584013],[426732,4584012],[426736,4584004],[426739,4583998],[426741,4583996],[426742,4583993],[426742,4583993],[426743,4583992],[426746,4583987],[426748,4583983],[426758,4583976],[426759,4583969],[426760,4583967],[426763,4583962],[426769,4583955],[426769,4583955],[426769,4583955],[426772,4583952],[426775,4583947],[426775,4583946],[426775,4583946],[426777,4583943],[426777,4583942],[426781,4583937],[426786,4583932],[426790,4583926],[426790,4583926],[426790,4583926],[426795,4583919],[426796,4583917],[426802,4583910],[426803,4583909],[426811,4583900],[426815,4583896],[426817,4583894],[426818,4583893],[426819,4583893],[426819,4583892],[426820,4583891],[426821,4583890],[426821,4583890],[426822,4583889],[426823,4583888],[426823,4583887],[426824,4583887],[426824,4583886],[426825,4583885],[426831,4583887],[426838,4583881],[426840,4583871],[426838,4583870],[426829,4583864],[426830,4583861],[426831,4583860],[426832,4583857],[426834,4583851],[426836,4583847],[426836,4583846],[426836,4583846],[426836,4583845],[426836,4583844],[426837,4583844],[426837,4583843],[426837,4583842],[426838,4583838],[426839,4583832],[426840,4583828],[426840,4583827],[426840,4583826],[426840,4583826],[426841,4583821],[426841,4583818],[426841,4583816],[426842,4583815],[426842,4583814],[426842,4583813],[426842,4583809],[426842,4583804],[426842,4583799],[426842,4583794],[426842,4583794],[426842,4583793],[426842,4583792],[426843,4583792],[426843,4583792],[426843,4583791],[426843,4583791],[426844,4583790],[426844,4583790],[426844,4583790],[426845,4583789],[426845,4583789],[426845,4583789],[426846,4583788],[426846,4583788],[426846,4583788],[426847,4583787],[426848,4583787],[426848,4583786],[426848,4583786],[426849,4583786],[426849,4583785],[426849,4583785],[426850,4583785],[426850,4583784],[426851,4583784],[426851,4583784],[426851,4583784],[426852,4583784],[426852,4583784],[426852,4583783],[426852,4583783],[426853,4583783],[426854,4583782],[426855,4583782],[426856,4583781],[426856,4583781],[426856,4583781],[426857,4583780],[426857,4583780],[426857,4583780],[426857,4583780],[426858,4583780],[426858,4583779],[426859,4583779],[426859,4583779],[426860,4583778],[426860,4583778],[426861,4583778],[426861,4583778],[426861,4583778],[426862,4583777],[426862,4583777],[426862,4583777],[426862,4583777],[426863,4583777],[426863,4583777],[426863,4583777],[426864,4583777],[426864,4583776],[426864,4583776],[426865,4583775],[426865,4583775],[426866,4583774],[426866,4583774],[426866,4583773],[426867,4583773],[426867,4583773],[426868,4583772],[426868,4583771],[426868,4583771],[426868,4583771],[426869,4583770],[426869,4583769],[426869,4583769],[426870,4583768],[426870,4583768],[426871,4583767],[426871,4583767],[426871,4583767],[426871,4583766],[426872,4583766],[426872,4583766],[426877,4583757],[426920,4583789],[426974,4583828],[426984,4583835],[427016,4583859],[427017,4583859],[427035,4583872],[427068,4583896],[427071,4583898],[427107,4583923],[427151,4583956],[427172,4583972],[427199,4583991],[427211,4583999],[427232,4584015],[427240,4584021],[427270,4584043],[427281,4584050],[427289,4584035],[427304,4584009],[427315,4583990],[427320,4583981],[427324,4583975],[427329,4583964],[427329,4583964],[427332,4583961],[427336,4583952],[427349,4583930],[427361,4583909],[427368,4583896],[427374,4583887],[427387,4583864],[427399,4583842],[427399,4583841],[427412,4583819],[427426,4583794],[427430,4583787],[427442,4583767],[427444,4583764],[427459,4583737],[427461,4583732],[427476,4583708],[427480,4583699],[427487,4583688],[427505,4583656],[427518,4583634],[427520,4583630],[427522,4583625],[427529,4583614],[427544,4583588],[427554,4583571],[427554,4583570],[427565,4583550],[427574,4583534],[427580,4583525],[427584,4583517],[427586,4583514],[427596,4583497],[427608,4583474],[427614,4583464],[427620,4583455],[427620,4583455],[427622,4583451],[427638,4583471],[427663,4583505],[427678,4583523],[427694,4583542],[427714,4583565],[427758,4583615],[427762,4583619],[427810,4583671],[427827,4583693],[427860,4583733],[427905,4583789],[427909,4583794],[427929,4583820],[427941,4583833],[427950,4583843],[427957,4583849],[427980,4583872],[428009,4583897],[428040,4583922],[428064,4583942],[428076,4583951],[428102,4583968],[428111,4583973],[428114,4583975],[428165,4584003],[428170,4584005],[428178,4584009],[428157,4584026],[428156,4584027],[428150,4584031],[428144,4584036],[428138,4584041],[428132,4584045],[428126,4584050],[428122,4584053],[428109,4584065],[428105,4584068],[428100,4584072],[428099,4584073],[428098,4584074],[428097,4584075],[428096,4584076],[428095,4584077],[428094,4584078],[428093,4584079],[428092,4584080],[428092,4584080],[428091,4584082],[428090,4584083],[428089,4584084],[428088,4584085],[428087,4584086],[428086,4584087],[428085,4584089],[428085,4584090],[428084,4584091],[428083,4584092],[428082,4584094],[428075,4584106],[428074,4584107],[428073,4584109],[428072,4584111],[428070,4584113],[428069,4584115],[428068,4584117],[428067,4584119],[428066,4584121],[428065,4584123],[428064,4584125],[428063,4584127],[428062,4584129],[428061,4584131],[428061,4584132],[428060,4584134],[428059,4584136],[428054,4584149],[428047,4584167],[428046,4584169],[428046,4584170],[428043,4584178],[428037,4584189],[428030,4584204],[428020,4584231],[428011,4584255],[428007,4584266],[428001,4584283],[427994,4584300],[427989,4584313],[427986,4584323],[427983,4584330],[427977,4584346],[427973,4584356],[427968,4584372],[427961,4584389],[427955,4584405],[427949,4584420],[427944,4584434],[427940,4584446],[427937,4584453],[427930,4584473],[427912,4584519],[427910,4584526],[427900,4584550],[427891,4584577],[427887,4584588],[427888,4584588],[427889,4584589],[427889,4584589],[427890,4584589],[427890,4584590],[427891,4584590],[427891,4584590],[427892,4584591],[427892,4584591],[427893,4584591],[427893,4584592],[427893,4584592],[427894,4584593],[427894,4584593],[427895,4584594],[427895,4584594],[427895,4584595],[427896,4584595],[427896,4584596],[427896,4584596],[427897,4584597],[427897,4584597],[427897,4584598],[427897,4584599],[427897,4584599],[427898,4584600],[427898,4584600],[427898,4584601],[427898,4584602],[427898,4584603],[427899,4584604],[427899,4584605],[427899,4584606],[427899,4584607],[427899,4584608],[427899,4584609],[427899,4584610],[427899,4584610],[427899,4584611],[427899,4584611],[427899,4584612],[427899,4584612],[427899,4584613],[427899,4584614],[427899,4584614],[427898,4584615],[427898,4584616],[427898,4584617],[427898,4584618],[427897,4584618],[427897,4584619],[427897,4584620],[427896,4584621],[427896,4584622],[427895,4584624],[427895,4584626],[427894,4584627],[427893,4584629],[427893,4584631],[427892,4584633],[427891,4584634],[427891,4584636],[427889,4584640],[427889,4584641],[427889,4584641],[427883,4584659],[427895,4584665],[427909,4584672],[427914,4584674],[427930,4584683],[427931,4584684],[427933,4584685],[427934,4584686],[427935,4584687],[427939,4584690],[427942,4584693],[427945,4584696],[427948,4584699],[427952,4584704],[427955,4584708],[427959,4584713],[427962,4584718],[427965,4584724],[427968,4584729],[427971,4584735],[427973,4584741],[427975,4584747],[427977,4584753],[427978,4584759],[427980,4584765],[427980,4584767],[427980,4584768],[427980,4584769],[427981,4584772],[427981,4584774],[427981,4584776],[427981,4584780],[427980,4584802],[427978,4584815],[427971,4584846],[427961,4584909],[427958,4584923],[427953,4584951],[427953,4584952],[427950,4584969],[427947,4584984],[427945,4584999],[427940,4585021],[427936,4585039],[427933,4585056],[427932,4585063],[427935,4585082],[427937,4585088],[427915,4585100],[427913,4585102],[427902,4585108],[427895,4585113],[427884,4585122],[427882,4585123],[427879,4585127],[427811,4585207],[427807,4585212],[427804,4585219],[427802,4585227],[427801,4585235],[427799,4585253],[427803,4585267],[427811,4585285],[427821,4585297],[427808,4585313],[427794,4585330],[427792,4585332],[427777,4585350],[427771,4585357],[427760,4585371],[427734,4585403],[427706,4585435],[427686,4585457],[427683,4585460],[427676,4585468],[427656,4585490],[427645,4585500],[427626,4585512],[427603,4585524],[427588,4585531],[427529,4585557],[427512,4585568],[427498,4585581],[427493,4585585],[427487,4585588],[427478,4585589],[427470,4585586],[427467,4585584],[427449,4585571],[427430,4585561],[427419,4585556],[427409,4585553],[427408,4585553],[427400,4585551],[427391,4585550],[427385,4585550],[427379,4585552],[427352,4585560],[427347,4585560],[427341,4585557],[427339,4585561],[427315,4585600],[427302,4585649],[427304,4585664],[427305,4585670],[427306,4585678],[427307,4585686],[427308,4585693],[427309,4585700],[427308,4585704],[427305,4585709],[427301,4585710],[427297,4585710],[427293,4585707],[427290,4585704],[427286,4585701],[427284,4585698],[427280,4585694],[427277,4585691],[427272,4585688],[427268,4585687],[427263,4585685],[427259,4585685],[427256,4585686],[427252,4585687],[427247,4585690],[427246,4585691],[427240,4585695],[427235,4585697],[427231,4585698],[427227,4585700],[427220,4585704],[427216,4585709],[427210,4585725]]]}},{"type":"Feature","properties":{"barri":"Sant Gervasi - Galvany","districte":"Sarrià-Sant Gervasi"},"geometry":{"type":"Polygon","coordinates":[[[428716,4583670],[428711,4583675],[428684,4583694],[428651,4583719],[428631,4583733],[428631,4583733],[428613,4583747],[428601,4583756],[428594,4583761],[428579,4583773],[428573,4583778],[428560,4583787],[428544,4583799],[428538,4583804],[428536,4583805],[428535,4583806],[428534,4583807],[428533,4583807],[428531,4583808],[428530,4583809],[428529,4583810],[428527,4583811],[428526,4583812],[428525,4583812],[428523,4583813],[428522,4583814],[428520,4583815],[428520,4583815],[428518,4583816],[428516,4583817],[428514,4583818],[428512,4583819],[428510,4583820],[428508,4583821],[428506,4583822],[428503,4583823],[428501,4583824],[428498,4583825],[428496,4583826],[428493,4583828],[428491,4583829],[428489,4583829],[428487,4583830],[428485,4583831],[428483,4583832],[428482,4583832],[428480,4583833],[428478,4583834],[428476,4583835],[428474,4583835],[428468,4583838],[428441,4583848],[428414,4583859],[428394,4583868],[428389,4583870],[428384,4583873],[428379,4583876],[428375,4583879],[428368,4583884],[428362,4583889],[428359,4583892],[428356,4583894],[428344,4583906],[428330,4583919],[428321,4583928],[428315,4583933],[428310,4583937],[428296,4583948],[428289,4583952],[428283,4583956],[428276,4583960],[428258,4583969],[428235,4583981],[428233,4583981],[428224,4583986],[428195,4584001],[428178,4584009],[428170,4584005],[428165,4584003],[428114,4583975],[428111,4583973],[428102,4583968],[428076,4583951],[428064,4583942],[428040,4583922],[428009,4583897],[427980,4583872],[427957,4583849],[427950,4583843],[427941,4583833],[427929,4583820],[427909,4583794],[427905,4583789],[427860,4583733],[427827,4583693],[427810,4583671],[427762,4583619],[427758,4583615],[427714,4583565],[427694,4583542],[427678,4583523],[427663,4583505],[427638,4583471],[427622,4583451],[427609,4583433],[427592,4583409],[427555,4583355],[427546,4583340],[427523,4583303],[427517,4583292],[427515,4583288],[427512,4583281],[427511,4583278],[427510,4583275],[427508,4583269],[427507,4583263],[427506,4583254],[427506,4583245],[427506,4583236],[427506,4583227],[427507,4583218],[427509,4583211],[427510,4583205],[427512,4583199],[427515,4583193],[427517,4583187],[427521,4583181],[427524,4583176],[427529,4583168],[427530,4583167],[427558,4583128],[427585,4583090],[427587,4583088],[427595,4583077],[427597,4583072],[427601,4583064],[427607,4583049],[427614,4583034],[427625,4583033],[427634,4583023],[427642,4583006],[427652,4582980],[427656,4582967],[427660,4582957],[427667,4582935],[427668,4582933],[427690,4582861],[427697,4582837],[427719,4582766],[427737,4582706],[427746,4582678],[427749,4582667],[427751,4582660],[427775,4582626],[427797,4582597],[427802,4582590],[427803,4582589],[427890,4582570],[427999,4582548],[428049,4582564],[428296,4582644],[428442,4582691],[428443,4582690],[428446,4582686],[428450,4582681],[428453,4582678],[428459,4582673],[428466,4582670],[428471,4582669],[428475,4582668],[428481,4582668],[428486,4582668],[428492,4582670],[428498,4582672],[428503,4582675],[428507,4582678],[428509,4582680],[428512,4582683],[428516,4582688],[428519,4582693],[428520,4582699],[428521,4582705],[428522,4582711],[428521,4582716],[428520,4582722],[428569,4582738],[428619,4582754],[428624,4582756],[428663,4582768],[428767,4582802],[428909,4582848],[429051,4582895],[429336,4582987],[429420,4583015],[429420,4583015],[429383,4583102],[429356,4583149],[429282,4583249],[429216,4583339],[429117,4583473],[429086,4583516],[429050,4583565],[429013,4583588],[428985,4583604],[428970,4583611],[428953,4583618],[428916,4583632],[428887,4583639],[428869,4583642],[428853,4583644],[428828,4583647],[428816,4583648],[428804,4583648],[428793,4583647],[428770,4583645],[428746,4583642],[428716,4583670]]]}},{"type":"Feature","properties":{"barri":"el Putxet i el Farró","districte":"Sarrià-Sant Gervasi"},"geometry":{"type":"Polygon","coordinates":[[[428819,4584288],[428822,4584290],[428837,4584305],[428843,4584310],[428842,4584311],[428841,4584312],[428761,4584401],[428722,4584467],[428661,4584569],[428649,4584590],[428647,4584593],[428630,4584621],[428621,4584639],[428614,4584657],[428591,4584716],[428580,4584731],[428572,4584742],[428564,4584751],[428555,4584758],[428542,4584766],[428523,4584774],[428497,4584779],[428387,4584792],[428383,4584792],[428204,4584820],[428204,4584820],[428202,4584821],[428193,4584825],[428183,4584833],[428151,4584866],[428120,4584899],[427982,4585045],[427956,4585072],[427946,4585080],[427937,4585088],[427935,4585082],[427932,4585063],[427933,4585056],[427936,4585039],[427940,4585021],[427945,4584999],[427947,4584984],[427950,4584969],[427953,4584952],[427953,4584951],[427958,4584923],[427961,4584909],[427971,4584846],[427978,4584815],[427980,4584802],[427981,4584780],[427981,4584776],[427981,4584774],[427981,4584772],[427980,4584769],[427980,4584768],[427980,4584767],[427980,4584765],[427978,4584759],[427977,4584753],[427975,4584747],[427973,4584741],[427971,4584735],[427968,4584729],[427965,4584724],[427962,4584718],[427959,4584713],[427955,4584708],[427952,4584704],[427948,4584699],[427945,4584696],[427942,4584693],[427939,4584690],[427935,4584687],[427934,4584686],[427933,4584685],[427931,4584684],[427930,4584683],[427914,4584674],[427909,4584672],[427895,4584665],[427883,4584659],[427889,4584641],[427889,4584641],[427889,4584640],[427891,4584636],[427891,4584634],[427892,4584633],[427893,4584631],[427893,4584629],[427894,4584627],[427895,4584626],[427895,4584624],[427896,4584622],[427896,4584621],[427897,4584620],[427897,4584619],[427897,4584618],[427898,4584618],[427898,4584617],[427898,4584616],[427898,4584615],[427899,4584614],[427899,4584614],[427899,4584613],[427899,4584612],[427899,4584612],[427899,4584611],[427899,4584611],[427899,4584610],[427899,4584610],[427899,4584609],[427899,4584608],[427899,4584607],[427899,4584606],[427899,4584605],[427899,4584604],[427898,4584603],[427898,4584602],[427898,4584601],[427898,4584600],[427898,4584600],[427897,4584599],[427897,4584599],[427897,4584598],[427897,4584597],[427897,4584597],[427896,4584596],[427896,4584596],[427896,4584595],[427895,4584595],[427895,4584594],[427895,4584594],[427894,4584593],[427894,4584593],[427893,4584592],[427893,4584592],[427893,4584591],[427892,4584591],[427892,4584591],[427891,4584590],[427891,4584590],[427890,4584590],[427890,4584589],[427889,4584589],[427889,4584589],[427888,4584588],[427887,4584588],[427891,4584577],[427900,4584550],[427910,4584526],[427912,4584519],[427930,4584473],[427937,4584453],[427940,4584446],[427944,4584434],[427949,4584420],[427955,4584405],[427961,4584389],[427968,4584372],[427973,4584356],[427977,4584346],[427983,4584330],[427986,4584323],[427989,4584313],[427994,4584300],[428001,4584283],[428007,4584266],[428011,4584255],[428020,4584231],[428030,4584204],[428037,4584189],[428043,4584178],[428046,4584170],[428046,4584169],[428047,4584167],[428054,4584149],[428059,4584136],[428060,4584134],[428061,4584132],[428061,4584131],[428062,4584129],[428063,4584127],[428064,4584125],[428065,4584123],[428066,4584121],[428067,4584119],[428068,4584117],[428069,4584115],[428070,4584113],[428072,4584111],[428073,4584109],[428074,4584107],[428075,4584106],[428082,4584094],[428083,4584092],[428084,4584091],[428085,4584090],[428085,4584089],[428086,4584087],[428087,4584086],[428088,4584085],[428089,4584084],[428090,4584083],[428091,4584082],[428092,4584080],[428092,4584080],[428093,4584079],[428094,4584078],[428095,4584077],[428096,4584076],[428097,4584075],[428098,4584074],[428099,4584073],[428100,4584072],[428105,4584068],[428109,4584065],[428122,4584053],[428126,4584050],[428132,4584045],[428138,4584041],[428144,4584036],[428150,4584031],[428156,4584027],[428157,4584026],[428178,4584009],[428195,4584001],[428224,4583986],[428233,4583981],[428235,4583981],[428258,4583969],[428276,4583960],[428283,4583956],[428289,4583952],[428296,4583948],[428310,4583937],[428315,4583933],[428321,4583928],[428330,4583919],[428344,4583906],[428356,4583894],[428359,4583892],[428362,4583889],[428368,4583884],[428375,4583879],[428379,4583876],[428384,4583873],[428389,4583870],[428394,4583868],[428414,4583859],[428441,4583848],[428468,4583838],[428474,4583835],[428476,4583835],[428478,4583834],[428480,4583833],[428482,4583832],[428483,4583832],[428485,4583831],[428487,4583830],[428489,4583829],[428491,4583829],[428493,4583828],[428496,4583826],[428498,4583825],[428501,4583824],[428503,4583823],[428506,4583822],[428508,4583821],[428510,4583820],[428512,4583819],[428514,4583818],[428516,4583817],[428518,4583816],[428520,4583815],[428520,4583815],[428522,4583814],[428523,4583813],[428525,4583812],[428526,4583812],[428527,4583811],[428529,4583810],[428530,4583809],[428531,4583808],[428533,4583807],[428534,4583807],[428535,4583806],[428536,4583805],[428538,4583804],[428544,4583799],[428560,4583787],[428573,4583778],[428579,4583773],[428594,4583761],[428601,4583756],[428613,4583747],[428631,4583733],[428631,4583733],[428651,4583719],[428684,4583694],[428711,4583675],[428716,4583670],[428746,4583642],[428770,4583645],[428793,4583647],[428804,4583648],[428816,4583648],[428828,4583647],[428853,4583644],[428869,4583642],[428887,4583639],[428916,4583632],[428953,4583618],[428970,4583611],[428985,4583604],[429013,4583588],[429050,4583565],[429045,4583591],[429046,4583610],[429051,4583627],[429051,4583638],[429050,4583657],[429045,4583676],[429039,4583691],[429022,4583720],[429020,4583724],[428998,4583763],[428959,4583831],[428952,4583846],[428950,4583851],[428944,4583867],[428944,4583874],[428954,4583931],[428959,4583941],[428972,4583957],[428973,4583958],[428973,4583959],[428979,4583970],[428983,4583983],[428983,4583996],[428982,4584005],[428955,4584100],[428951,4584123],[428951,4584133],[428953,4584138],[428957,4584153],[428959,4584176],[428949,4584190],[428933,4584211],[428919,4584231],[428915,4584233],[428908,4584239],[428899,4584246],[428899,4584247],[428876,4584274],[428873,4584277],[428873,4584277],[428869,4584273],[428866,4584270],[428866,4584269],[428858,4584261],[428857,4584262],[428854,4584259],[428857,4584255],[428857,4584255],[428868,4584243],[428864,4584239],[428854,4584250],[428852,4584248],[428850,4584247],[428848,4584245],[428846,4584247],[428846,4584248],[428842,4584252],[428832,4584264],[428831,4584265],[428830,4584264],[428828,4584264],[428827,4584265],[428825,4584263],[428822,4584266],[428820,4584269],[428829,4584277],[428828,4584279],[428828,4584279],[428819,4584288]]]}},{"type":"Feature","properties":{"barri":"Vallcarca i els Penitents","districte":"Gràcia"},"geometry":{"type":"Polygon","coordinates":[[[427827,4586145],[427821,4586152],[427816,4586161],[427815,4586171],[427816,4586202],[427816,4586215],[427815,4586225],[427810,4586236],[427802,4586248],[427796,4586254],[427788,4586259],[427730,4586285],[427728,4586281],[427726,4586277],[427726,4586277],[427726,4586277],[427725,4586275],[427724,4586272],[427724,4586270],[427725,4586266],[427726,4586262],[427727,4586260],[427729,4586257],[427736,4586248],[427745,4586238],[427748,4586234],[427749,4586232],[427751,4586229],[427751,4586228],[427751,4586225],[427751,4586224],[427751,4586222],[427751,4586220],[427750,4586218],[427750,4586218],[427749,4586215],[427747,4586211],[427746,4586208],[427744,4586204],[427744,4586203],[427743,4586202],[427741,4586197],[427738,4586191],[427733,4586185],[427732,4586183],[427730,4586180],[427727,4586177],[427726,4586176],[427720,4586169],[427717,4586166],[427712,4586163],[427710,4586161],[427708,4586159],[427707,4586157],[427706,4586153],[427703,4586146],[427703,4586146],[427701,4586141],[427699,4586142],[427699,4586142],[427692,4586144],[427692,4586144],[427690,4586145],[427689,4586142],[427688,4586142],[427687,4586140],[427686,4586138],[427685,4586137],[427685,4586137],[427685,4586136],[427683,4586134],[427680,4586127],[427676,4586120],[427674,4586117],[427673,4586113],[427669,4586106],[427667,4586100],[427666,4586096],[427664,4586093],[427664,4586092],[427664,4586092],[427663,4586089],[427662,4586086],[427660,4586082],[427659,4586079],[427658,4586072],[427657,4586069],[427656,4586066],[427656,4586066],[427656,4586064],[427655,4586062],[427653,4586056],[427653,4586053],[427653,4586051],[427653,4586049],[427653,4586047],[427653,4586044],[427653,4586041],[427655,4586037],[427655,4586035],[427656,4586035],[427657,4586033],[427658,4586031],[427658,4586030],[427660,4586028],[427660,4586028],[427662,4586025],[427666,4586021],[427667,4586021],[427667,4586021],[427671,4586017],[427671,4586016],[427676,4586012],[427676,4586012],[427680,4586009],[427681,4586008],[427685,4586005],[427687,4586004],[427688,4586003],[427689,4586002],[427693,4585995],[427699,4585984],[427693,4585981],[427693,4585981],[427692,4585981],[427691,4585982],[427689,4585983],[427678,4585987],[427671,4585989],[427664,4585991],[427657,4585993],[427648,4585994],[427641,4585995],[427632,4585997],[427629,4585997],[427621,4585999],[427609,4586002],[427603,4586003],[427597,4586004],[427593,4586006],[427592,4586007],[427588,4586009],[427586,4586010],[427585,4586011],[427583,4586012],[427581,4586013],[427579,4586015],[427577,4586016],[427574,4586018],[427572,4586019],[427569,4586021],[427566,4586022],[427563,4586023],[427560,4586025],[427557,4586026],[427554,4586028],[427552,4586029],[427551,4586029],[427548,4586030],[427544,4586031],[427539,4586032],[427536,4586033],[427536,4586033],[427533,4586033],[427532,4586033],[427530,4586032],[427526,4586032],[427525,4586032],[427523,4586032],[427521,4586032],[427518,4586032],[427517,4586031],[427515,4586031],[427512,4586031],[427512,4586031],[427511,4586031],[427508,4586031],[427505,4586031],[427502,4586030],[427500,4586030],[427498,4586030],[427497,4586030],[427494,4586030],[427492,4586029],[427489,4586029],[427486,4586029],[427484,4586029],[427483,4586029],[427481,4586029],[427479,4586028],[427478,4586028],[427476,4586028],[427474,4586028],[427472,4586028],[427470,4586028],[427465,4586027],[427460,4586027],[427460,4586028],[427458,4586028],[427453,4586028],[427451,4586028],[427446,4586029],[427442,4586029],[427442,4586029],[427437,4586030],[427425,4586033],[427419,4586035],[427415,4586036],[427405,4586039],[427394,4586042],[427390,4586044],[427384,4586044],[427384,4586044],[427383,4586044],[427378,4586045],[427371,4586047],[427369,4586047],[427368,4586047],[427368,4586047],[427363,4586048],[427361,4586049],[427352,4586052],[427350,4586053],[427349,4586053],[427349,4586053],[427348,4586051],[427341,4586050],[427336,4586050],[427335,4586050],[427334,4586050],[427333,4586049],[427332,4586049],[427331,4586049],[427331,4586049],[427330,4586049],[427309,4586040],[427308,4586039],[427307,4586039],[427307,4586039],[427306,4586039],[427305,4586038],[427305,4586038],[427304,4586038],[427303,4586037],[427302,4586036],[427301,4586036],[427300,4586035],[427299,4586034],[427298,4586034],[427297,4586033],[427296,4586033],[427304,4586020],[427304,4586020],[427306,4586018],[427308,4586015],[427317,4586001],[427320,4585996],[427334,4585974],[427340,4585965],[427356,4585948],[427357,4585948],[427361,4585942],[427376,4585920],[427403,4585897],[427404,4585896],[427405,4585895],[427404,4585893],[427403,4585890],[427402,4585888],[427402,4585887],[427402,4585883],[427403,4585878],[427404,4585876],[427404,4585875],[427404,4585872],[427406,4585867],[427408,4585864],[427409,4585861],[427411,4585858],[427418,4585849],[427423,4585843],[427430,4585833],[427434,4585827],[427438,4585821],[427444,4585809],[427452,4585794],[427457,4585786],[427466,4585772],[427471,4585764],[427478,4585755],[427479,4585752],[427480,4585750],[427481,4585748],[427482,4585745],[427482,4585743],[427482,4585739],[427481,4585735],[427479,4585732],[427476,4585729],[427473,4585726],[427470,4585724],[427465,4585721],[427460,4585719],[427458,4585718],[427455,4585717],[427442,4585711],[427436,4585709],[427432,4585707],[427426,4585704],[427423,4585702],[427417,4585698],[427404,4585688],[427401,4585686],[427398,4585683],[427395,4585682],[427392,4585680],[427388,4585680],[427385,4585679],[427381,4585680],[427379,4585680],[427376,4585681],[427375,4585682],[427372,4585684],[427371,4585686],[427369,4585687],[427366,4585692],[427364,4585696],[427362,4585700],[427360,4585707],[427358,4585714],[427357,4585717],[427355,4585724],[427354,4585728],[427352,4585731],[427349,4585735],[427346,4585738],[427344,4585740],[427341,4585742],[427340,4585743],[427337,4585744],[427333,4585746],[427333,4585746],[427328,4585748],[427322,4585751],[427318,4585753],[427314,4585755],[427309,4585756],[427307,4585756],[427304,4585756],[427302,4585756],[427299,4585755],[427298,4585754],[427296,4585753],[427294,4585752],[427292,4585750],[427290,4585747],[427288,4585743],[427286,4585739],[427285,4585736],[427285,4585733],[427284,4585730],[427283,4585726],[427282,4585723],[427281,4585721],[427281,4585719],[427279,4585716],[427278,4585712],[427275,4585709],[427273,4585706],[427270,4585702],[427266,4585699],[427263,4585697],[427260,4585695],[427257,4585694],[427254,4585694],[427250,4585694],[427245,4585694],[427240,4585695],[427246,4585691],[427247,4585690],[427252,4585687],[427256,4585686],[427259,4585685],[427263,4585685],[427268,4585687],[427272,4585688],[427277,4585691],[427280,4585694],[427284,4585698],[427286,4585701],[427290,4585704],[427293,4585707],[427297,4585710],[427301,4585710],[427305,4585709],[427308,4585704],[427309,4585700],[427308,4585693],[427307,4585686],[427306,4585678],[427305,4585670],[427304,4585664],[427302,4585649],[427315,4585600],[427339,4585561],[427341,4585557],[427347,4585560],[427352,4585560],[427379,4585552],[427385,4585550],[427391,4585550],[427400,4585551],[427408,4585553],[427409,4585553],[427419,4585556],[427430,4585561],[427449,4585571],[427467,4585584],[427470,4585586],[427478,4585589],[427487,4585588],[427493,4585585],[427498,4585581],[427512,4585568],[427529,4585557],[427588,4585531],[427603,4585524],[427626,4585512],[427645,4585500],[427656,4585490],[427676,4585468],[427683,4585460],[427686,4585457],[427706,4585435],[427734,4585403],[427760,4585371],[427771,4585357],[427777,4585350],[427792,4585332],[427794,4585330],[427808,4585313],[427821,4585297],[427811,4585285],[427803,4585267],[427799,4585253],[427801,4585235],[427802,4585227],[427804,4585219],[427807,4585212],[427811,4585207],[427879,4585127],[427882,4585123],[427884,4585122],[427895,4585113],[427902,4585108],[427913,4585102],[427915,4585100],[427937,4585088],[427946,4585080],[427956,4585072],[427982,4585045],[428120,4584899],[428151,4584866],[428183,4584833],[428193,4584825],[428202,4584821],[428204,4584820],[428204,4584820],[428383,4584792],[428387,4584792],[428497,4584779],[428523,4584774],[428542,4584766],[428555,4584758],[428564,4584751],[428572,4584742],[428580,4584731],[428591,4584716],[428614,4584657],[428621,4584639],[428630,4584621],[428647,4584593],[428649,4584590],[428661,4584569],[428722,4584467],[428761,4584401],[428841,4584312],[428842,4584311],[428843,4584310],[428837,4584305],[428822,4584290],[428819,4584288],[428828,4584279],[428828,4584279],[428829,4584277],[428820,4584269],[428822,4584266],[428825,4584263],[428827,4584265],[428828,4584264],[428830,4584264],[428831,4584265],[428832,4584264],[428842,4584252],[428846,4584248],[428846,4584247],[428848,4584245],[428850,4584247],[428852,4584248],[428854,4584250],[428864,4584239],[428868,4584243],[428857,4584255],[428857,4584255],[428854,4584259],[428857,4584262],[428858,4584261],[428866,4584269],[428866,4584270],[428869,4584273],[428873,4584277],[428873,4584277],[428876,4584274],[428899,4584247],[428899,4584246],[428908,4584239],[428916,4584249],[428926,4584261],[428948,4584287],[428951,4584295],[428953,4584303],[428954,4584311],[428953,4584323],[428951,4584328],[428973,4584350],[428990,4584370],[429006,4584386],[429013,4584393],[428978,4584436],[428972,4584443],[428966,4584450],[428954,4584467],[428921,4584511],[428891,4584552],[428862,4584591],[428815,4584655],[428814,4584658],[428793,4584686],[428801,4584692],[428831,4584712],[428877,4584743],[428930,4584778],[428933,4584780],[428972,4584807],[428976,4584810],[428927,4584882],[428900,4584922],[428888,4584939],[428885,4584943],[428894,4584948],[428908,4584953],[428917,4584955],[428925,4584955],[428931,4584956],[428931,4584958],[428935,4584973],[428940,4584990],[428947,4585020],[428951,4585038],[428951,4585044],[428951,4585050],[428952,4585056],[428952,4585057],[428952,4585062],[428951,4585069],[428951,4585076],[428950,4585082],[428950,4585089],[428948,4585108],[428947,4585111],[428947,4585113],[428946,4585115],[428945,4585117],[428940,4585129],[428930,4585152],[428930,4585155],[428929,4585159],[428930,4585161],[428931,4585165],[428936,4585172],[428940,4585176],[428945,4585181],[428956,4585191],[428963,4585194],[428981,4585202],[428984,4585203],[428987,4585205],[428992,4585207],[428996,4585208],[429006,4585211],[429009,4585212],[429013,4585213],[429016,4585214],[429019,4585214],[429022,4585214],[429026,4585215],[429032,4585215],[429039,4585217],[429047,4585218],[429056,4585220],[429055,4585226],[429055,4585236],[429055,4585237],[429057,4585239],[429060,4585245],[429061,4585246],[429061,4585248],[429062,4585250],[429064,4585260],[429064,4585262],[429064,4585263],[429064,4585265],[429063,4585269],[429062,4585272],[429061,4585274],[429061,4585276],[429060,4585277],[429058,4585279],[429057,4585281],[429051,4585285],[429047,4585288],[429042,4585291],[429037,4585293],[429027,4585296],[429016,4585300],[429011,4585303],[429010,4585304],[429009,4585305],[429006,4585308],[429002,4585311],[429000,4585311],[428996,4585312],[428996,4585307],[428997,4585305],[428998,4585303],[429000,4585302],[429005,4585298],[429008,4585296],[429019,4585292],[429027,4585289],[429037,4585283],[429043,4585278],[429047,4585274],[429048,4585273],[429049,4585271],[429050,4585268],[429051,4585265],[429050,4585262],[429049,4585261],[429048,4585258],[429043,4585251],[429042,4585250],[428968,4585266],[428957,4585267],[428945,4585266],[428938,4585265],[428924,4585266],[428914,4585265],[428905,4585262],[428888,4585257],[428873,4585253],[428867,4585252],[428860,4585258],[428848,4585268],[428840,4585276],[428838,4585279],[428835,4585284],[428833,4585287],[428832,4585289],[428831,4585291],[428825,4585293],[428816,4585266],[428803,4585230],[428799,4585228],[428789,4585218],[428771,4585199],[428763,4585191],[428756,4585183],[428723,4585149],[428688,4585122],[428542,4585009],[428531,4585004],[428526,4585007],[428528,4585024],[428522,4585066],[428521,4585077],[428520,4585094],[428524,4585119],[428531,4585137],[428543,4585152],[428558,4585166],[428573,4585177],[428597,4585192],[428640,4585219],[428669,4585238],[428678,4585243],[428684,4585248],[428689,4585253],[428694,4585258],[428697,4585263],[428698,4585265],[428699,4585267],[428701,4585270],[428702,4585272],[428702,4585275],[428703,4585278],[428704,4585280],[428705,4585283],[428707,4585294],[428709,4585305],[428711,4585317],[428713,4585329],[428708,4585332],[428688,4585347],[428684,4585350],[428680,4585353],[428678,4585354],[428678,4585354],[428665,4585364],[428663,4585366],[428658,4585369],[428635,4585386],[428631,4585389],[428605,4585372],[428584,4585361],[428574,4585358],[428562,4585357],[428555,4585360],[428546,4585365],[428531,4585380],[428498,4585415],[428483,4585439],[428468,4585460],[428465,4585506],[428472,4585576],[428480,4585623],[428483,4585634],[428485,4585639],[428489,4585648],[428493,4585654],[428496,4585661],[428505,4585680],[428509,4585692],[428510,4585698],[428509,4585706],[428507,4585715],[428505,4585721],[428501,4585728],[428496,4585734],[428492,4585738],[428487,4585742],[428481,4585745],[428474,4585748],[428459,4585752],[428440,4585772],[428435,4585777],[428422,4585791],[428392,4585823],[428320,4585898],[428319,4585899],[428311,4585906],[428302,4585910],[428289,4585911],[428279,4585908],[428203,4585878],[428173,4585861],[428137,4585765],[428122,4585771],[428067,4585792],[428040,4585804],[427957,4585840],[427950,4585845],[427944,4585852],[427940,4585860],[427940,4585870],[427942,4585878],[427946,4585884],[427951,4585890],[427978,4585903],[427980,4585905],[427990,4585911],[427998,4585919],[428002,4585927],[428005,4585937],[428005,4585949],[428003,4585962],[428001,4585970],[427976,4586055],[427962,4586082],[427950,4586096],[427936,4586110],[427908,4586126],[427886,4586132],[427848,4586137],[427837,4586140],[427827,4586145]]]}},{"type":"Feature","properties":{"barri":"el Coll","districte":"Gràcia"},"geometry":{"type":"Polygon","coordinates":[[[429123,4585397],[429120,4585405],[429114,4585412],[429106,4585420],[429099,4585424],[429090,4585426],[429085,4585429],[429085,4585439],[429077,4585444],[429053,4585460],[429049,4585463],[429046,4585466],[429044,4585470],[429042,4585473],[429041,4585477],[429040,4585481],[429040,4585484],[429042,4585504],[429043,4585508],[429045,4585517],[429050,4585531],[429052,4585538],[429055,4585545],[429064,4585564],[429072,4585572],[429080,4585585],[429095,4585612],[429099,4585627],[429106,4585656],[429108,4585676],[429109,4585710],[429117,4585746],[429115,4585749],[429093,4585749],[429080,4585750],[429063,4585752],[429049,4585753],[429027,4585758],[429005,4585761],[428987,4585764],[428982,4585765],[428961,4585768],[428939,4585771],[428920,4585772],[428909,4585773],[428927,4585799],[428927,4585799],[428927,4585802],[428927,4585805],[428927,4585835],[428928,4585885],[428928,4585885],[428927,4585914],[428915,4585914],[428787,4585910],[428718,4585874],[428564,4585834],[428537,4585823],[428528,4585817],[428512,4585795],[428494,4585779],[428470,4585758],[428459,4585752],[428474,4585748],[428481,4585745],[428487,4585742],[428492,4585738],[428496,4585734],[428501,4585728],[428505,4585721],[428507,4585715],[428509,4585706],[428510,4585698],[428509,4585692],[428505,4585680],[428496,4585661],[428493,4585654],[428489,4585648],[428485,4585639],[428483,4585634],[428480,4585623],[428472,4585576],[428465,4585506],[428468,4585460],[428483,4585439],[428498,4585415],[428531,4585380],[428546,4585365],[428555,4585360],[428562,4585357],[428574,4585358],[428584,4585361],[428605,4585372],[428631,4585389],[428635,4585386],[428658,4585369],[428663,4585366],[428665,4585364],[428678,4585354],[428678,4585354],[428680,4585353],[428684,4585350],[428688,4585347],[428708,4585332],[428713,4585329],[428711,4585317],[428709,4585305],[428707,4585294],[428705,4585283],[428704,4585280],[428703,4585278],[428702,4585275],[428702,4585272],[428701,4585270],[428699,4585267],[428698,4585265],[428697,4585263],[428694,4585258],[428689,4585253],[428684,4585248],[428678,4585243],[428669,4585238],[428640,4585219],[428597,4585192],[428573,4585177],[428558,4585166],[428543,4585152],[428531,4585137],[428524,4585119],[428520,4585094],[428521,4585077],[428522,4585066],[428528,4585024],[428526,4585007],[428531,4585004],[428542,4585009],[428688,4585122],[428723,4585149],[428756,4585183],[428763,4585191],[428771,4585199],[428789,4585218],[428799,4585228],[428803,4585230],[428816,4585266],[428825,4585293],[428831,4585291],[428832,4585289],[428833,4585287],[428835,4585284],[428838,4585279],[428840,4585276],[428848,4585268],[428860,4585258],[428867,4585252],[428873,4585253],[428888,4585257],[428905,4585262],[428914,4585265],[428924,4585266],[428938,4585265],[428945,4585266],[428957,4585267],[428968,4585266],[429042,4585250],[429043,4585251],[429048,4585258],[429049,4585261],[429050,4585262],[429051,4585265],[429050,4585268],[429049,4585271],[429048,4585273],[429047,4585274],[429043,4585278],[429037,4585283],[429027,4585289],[429019,4585292],[429008,4585296],[429005,4585298],[429000,4585302],[428998,4585303],[428997,4585305],[428996,4585307],[428996,4585312],[428991,4585314],[428989,4585314],[428992,4585318],[428996,4585324],[428997,4585325],[428999,4585326],[429000,4585327],[429002,4585327],[429004,4585328],[429009,4585330],[429023,4585334],[429039,4585337],[429054,4585341],[429059,4585342],[429066,4585343],[429074,4585345],[429076,4585345],[429085,4585345],[429100,4585346],[429113,4585348],[429116,4585348],[429125,4585350],[429129,4585350],[429131,4585351],[429133,4585352],[429136,4585354],[429137,4585356],[429138,4585359],[429138,4585362],[429139,4585365],[429139,4585370],[429138,4585372],[429138,4585374],[429137,4585377],[429136,4585378],[429135,4585379],[429134,4585380],[429132,4585381],[429131,4585383],[429130,4585383],[429128,4585384],[429127,4585385],[429127,4585386],[429123,4585397]]]}},{"type":"Feature","properties":{"barri":"la Salut","districte":"Gràcia"},"geometry":{"type":"Polygon","coordinates":[[[429390,4585166],[429384,4585170],[429370,4585186],[429367,4585188],[429353,4585197],[429342,4585211],[429312,4585240],[429312,4585240],[429289,4585267],[429267,4585292],[429266,4585293],[429266,4585295],[429251,4585313],[429235,4585331],[429231,4585336],[429211,4585354],[429211,4585354],[429202,4585363],[429193,4585375],[429191,4585375],[429188,4585376],[429127,4585386],[429127,4585385],[429128,4585384],[429130,4585383],[429131,4585383],[429132,4585381],[429134,4585380],[429135,4585379],[429136,4585378],[429137,4585377],[429138,4585374],[429138,4585372],[429139,4585370],[429139,4585365],[429138,4585362],[429138,4585359],[429137,4585356],[429136,4585354],[429133,4585352],[429131,4585351],[429129,4585350],[429125,4585350],[429116,4585348],[429113,4585348],[429100,4585346],[429085,4585345],[429076,4585345],[429074,4585345],[429066,4585343],[429059,4585342],[429054,4585341],[429039,4585337],[429023,4585334],[429009,4585330],[429004,4585328],[429002,4585327],[429000,4585327],[428999,4585326],[428997,4585325],[428996,4585324],[428992,4585318],[428989,4585314],[428991,4585314],[428996,4585312],[429000,4585311],[429002,4585311],[429006,4585308],[429009,4585305],[429010,4585304],[429011,4585303],[429016,4585300],[429027,4585296],[429037,4585293],[429042,4585291],[429047,4585288],[429051,4585285],[429057,4585281],[429058,4585279],[429060,4585277],[429061,4585276],[429061,4585274],[429062,4585272],[429063,4585269],[429064,4585265],[429064,4585263],[429064,4585262],[429064,4585260],[429062,4585250],[429061,4585248],[429061,4585246],[429060,4585245],[429057,4585239],[429055,4585237],[429055,4585236],[429055,4585226],[429056,4585220],[429047,4585218],[429039,4585217],[429032,4585215],[429026,4585215],[429022,4585214],[429019,4585214],[429016,4585214],[429013,4585213],[429009,4585212],[429006,4585211],[428996,4585208],[428992,4585207],[428987,4585205],[428984,4585203],[428981,4585202],[428963,4585194],[428956,4585191],[428945,4585181],[428940,4585176],[428936,4585172],[428931,4585165],[428930,4585161],[428929,4585159],[428930,4585155],[428930,4585152],[428940,4585129],[428945,4585117],[428946,4585115],[428947,4585113],[428947,4585111],[428948,4585108],[428950,4585089],[428950,4585082],[428951,4585076],[428951,4585069],[428952,4585062],[428952,4585057],[428952,4585056],[428951,4585050],[428951,4585044],[428951,4585038],[428947,4585020],[428940,4584990],[428935,4584973],[428931,4584958],[428931,4584956],[428925,4584955],[428917,4584955],[428908,4584953],[428894,4584948],[428885,4584943],[428888,4584939],[428900,4584922],[428927,4584882],[428976,4584810],[428972,4584807],[428933,4584780],[428930,4584778],[428877,4584743],[428831,4584712],[428801,4584692],[428793,4584686],[428814,4584658],[428815,4584655],[428862,4584591],[428891,4584552],[428921,4584511],[428954,4584467],[428966,4584450],[428972,4584443],[428978,4584436],[429013,4584393],[429020,4584384],[429025,4584389],[429035,4584397],[429043,4584402],[429052,4584408],[429058,4584412],[429080,4584424],[429107,4584438],[429147,4584456],[429230,4584494],[429270,4584512],[429279,4584501],[429305,4584464],[429309,4584458],[429309,4584458],[429362,4584495],[429426,4584538],[429468,4584567],[429480,4584575],[429510,4584596],[429546,4584621],[429585,4584648],[429594,4584653],[429637,4584679],[429644,4584680],[429734,4584742],[429769,4584766],[429838,4584812],[429923,4584875],[429966,4584908],[429930,4584963],[429913,4584990],[429901,4585008],[429907,4585012],[429914,4585020],[429915,4585023],[429917,4585029],[429917,4585039],[429914,4585049],[429896,4585067],[429887,4585076],[429887,4585076],[429858,4585059],[429840,4585048],[429832,4585047],[429821,4585049],[429818,4585050],[429809,4585053],[429805,4585055],[429802,4585057],[429780,4585069],[429754,4585088],[429731,4585107],[429711,4585128],[429683,4585163],[429681,4585165],[429662,4585195],[429640,4585234],[429633,4585249],[429623,4585269],[429621,4585275],[429602,4585333],[429598,4585339],[429592,4585343],[429586,4585344],[429580,4585344],[429573,4585342],[429568,4585338],[429562,4585328],[429562,4585328],[429518,4585239],[429509,4585231],[429465,4585192],[429454,4585186],[429445,4585183],[429436,4585183],[429436,4585183],[429428,4585183],[429427,4585184],[429420,4585185],[429418,4585179],[429417,4585178],[429417,4585177],[429413,4585168],[429409,4585166],[429400,4585164],[429390,4585166]]]}},{"type":"Feature","properties":{"barri":"la Vila de Gràcia","districte":"Gràcia"},"geometry":{"type":"Polygon","coordinates":[[[429790,4584472],[429775,4584494],[429759,4584517],[429754,4584524],[429720,4584573],[429717,4584578],[429699,4584603],[429698,4584605],[429676,4584636],[429657,4584662],[429644,4584680],[429637,4584679],[429594,4584653],[429585,4584648],[429546,4584621],[429510,4584596],[429480,4584575],[429468,4584567],[429426,4584538],[429362,4584495],[429309,4584458],[429309,4584458],[429305,4584464],[429279,4584501],[429270,4584512],[429230,4584494],[429147,4584456],[429107,4584438],[429080,4584424],[429058,4584412],[429052,4584408],[429043,4584402],[429035,4584397],[429025,4584389],[429020,4584384],[429013,4584393],[429006,4584386],[428990,4584370],[428973,4584350],[428951,4584328],[428953,4584323],[428954,4584311],[428953,4584303],[428951,4584295],[428948,4584287],[428926,4584261],[428916,4584249],[428908,4584239],[428915,4584233],[428919,4584231],[428933,4584211],[428949,4584190],[428959,4584176],[428957,4584153],[428953,4584138],[428951,4584133],[428951,4584123],[428955,4584100],[428982,4584005],[428983,4583996],[428983,4583983],[428979,4583970],[428973,4583959],[428973,4583958],[428972,4583957],[428959,4583941],[428954,4583931],[428944,4583874],[428944,4583867],[428950,4583851],[428952,4583846],[428959,4583831],[428998,4583763],[429020,4583724],[429022,4583720],[429039,4583691],[429045,4583676],[429050,4583657],[429051,4583638],[429051,4583627],[429046,4583610],[429045,4583591],[429050,4583565],[429086,4583516],[429117,4583473],[429216,4583339],[429282,4583249],[429356,4583149],[429383,4583102],[429420,4583015],[429420,4583015],[429436,4583020],[429666,4583095],[429715,4583110],[429742,4583137],[429913,4583304],[429915,4583306],[429935,4583326],[430025,4583414],[430127,4583513],[430223,4583608],[430203,4583628],[430176,4583656],[430161,4583671],[430148,4583685],[430133,4583700],[430118,4583716],[430096,4583738],[430094,4583739],[430094,4583739],[430074,4583759],[430023,4583812],[429923,4583916],[429925,4583917],[429938,4583929],[429956,4583944],[429976,4583961],[430024,4584000],[430081,4584046],[430041,4584107],[430024,4584132],[430010,4584155],[429999,4584173],[429960,4584230],[429959,4584230],[429926,4584277],[429907,4584304],[429881,4584343],[429864,4584366],[429864,4584366],[429838,4584401],[429838,4584402],[429834,4584407],[429824,4584424],[429821,4584428],[429807,4584449],[429806,4584450],[429790,4584472]]]}},{"type":"Feature","properties":{"barri":"el Camp d'en Grassot i Gràcia Nova","districte":"Gràcia"},"geometry":{"type":"Polygon","coordinates":[[[430509,4583700],[430603,4583792],[430795,4583978],[430700,4584075],[430608,4584169],[430514,4584265],[430443,4584339],[430424,4584358],[430389,4584395],[430348,4584437],[430285,4584503],[430226,4584563],[430153,4584638],[430124,4584667],[430103,4584690],[430047,4584776],[429989,4584870],[429967,4584907],[429966,4584908],[429923,4584875],[429838,4584812],[429769,4584766],[429734,4584742],[429644,4584680],[429657,4584662],[429676,4584636],[429698,4584605],[429699,4584603],[429717,4584578],[429720,4584573],[429754,4584524],[429759,4584517],[429775,4584494],[429790,4584472],[429806,4584450],[429807,4584449],[429821,4584428],[429824,4584424],[429834,4584407],[429838,4584402],[429838,4584401],[429864,4584366],[429864,4584366],[429881,4584343],[429907,4584304],[429926,4584277],[429959,4584230],[429960,4584230],[429999,4584173],[430010,4584155],[430024,4584132],[430041,4584107],[430081,4584046],[430024,4584000],[429976,4583961],[429956,4583944],[429938,4583929],[429925,4583917],[429923,4583916],[430023,4583812],[430074,4583759],[430094,4583739],[430094,4583739],[430096,4583738],[430118,4583716],[430133,4583700],[430148,4583685],[430161,4583671],[430176,4583656],[430203,4583628],[430223,4583608],[430305,4583688],[430305,4583687],[430399,4583592],[430509,4583700]]]}},{"type":"Feature","properties":{"barri":"el Baix Guinardó","districte":"Horta-Guinardó"},"geometry":{"type":"Polygon","coordinates":[[[430625,4584373],[430808,4584552],[430901,4584643],[430993,4584733],[430957,4584769],[430914,4584814],[430904,4584824],[430885,4584844],[430875,4584854],[430854,4584876],[430849,4584881],[430836,4584894],[430786,4584945],[430738,4584994],[430722,4585011],[430717,4585016],[430713,4585021],[430702,4585033],[430681,4585055],[430672,4585063],[430667,4585069],[430663,4585073],[430654,4585082],[430646,4585090],[430641,4585094],[430630,4585107],[430618,4585119],[430615,4585122],[430607,4585131],[430599,4585139],[430594,4585145],[430590,4585151],[430588,4585154],[430586,4585160],[430583,4585168],[430581,4585176],[430580,4585183],[430579,4585190],[430579,4585191],[430580,4585200],[430581,4585210],[430582,4585218],[430581,4585226],[430580,4585232],[430565,4585232],[430555,4585234],[430544,4585236],[430535,4585238],[430532,4585238],[430521,4585240],[430510,4585242],[430500,4585244],[430494,4585245],[430490,4585246],[430487,4585246],[430485,4585246],[430477,4585245],[430467,4585243],[430460,4585241],[430456,4585239],[430447,4585234],[430438,4585229],[430408,4585212],[430382,4585196],[430370,4585188],[430325,4585158],[430291,4585150],[430155,4585126],[430142,4585122],[430124,4585117],[430104,4585111],[430093,4585107],[430091,4585107],[430080,4585103],[430057,4585094],[430045,4585090],[430029,4585083],[430017,4585078],[430007,4585073],[429993,4585066],[429975,4585057],[429970,4585055],[429936,4585035],[429916,4585024],[429915,4585023],[429914,4585020],[429907,4585012],[429901,4585008],[429913,4584990],[429930,4584963],[429966,4584908],[429967,4584907],[429989,4584870],[430047,4584776],[430103,4584690],[430124,4584667],[430153,4584638],[430226,4584563],[430285,4584503],[430348,4584437],[430389,4584395],[430424,4584358],[430443,4584339],[430514,4584265],[430625,4584373]]]}},{"type":"Feature","properties":{"barri":"Can Baró","districte":"Horta-Guinardó"},"geometry":{"type":"Polygon","coordinates":[[[430321,4585721],[430316,4585729],[430309,4585736],[430300,4585738],[430285,4585737],[430267,4585735],[430260,4585734],[430240,4585725],[430232,4585721],[430214,4585719],[430198,4585718],[430179,4585720],[430166,4585720],[430146,4585718],[430129,4585717],[430110,4585715],[430092,4585712],[430077,4585710],[430062,4585711],[430057,4585713],[430040,4585718],[430030,4585723],[430013,4585730],[429998,4585734],[429987,4585735],[429966,4585727],[429951,4585721],[429948,4585720],[429946,4585719],[429946,4585717],[429945,4585716],[429945,4585715],[429960,4585717],[429960,4585718],[429961,4585718],[429961,4585718],[429962,4585719],[429962,4585719],[429964,4585720],[429969,4585721],[429971,4585722],[429976,4585722],[429979,4585721],[429982,4585721],[429988,4585719],[429994,4585717],[429995,4585717],[429998,4585716],[429999,4585715],[430014,4585708],[430014,4585708],[430019,4585706],[430019,4585706],[430021,4585704],[430027,4585701],[430027,4585701],[430028,4585700],[430026,4585698],[430025,4585698],[430025,4585697],[430025,4585696],[430023,4585695],[430023,4585694],[430022,4585693],[430022,4585692],[430018,4585687],[430017,4585685],[430015,4585682],[430015,4585682],[430015,4585682],[430014,4585681],[430013,4585679],[430011,4585676],[430002,4585664],[430002,4585664],[430000,4585664],[429999,4585663],[429995,4585662],[429994,4585662],[429993,4585662],[429993,4585664],[429986,4585660],[429981,4585657],[429981,4585657],[429980,4585657],[429980,4585656],[429979,4585656],[429979,4585656],[429978,4585655],[429978,4585655],[429977,4585655],[429973,4585652],[429970,4585650],[429961,4585646],[429956,4585643],[429955,4585642],[429952,4585640],[429951,4585640],[429950,4585640],[429950,4585639],[429950,4585639],[429949,4585639],[429948,4585639],[429948,4585638],[429948,4585638],[429948,4585638],[429948,4585638],[429947,4585638],[429947,4585638],[429947,4585638],[429947,4585637],[429946,4585637],[429939,4585634],[429938,4585634],[429936,4585634],[429934,4585634],[429931,4585633],[429926,4585633],[429923,4585634],[429920,4585635],[429919,4585636],[429917,4585635],[429916,4585634],[429915,4585634],[429915,4585632],[429915,4585631],[429915,4585628],[429915,4585626],[429916,4585625],[429916,4585625],[429918,4585622],[429918,4585622],[429915,4585620],[429915,4585619],[429915,4585619],[429913,4585618],[429913,4585618],[429913,4585617],[429914,4585617],[429914,4585616],[429914,4585616],[429914,4585615],[429914,4585613],[429912,4585613],[429911,4585612],[429910,4585611],[429910,4585610],[429910,4585610],[429910,4585609],[429910,4585609],[429910,4585608],[429910,4585608],[429911,4585607],[429911,4585607],[429911,4585606],[429911,4585606],[429911,4585605],[429911,4585605],[429911,4585604],[429911,4585604],[429911,4585603],[429911,4585603],[429911,4585601],[429913,4585602],[429917,4585602],[429925,4585604],[429929,4585605],[429930,4585604],[429930,4585604],[429931,4585604],[429931,4585604],[429932,4585604],[429932,4585604],[429933,4585603],[429933,4585603],[429934,4585603],[429934,4585603],[429934,4585603],[429935,4585603],[429937,4585603],[429938,4585603],[429938,4585603],[429939,4585603],[429939,4585603],[429939,4585603],[429940,4585603],[429940,4585603],[429941,4585602],[429941,4585602],[429941,4585602],[429941,4585602],[429941,4585601],[429941,4585601],[429941,4585601],[429939,4585600],[429938,4585598],[429937,4585597],[429936,4585596],[429936,4585595],[429934,4585594],[429933,4585593],[429933,4585593],[429933,4585593],[429933,4585592],[429932,4585592],[429932,4585591],[429932,4585591],[429930,4585589],[429929,4585588],[429924,4585583],[429923,4585581],[429923,4585581],[429920,4585577],[429917,4585571],[429916,4585570],[429916,4585570],[429913,4585563],[429912,4585563],[429912,4585561],[429911,4585560],[429909,4585555],[429909,4585554],[429909,4585553],[429909,4585553],[429909,4585552],[429909,4585552],[429908,4585552],[429908,4585551],[429908,4585551],[429908,4585550],[429908,4585550],[429908,4585549],[429906,4585546],[429906,4585545],[429906,4585545],[429906,4585544],[429906,4585544],[429906,4585544],[429906,4585543],[429906,4585543],[429905,4585542],[429905,4585542],[429905,4585541],[429905,4585541],[429905,4585540],[429905,4585540],[429905,4585540],[429905,4585539],[429905,4585539],[429904,4585538],[429904,4585538],[429904,4585537],[429904,4585537],[429904,4585536],[429904,4585536],[429904,4585535],[429904,4585535],[429903,4585534],[429903,4585534],[429903,4585533],[429903,4585533],[429903,4585533],[429901,4585532],[429900,4585531],[429899,4585531],[429898,4585531],[429897,4585530],[429895,4585529],[429895,4585529],[429893,4585529],[429893,4585529],[429892,4585529],[429891,4585528],[429891,4585528],[429889,4585528],[429887,4585528],[429886,4585529],[429884,4585529],[429881,4585530],[429877,4585531],[429872,4585533],[429872,4585533],[429872,4585533],[429871,4585533],[429871,4585534],[429869,4585530],[429877,4585518],[429877,4585518],[429877,4585518],[429877,4585518],[429877,4585517],[429877,4585517],[429877,4585517],[429876,4585517],[429876,4585516],[429876,4585516],[429876,4585516],[429876,4585516],[429876,4585516],[429876,4585516],[429876,4585516],[429876,4585515],[429876,4585515],[429875,4585515],[429875,4585515],[429875,4585515],[429875,4585515],[429875,4585514],[429875,4585514],[429875,4585514],[429875,4585514],[429875,4585514],[429874,4585514],[429874,4585513],[429874,4585513],[429874,4585513],[429874,4585513],[429874,4585512],[429874,4585512],[429874,4585512],[429874,4585512],[429874,4585512],[429873,4585512],[429873,4585512],[429873,4585511],[429873,4585511],[429873,4585511],[429873,4585511],[429873,4585511],[429873,4585511],[429872,4585510],[429872,4585510],[429872,4585510],[429872,4585510],[429872,4585510],[429872,4585510],[429872,4585510],[429872,4585509],[429872,4585509],[429872,4585509],[429872,4585509],[429871,4585509],[429871,4585509],[429871,4585508],[429871,4585508],[429871,4585508],[429871,4585508],[429871,4585507],[429870,4585507],[429870,4585507],[429870,4585507],[429870,4585507],[429870,4585507],[429870,4585507],[429870,4585506],[429870,4585506],[429870,4585506],[429870,4585506],[429870,4585506],[429870,4585506],[429869,4585505],[429869,4585505],[429869,4585504],[429867,4585502],[429866,4585499],[429862,4585492],[429860,4585491],[429860,4585490],[429864,4585487],[429865,4585487],[429865,4585487],[429866,4585486],[429867,4585486],[429868,4585485],[429868,4585485],[429871,4585483],[429873,4585482],[429874,4585482],[429874,4585482],[429876,4585480],[429880,4585478],[429880,4585478],[429880,4585477],[429880,4585476],[429880,4585476],[429880,4585476],[429881,4585476],[429881,4585475],[429881,4585475],[429881,4585475],[429881,4585475],[429881,4585474],[429881,4585474],[429881,4585474],[429881,4585474],[429881,4585474],[429881,4585473],[429881,4585473],[429881,4585473],[429882,4585470],[429883,4585469],[429883,4585468],[429884,4585468],[429884,4585468],[429884,4585468],[429884,4585467],[429884,4585467],[429883,4585465],[429883,4585464],[429882,4585461],[429881,4585459],[429881,4585459],[429881,4585458],[429881,4585458],[429881,4585458],[429881,4585458],[429881,4585458],[429881,4585457],[429881,4585457],[429881,4585457],[429880,4585456],[429880,4585456],[429880,4585455],[429880,4585455],[429880,4585455],[429880,4585455],[429880,4585454],[429880,4585454],[429880,4585454],[429880,4585454],[429879,4585453],[429879,4585453],[429879,4585453],[429879,4585452],[429879,4585452],[429879,4585452],[429879,4585452],[429879,4585451],[429879,4585451],[429879,4585451],[429878,4585451],[429878,4585450],[429878,4585450],[429878,4585450],[429878,4585450],[429878,4585450],[429878,4585449],[429878,4585449],[429878,4585449],[429878,4585449],[429878,4585448],[429878,4585448],[429877,4585448],[429877,4585447],[429877,4585447],[429877,4585447],[429877,4585445],[429876,4585444],[429875,4585441],[429873,4585442],[429859,4585451],[429849,4585457],[429845,4585460],[429832,4585469],[429822,4585475],[429814,4585478],[429805,4585480],[429804,4585480],[429796,4585481],[429788,4585480],[429780,4585477],[429774,4585474],[429768,4585470],[429762,4585465],[429756,4585457],[429744,4585442],[429703,4585391],[429696,4585384],[429711,4585376],[429723,4585367],[429731,4585356],[429731,4585346],[429723,4585337],[429713,4585336],[429703,4585340],[429696,4585349],[429686,4585372],[429679,4585383],[429648,4585415],[429600,4585463],[429583,4585478],[429568,4585483],[429554,4585482],[429513,4585461],[429505,4585453],[429499,4585438],[429498,4585434],[429498,4585428],[429499,4585422],[429505,4585401],[429511,4585384],[429512,4585372],[429512,4585371],[429511,4585362],[429509,4585354],[429503,4585341],[429494,4585321],[429481,4585295],[429476,4585288],[429467,4585280],[429455,4585273],[429443,4585267],[429421,4585257],[429412,4585253],[429404,4585246],[429398,4585239],[429395,4585224],[429397,4585210],[429403,4585198],[429413,4585189],[429423,4585184],[429427,4585184],[429436,4585183],[429436,4585183],[429445,4585183],[429454,4585186],[429465,4585192],[429509,4585231],[429518,4585239],[429562,4585328],[429562,4585328],[429568,4585338],[429573,4585342],[429580,4585344],[429586,4585344],[429592,4585343],[429598,4585339],[429602,4585333],[429621,4585275],[429623,4585269],[429633,4585249],[429640,4585234],[429662,4585195],[429681,4585165],[429683,4585163],[429711,4585128],[429731,4585107],[429754,4585088],[429780,4585069],[429802,4585057],[429805,4585055],[429809,4585053],[429818,4585050],[429821,4585049],[429832,4585047],[429840,4585048],[429858,4585059],[429887,4585076],[429887,4585076],[429896,4585067],[429914,4585049],[429917,4585039],[429917,4585029],[429915,4585023],[429916,4585024],[429936,4585035],[429970,4585055],[429975,4585057],[429993,4585066],[430007,4585073],[430017,4585078],[430029,4585083],[430045,4585090],[430057,4585094],[430080,4585103],[430091,4585107],[430093,4585107],[430104,4585111],[430124,4585117],[430142,4585122],[430155,4585126],[430291,4585150],[430325,4585158],[430370,4585188],[430382,4585196],[430408,4585212],[430400,4585225],[430383,4585248],[430376,4585259],[430368,4585270],[430357,4585285],[430343,4585304],[430341,4585307],[430333,4585319],[430323,4585333],[430311,4585351],[430320,4585358],[430336,4585370],[430341,4585373],[430354,4585382],[430355,4585383],[430364,4585389],[430368,4585392],[430372,4585396],[430383,4585408],[430399,4585424],[430428,4585452],[430434,4585459],[430437,4585463],[430438,4585467],[430439,4585471],[430439,4585501],[430439,4585507],[430441,4585511],[430444,4585516],[430450,4585522],[430460,4585526],[430466,4585528],[430470,4585530],[430474,4585532],[430477,4585534],[430479,4585537],[430494,4585564],[430502,4585576],[430510,4585590],[430508,4585592],[430507,4585592],[430506,4585592],[430504,4585592],[430495,4585589],[430481,4585588],[430471,4585583],[430470,4585582],[430468,4585581],[430466,4585575],[430466,4585573],[430464,4585570],[430462,4585567],[430461,4585565],[430459,4585563],[430456,4585560],[430453,4585558],[430450,4585557],[430447,4585555],[430436,4585555],[430431,4585555],[430418,4585557],[430409,4585559],[430403,4585559],[430398,4585558],[430393,4585556],[430391,4585555],[430389,4585554],[430386,4585552],[430383,4585542],[430383,4585536],[430383,4585532],[430384,4585521],[430384,4585513],[430384,4585508],[430383,4585503],[430381,4585495],[430379,4585491],[430377,4585487],[430374,4585482],[430373,4585482],[430367,4585480],[430362,4585478],[430360,4585477],[430357,4585477],[430356,4585476],[430355,4585476],[430353,4585476],[430349,4585475],[430345,4585475],[430342,4585476],[430338,4585478],[430335,4585479],[430334,4585480],[430332,4585482],[430323,4585489],[430314,4585496],[430307,4585501],[430300,4585507],[430300,4585508],[430300,4585509],[430300,4585511],[430300,4585513],[430300,4585515],[430301,4585516],[430302,4585518],[430303,4585519],[430303,4585519],[430305,4585520],[430313,4585521],[430321,4585521],[430328,4585521],[430335,4585522],[430339,4585523],[430342,4585524],[430344,4585525],[430345,4585525],[430345,4585527],[430345,4585528],[430344,4585530],[430344,4585531],[430343,4585532],[430335,4585533],[430330,4585535],[430324,4585537],[430317,4585540],[430311,4585543],[430308,4585543],[430303,4585544],[430295,4585545],[430288,4585544],[430281,4585542],[430274,4585540],[430268,4585538],[430264,4585537],[430260,4585537],[430254,4585538],[430248,4585541],[430242,4585545],[430236,4585549],[430231,4585553],[430226,4585558],[430220,4585566],[430215,4585573],[430209,4585579],[430209,4585580],[430210,4585584],[430209,4585625],[430209,4585627],[430218,4585627],[430222,4585624],[430227,4585623],[430230,4585622],[430257,4585621],[430269,4585622],[430275,4585624],[430281,4585627],[430292,4585636],[430299,4585644],[430303,4585649],[430307,4585655],[430309,4585661],[430311,4585666],[430317,4585696],[430320,4585711],[430321,4585721]]]}},{"type":"Feature","properties":{"barri":"el Guinardó","districte":"Horta-Guinardó"},"geometry":{"type":"Polygon","coordinates":[[[431458,4585872],[431393,4585968],[431363,4586012],[431333,4586056],[431228,4586211],[431192,4586263],[431192,4586264],[431166,4586301],[431153,4586315],[431139,4586325],[431130,4586330],[431120,4586333],[430844,4586438],[430851,4586352],[430856,4586275],[430797,4586157],[430803,4586066],[430725,4586038],[430703,4586005],[430660,4585940],[430649,4585926],[430612,4585868],[430598,4585847],[430584,4585846],[430576,4585847],[430570,4585851],[430564,4585857],[430561,4585864],[430560,4585868],[430562,4585876],[430613,4586018],[430614,4586029],[430613,4586038],[430611,4586044],[430604,4586061],[430597,4586074],[430590,4586084],[430584,4586090],[430580,4586085],[430575,4586079],[430574,4586078],[430574,4586077],[430572,4586076],[430571,4586075],[430571,4586074],[430570,4586073],[430569,4586073],[430568,4586072],[430567,4586071],[430567,4586071],[430565,4586070],[430564,4586069],[430563,4586069],[430562,4586069],[430561,4586068],[430561,4586068],[430559,4586068],[430558,4586067],[430557,4586067],[430556,4586067],[430555,4586067],[430554,4586066],[430553,4586066],[430552,4586066],[430550,4586066],[430549,4586066],[430547,4586066],[430545,4586066],[430543,4586066],[430542,4586066],[430540,4586066],[430539,4586067],[430538,4586067],[430537,4586067],[430534,4586068],[430531,4586068],[430529,4586069],[430525,4586070],[430522,4586071],[430520,4586072],[430516,4586073],[430513,4586074],[430510,4586074],[430509,4586074],[430508,4586075],[430506,4586075],[430505,4586075],[430503,4586075],[430501,4586076],[430500,4586076],[430498,4586076],[430497,4586076],[430495,4586076],[430493,4586076],[430492,4586076],[430491,4586076],[430489,4586076],[430488,4586076],[430487,4586075],[430486,4586075],[430485,4586075],[430484,4586075],[430482,4586074],[430481,4586074],[430480,4586073],[430479,4586073],[430479,4586073],[430479,4586072],[430478,4586072],[430478,4586072],[430477,4586071],[430476,4586070],[430475,4586069],[430475,4586069],[430474,4586068],[430473,4586067],[430472,4586066],[430470,4586064],[430469,4586063],[430469,4586062],[430468,4586061],[430467,4586060],[430466,4586060],[430465,4586058],[430464,4586057],[430464,4586056],[430463,4586055],[430462,4586053],[430461,4586052],[430460,4586051],[430459,4586050],[430458,4586048],[430457,4586046],[430456,4586044],[430455,4586042],[430454,4586041],[430453,4586039],[430452,4586038],[430450,4586036],[430449,4586035],[430448,4586032],[430446,4586030],[430445,4586029],[430444,4586028],[430444,4586028],[430443,4586026],[430442,4586025],[430442,4586025],[430441,4586024],[430441,4586024],[430440,4586023],[430439,4586022],[430439,4586021],[430438,4586020],[430438,4586020],[430437,4586019],[430437,4586019],[430436,4586018],[430436,4586018],[430435,4586018],[430435,4586018],[430434,4586017],[430432,4586017],[430430,4586016],[430427,4586015],[430425,4586015],[430424,4586014],[430423,4586014],[430420,4586013],[430419,4586013],[430417,4586012],[430415,4586012],[430412,4586011],[430410,4586011],[430407,4586010],[430405,4586010],[430402,4586009],[430399,4586008],[430398,4586007],[430397,4586007],[430396,4586007],[430395,4586006],[430395,4586006],[430394,4586006],[430393,4586005],[430392,4586005],[430392,4586005],[430391,4586004],[430391,4586004],[430390,4586004],[430390,4586003],[430389,4586003],[430389,4586003],[430389,4586003],[430389,4586003],[430389,4586002],[430389,4586002],[430389,4586002],[430389,4586002],[430389,4586001],[430389,4586001],[430389,4586001],[430389,4586001],[430390,4586000],[430390,4586000],[430390,4586000],[430390,4586000],[430391,4586000],[430391,4586000],[430391,4586000],[430393,4586000],[430393,4586000],[430394,4586000],[430398,4586001],[430403,4586001],[430407,4586001],[430411,4586001],[430411,4586001],[430412,4586001],[430414,4586000],[430415,4586000],[430417,4586000],[430418,4586000],[430419,4586000],[430421,4585999],[430422,4585999],[430423,4585999],[430425,4585999],[430426,4585998],[430428,4585998],[430430,4585997],[430431,4585997],[430433,4585997],[430434,4585996],[430436,4585996],[430438,4585995],[430440,4585995],[430442,4585994],[430442,4585994],[430443,4585994],[430444,4585994],[430445,4585994],[430446,4585994],[430448,4585993],[430450,4585993],[430451,4585993],[430452,4585993],[430453,4585993],[430454,4585993],[430455,4585993],[430457,4585994],[430460,4585994],[430462,4585994],[430465,4585994],[430466,4585994],[430467,4585994],[430469,4585994],[430472,4585994],[430475,4585994],[430476,4585994],[430478,4585994],[430479,4585994],[430480,4585993],[430480,4585993],[430482,4585993],[430483,4585993],[430484,4585992],[430484,4585992],[430485,4585992],[430485,4585991],[430486,4585991],[430487,4585990],[430488,4585990],[430489,4585989],[430491,4585988],[430492,4585987],[430493,4585986],[430494,4585985],[430494,4585985],[430494,4585985],[430494,4585985],[430495,4585984],[430495,4585984],[430495,4585983],[430495,4585983],[430495,4585982],[430495,4585982],[430495,4585981],[430495,4585981],[430495,4585980],[430495,4585980],[430495,4585980],[430495,4585979],[430495,4585979],[430494,4585979],[430494,4585978],[430494,4585978],[430494,4585978],[430493,4585978],[430493,4585978],[430491,4585978],[430490,4585977],[430490,4585977],[430488,4585977],[430487,4585977],[430487,4585977],[430486,4585977],[430485,4585977],[430483,4585977],[430481,4585977],[430480,4585977],[430479,4585977],[430478,4585977],[430477,4585977],[430477,4585977],[430476,4585977],[430475,4585977],[430474,4585976],[430472,4585976],[430471,4585975],[430470,4585975],[430469,4585975],[430467,4585974],[430466,4585974],[430466,4585973],[430465,4585973],[430464,4585972],[430463,4585972],[430463,4585972],[430462,4585972],[430461,4585972],[430460,4585971],[430459,4585971],[430458,4585971],[430456,4585970],[430453,4585969],[430450,4585969],[430448,4585968],[430445,4585968],[430443,4585967],[430441,4585967],[430438,4585966],[430435,4585965],[430433,4585965],[430430,4585964],[430429,4585964],[430427,4585964],[430426,4585963],[430425,4585963],[430424,4585963],[430422,4585962],[430421,4585962],[430420,4585962],[430420,4585961],[430419,4585961],[430418,4585960],[430416,4585959],[430415,4585957],[430414,4585957],[430413,4585956],[430413,4585955],[430412,4585955],[430412,4585955],[430412,4585954],[430410,4585953],[430406,4585949],[430402,4585941],[430399,4585931],[430389,4585904],[430377,4585882],[430370,4585871],[430361,4585861],[430353,4585858],[430347,4585859],[430341,4585860],[430320,4585876],[430306,4585881],[430285,4585891],[430280,4585892],[430275,4585893],[430270,4585892],[430263,4585888],[430262,4585887],[430262,4585885],[430262,4585884],[430261,4585883],[430259,4585882],[430258,4585880],[430253,4585876],[430243,4585868],[430236,4585862],[430235,4585861],[430233,4585858],[430232,4585855],[430226,4585832],[430223,4585819],[430220,4585805],[430216,4585798],[430214,4585796],[430213,4585794],[430208,4585791],[430199,4585735],[430198,4585729],[430214,4585729],[430231,4585731],[430260,4585734],[430267,4585735],[430285,4585737],[430300,4585738],[430309,4585736],[430316,4585729],[430321,4585721],[430320,4585711],[430317,4585696],[430311,4585666],[430309,4585661],[430307,4585655],[430303,4585649],[430299,4585644],[430292,4585636],[430281,4585627],[430275,4585624],[430269,4585622],[430257,4585621],[430230,4585622],[430227,4585623],[430222,4585624],[430218,4585627],[430209,4585627],[430209,4585625],[430210,4585584],[430209,4585580],[430209,4585579],[430215,4585573],[430220,4585566],[430226,4585558],[430231,4585553],[430236,4585549],[430242,4585545],[430248,4585541],[430254,4585538],[430260,4585537],[430264,4585537],[430268,4585538],[430274,4585540],[430281,4585542],[430288,4585544],[430295,4585545],[430303,4585544],[430308,4585543],[430311,4585543],[430317,4585540],[430324,4585537],[430330,4585535],[430335,4585533],[430343,4585532],[430344,4585531],[430344,4585530],[430345,4585528],[430345,4585527],[430345,4585525],[430344,4585525],[430342,4585524],[430339,4585523],[430335,4585522],[430328,4585521],[430321,4585521],[430313,4585521],[430305,4585520],[430303,4585519],[430303,4585519],[430302,4585518],[430301,4585516],[430300,4585515],[430300,4585513],[430300,4585511],[430300,4585509],[430300,4585508],[430300,4585507],[430307,4585501],[430314,4585496],[430323,4585489],[430332,4585482],[430334,4585480],[430335,4585479],[430338,4585478],[430342,4585476],[430345,4585475],[430349,4585475],[430353,4585476],[430355,4585476],[430356,4585476],[430357,4585477],[430360,4585477],[430362,4585478],[430367,4585480],[430373,4585482],[430374,4585482],[430377,4585487],[430379,4585491],[430381,4585495],[430383,4585503],[430384,4585508],[430384,4585513],[430384,4585521],[430383,4585532],[430383,4585536],[430383,4585542],[430386,4585551],[430389,4585554],[430391,4585555],[430393,4585556],[430398,4585558],[430403,4585559],[430409,4585559],[430418,4585557],[430431,4585555],[430436,4585555],[430447,4585555],[430450,4585557],[430453,4585558],[430456,4585560],[430459,4585563],[430461,4585565],[430462,4585567],[430464,4585570],[430466,4585573],[430466,4585575],[430468,4585581],[430470,4585582],[430471,4585583],[430481,4585588],[430495,4585589],[430504,4585592],[430506,4585592],[430507,4585592],[430508,4585592],[430510,4585590],[430502,4585576],[430494,4585564],[430479,4585537],[430477,4585534],[430474,4585532],[430470,4585530],[430466,4585528],[430460,4585526],[430450,4585522],[430444,4585516],[430441,4585511],[430439,4585507],[430439,4585501],[430439,4585471],[430438,4585467],[430437,4585463],[430434,4585459],[430428,4585452],[430399,4585424],[430383,4585408],[430372,4585396],[430368,4585392],[430364,4585389],[430355,4585383],[430354,4585382],[430341,4585373],[430336,4585370],[430320,4585358],[430311,4585351],[430323,4585333],[430333,4585319],[430341,4585307],[430343,4585304],[430357,4585285],[430368,4585270],[430376,4585259],[430383,4585248],[430400,4585225],[430408,4585212],[430438,4585229],[430447,4585234],[430456,4585239],[430460,4585241],[430467,4585243],[430477,4585245],[430485,4585246],[430487,4585246],[430490,4585246],[430494,4585245],[430500,4585244],[430510,4585242],[430521,4585240],[430532,4585238],[430535,4585238],[430544,4585236],[430555,4585234],[430565,4585232],[430580,4585232],[430581,4585226],[430582,4585218],[430581,4585210],[430580,4585200],[430579,4585191],[430579,4585190],[430580,4585183],[430581,4585176],[430583,4585168],[430586,4585160],[430588,4585154],[430590,4585151],[430594,4585145],[430599,4585139],[430607,4585131],[430615,4585122],[430618,4585119],[430630,4585107],[430641,4585094],[430646,4585090],[430654,4585082],[430663,4585073],[430667,4585069],[430672,4585063],[430681,4585055],[430702,4585033],[430713,4585021],[430717,4585016],[430722,4585011],[430738,4584994],[430786,4584945],[430836,4584894],[430849,4584881],[430854,4584876],[430875,4584854],[430885,4584844],[430904,4584824],[430914,4584814],[430957,4584769],[430993,4584733],[431089,4584827],[431188,4584924],[431198,4584934],[431372,4585106],[431386,4585120],[431487,4585219],[431512,4585244],[431506,4585304],[431506,4585427],[431515,4585522],[431517,4585528],[431522,4585557],[431536,4585638],[431545,4585688],[431546,4585710],[431543,4585733],[431539,4585746],[431532,4585760],[431529,4585764],[431516,4585786],[431505,4585802],[431458,4585872]]]}},{"type":"Feature","properties":{"barri":"la Font d'en Fargues","districte":"Horta-Guinardó"},"geometry":{"type":"Polygon","coordinates":[[[430797,4586157],[430856,4586275],[430851,4586352],[430844,4586438],[430796,4586456],[430732,4586480],[430686,4586497],[430667,4586504],[430646,4586512],[430624,4586518],[430468,4586549],[430434,4586555],[430422,4586557],[430392,4586561],[430245,4586582],[430231,4586585],[430193,4586593],[430183,4586595],[430166,4586598],[430149,4586602],[430137,4586607],[430131,4586609],[430124,4586601],[430096,4586585],[430058,4586561],[430022,4586542],[430009,4586535],[429988,4586525],[429985,4586524],[429984,4586523],[429979,4586521],[429953,4586507],[429939,4586499],[429926,4586492],[429901,4586478],[429893,4586474],[429876,4586464],[429852,4586451],[429848,4586449],[429842,4586446],[429826,4586437],[429816,4586432],[429807,4586427],[429806,4586427],[429792,4586421],[429773,4586412],[429764,4586408],[429758,4586405],[429745,4586399],[429740,4586395],[429733,4586390],[429724,4586384],[429717,4586378],[429715,4586377],[429706,4586370],[429693,4586361],[429689,4586357],[429672,4586338],[429674,4586325],[429679,4586298],[429679,4586294],[429680,4586288],[429685,4586280],[429686,4586277],[429687,4586273],[429689,4586264],[429690,4586255],[429691,4586243],[429692,4586236],[429692,4586234],[429691,4586228],[429690,4586212],[429690,4586199],[429692,4586190],[429699,4586170],[429707,4586144],[429709,4586135],[429725,4586082],[429655,4586061],[429665,4585992],[429678,4585912],[429680,4585900],[429688,4585901],[429695,4585901],[429717,4585883],[429733,4585872],[429774,4585938],[429775,4585940],[429777,4585941],[429921,4585974],[429999,4585993],[430026,4585906],[430060,4585900],[430064,4585894],[430073,4585862],[430079,4585842],[430081,4585834],[430089,4585839],[430095,4585844],[430099,4585846],[430103,4585847],[430108,4585847],[430111,4585847],[430117,4585844],[430124,4585839],[430135,4585830],[430140,4585827],[430146,4585825],[430158,4585823],[430181,4585819],[430192,4585817],[430209,4585814],[430207,4585798],[430208,4585791],[430213,4585794],[430214,4585796],[430216,4585798],[430220,4585805],[430223,4585819],[430226,4585832],[430232,4585855],[430233,4585858],[430235,4585861],[430236,4585862],[430243,4585868],[430253,4585876],[430258,4585880],[430259,4585882],[430261,4585883],[430262,4585884],[430262,4585885],[430262,4585887],[430263,4585888],[430270,4585892],[430275,4585893],[430280,4585892],[430285,4585891],[430306,4585881],[430320,4585876],[430341,4585860],[430347,4585859],[430353,4585858],[430361,4585861],[430370,4585871],[430377,4585882],[430389,4585904],[430399,4585931],[430402,4585941],[430406,4585949],[430410,4585953],[430412,4585954],[430412,4585955],[430412,4585955],[430413,4585955],[430413,4585956],[430414,4585957],[430415,4585957],[430416,4585959],[430418,4585960],[430419,4585961],[430420,4585961],[430420,4585962],[430421,4585962],[430422,4585962],[430424,4585963],[430425,4585963],[430426,4585963],[430427,4585964],[430429,4585964],[430430,4585964],[430433,4585965],[430435,4585965],[430438,4585966],[430441,4585967],[430443,4585967],[430445,4585968],[430448,4585968],[430450,4585969],[430453,4585969],[430456,4585970],[430458,4585971],[430459,4585971],[430460,4585971],[430461,4585972],[430462,4585972],[430463,4585972],[430463,4585972],[430464,4585972],[430465,4585973],[430466,4585973],[430466,4585974],[430467,4585974],[430469,4585975],[430470,4585975],[430471,4585975],[430472,4585976],[430474,4585976],[430475,4585977],[430476,4585977],[430477,4585977],[430477,4585977],[430478,4585977],[430479,4585977],[430480,4585977],[430481,4585977],[430483,4585977],[430485,4585977],[430486,4585977],[430487,4585977],[430487,4585977],[430488,4585977],[430490,4585977],[430490,4585977],[430491,4585978],[430493,4585978],[430493,4585978],[430494,4585978],[430494,4585978],[430494,4585978],[430494,4585979],[430495,4585979],[430495,4585979],[430495,4585980],[430495,4585980],[430495,4585980],[430495,4585981],[430495,4585981],[430495,4585982],[430495,4585982],[430495,4585983],[430495,4585983],[430495,4585984],[430495,4585984],[430494,4585985],[430494,4585985],[430494,4585985],[430494,4585985],[430493,4585986],[430492,4585987],[430491,4585988],[430489,4585989],[430488,4585990],[430487,4585990],[430486,4585991],[430485,4585991],[430485,4585992],[430484,4585992],[430484,4585992],[430483,4585993],[430482,4585993],[430480,4585993],[430480,4585993],[430479,4585994],[430478,4585994],[430476,4585994],[430475,4585994],[430472,4585994],[430469,4585994],[430467,4585994],[430466,4585994],[430465,4585994],[430462,4585994],[430460,4585994],[430457,4585994],[430455,4585993],[430454,4585993],[430453,4585993],[430452,4585993],[430451,4585993],[430450,4585993],[430448,4585993],[430446,4585994],[430445,4585994],[430444,4585994],[430443,4585994],[430442,4585994],[430442,4585994],[430440,4585995],[430438,4585995],[430436,4585996],[430434,4585996],[430433,4585997],[430431,4585997],[430430,4585997],[430428,4585998],[430426,4585998],[430425,4585999],[430423,4585999],[430422,4585999],[430421,4585999],[430419,4586000],[430418,4586000],[430417,4586000],[430415,4586000],[430414,4586000],[430412,4586001],[430411,4586001],[430411,4586001],[430407,4586001],[430403,4586001],[430398,4586001],[430394,4586000],[430393,4586000],[430393,4586000],[430391,4586000],[430391,4586000],[430391,4586000],[430390,4586000],[430390,4586000],[430390,4586000],[430390,4586000],[430389,4586001],[430389,4586001],[430389,4586001],[430389,4586001],[430389,4586002],[430389,4586002],[430389,4586002],[430389,4586002],[430389,4586003],[430389,4586003],[430389,4586003],[430389,4586003],[430390,4586003],[430390,4586004],[430391,4586004],[430391,4586004],[430392,4586005],[430392,4586005],[430393,4586005],[430394,4586006],[430395,4586006],[430395,4586006],[430396,4586007],[430397,4586007],[430398,4586007],[430399,4586008],[430402,4586009],[430405,4586010],[430407,4586010],[430410,4586011],[430412,4586011],[430415,4586012],[430417,4586012],[430419,4586013],[430420,4586013],[430423,4586014],[430424,4586014],[430425,4586015],[430427,4586015],[430430,4586016],[430432,4586017],[430434,4586017],[430435,4586018],[430435,4586018],[430436,4586018],[430436,4586018],[430437,4586019],[430437,4586019],[430438,4586020],[430438,4586020],[430439,4586021],[430439,4586022],[430440,4586023],[430441,4586024],[430441,4586024],[430442,4586025],[430442,4586025],[430443,4586026],[430444,4586028],[430444,4586028],[430445,4586029],[430446,4586030],[430448,4586032],[430449,4586035],[430450,4586036],[430452,4586038],[430453,4586039],[430454,4586041],[430455,4586042],[430456,4586044],[430457,4586046],[430458,4586048],[430459,4586050],[430460,4586051],[430461,4586052],[430462,4586053],[430463,4586055],[430464,4586056],[430464,4586057],[430465,4586058],[430466,4586060],[430467,4586060],[430468,4586061],[430469,4586062],[430469,4586063],[430470,4586064],[430472,4586066],[430473,4586067],[430474,4586068],[430475,4586069],[430475,4586069],[430476,4586070],[430477,4586071],[430478,4586072],[430478,4586072],[430479,4586072],[430479,4586073],[430479,4586073],[430480,4586073],[430481,4586074],[430482,4586074],[430484,4586075],[430485,4586075],[430486,4586075],[430487,4586075],[430488,4586076],[430489,4586076],[430491,4586076],[430492,4586076],[430493,4586076],[430495,4586076],[430497,4586076],[430498,4586076],[430500,4586076],[430501,4586076],[430503,4586075],[430505,4586075],[430506,4586075],[430508,4586075],[430509,4586074],[430510,4586074],[430513,4586074],[430516,4586073],[430520,4586072],[430522,4586071],[430525,4586070],[430529,4586069],[430531,4586068],[430534,4586068],[430537,4586067],[430538,4586067],[430539,4586067],[430540,4586066],[430542,4586066],[430543,4586066],[430545,4586066],[430547,4586066],[430549,4586066],[430550,4586066],[430552,4586066],[430553,4586066],[430554,4586066],[430555,4586067],[430556,4586067],[430557,4586067],[430558,4586067],[430559,4586068],[430561,4586068],[430561,4586068],[430562,4586069],[430563,4586069],[430564,4586069],[430565,4586070],[430567,4586071],[430567,4586071],[430568,4586072],[430569,4586073],[430570,4586073],[430571,4586074],[430571,4586075],[430572,4586076],[430574,4586077],[430574,4586078],[430575,4586079],[430580,4586085],[430584,4586090],[430590,4586084],[430597,4586074],[430604,4586061],[430611,4586044],[430613,4586038],[430614,4586029],[430613,4586018],[430562,4585876],[430560,4585868],[430561,4585864],[430564,4585857],[430570,4585851],[430576,4585847],[430584,4585846],[430598,4585847],[430612,4585868],[430649,4585926],[430660,4585940],[430703,4586005],[430725,4586038],[430803,4586066],[430797,4586157]]]}},{"type":"Feature","properties":{"barri":"el Carmel","districte":"Horta-Guinardó"},"geometry":{"type":"Polygon","coordinates":[[[429678,4585912],[429665,4585992],[429655,4586061],[429725,4586082],[429709,4586135],[429707,4586144],[429699,4586170],[429692,4586190],[429690,4586199],[429690,4586212],[429691,4586228],[429692,4586234],[429692,4586236],[429691,4586243],[429690,4586255],[429689,4586264],[429687,4586273],[429686,4586277],[429685,4586280],[429680,4586288],[429679,4586294],[429679,4586298],[429674,4586325],[429672,4586338],[429668,4586364],[429660,4586420],[429655,4586443],[429656,4586476],[429649,4586538],[429644,4586569],[429642,4586575],[429640,4586579],[429635,4586612],[429632,4586633],[429629,4586649],[429628,4586660],[429627,4586667],[429639,4586669],[429639,4586684],[429640,4586696],[429640,4586706],[429643,4586761],[429603,4586743],[429565,4586726],[429524,4586708],[429507,4586700],[429495,4586695],[429492,4586693],[429477,4586687],[429465,4586681],[429452,4586676],[429418,4586658],[429397,4586645],[429389,4586639],[429373,4586626],[429344,4586600],[429337,4586594],[429326,4586583],[429322,4586580],[429318,4586577],[429304,4586566],[429293,4586558],[429283,4586551],[429274,4586545],[429272,4586545],[429262,4586539],[429250,4586533],[429231,4586523],[429220,4586518],[429214,4586515],[429203,4586509],[429193,4586504],[429182,4586497],[429175,4586493],[429168,4586488],[429168,4586488],[429161,4586482],[429155,4586476],[429150,4586471],[429139,4586458],[429136,4586454],[429133,4586452],[429128,4586448],[429126,4586446],[429123,4586444],[429116,4586441],[429106,4586436],[429098,4586433],[429087,4586429],[429072,4586425],[429070,4586424],[429058,4586422],[429044,4586419],[429027,4586417],[429012,4586417],[429013,4586413],[429013,4586409],[429012,4586405],[429034,4586404],[429050,4586403],[429065,4586403],[429069,4586403],[429088,4586402],[429109,4586402],[429118,4586401],[429123,4586401],[429136,4586401],[429136,4586396],[429136,4586394],[429135,4586394],[429135,4586393],[429135,4586393],[429135,4586392],[429135,4586392],[429135,4586391],[429135,4586391],[429135,4586387],[429135,4586386],[429135,4586386],[429135,4586386],[429135,4586385],[429135,4586385],[429135,4586384],[429134,4586382],[429134,4586380],[429134,4586380],[429134,4586379],[429134,4586379],[429134,4586378],[429134,4586378],[429134,4586377],[429134,4586375],[429134,4586374],[429133,4586373],[429133,4586372],[429133,4586372],[429133,4586371],[429133,4586371],[429133,4586370],[429133,4586366],[429133,4586365],[429133,4586363],[429133,4586363],[429133,4586362],[429132,4586360],[429132,4586359],[429132,4586359],[429132,4586359],[429132,4586358],[429132,4586357],[429132,4586357],[429132,4586356],[429132,4586353],[429132,4586352],[429132,4586352],[429132,4586352],[429132,4586351],[429132,4586351],[429132,4586350],[429132,4586349],[429131,4586348],[429131,4586346],[429131,4586345],[429131,4586345],[429131,4586344],[429131,4586344],[429131,4586344],[429131,4586341],[429131,4586339],[429130,4586338],[429130,4586338],[429130,4586337],[429130,4586336],[429130,4586331],[429130,4586330],[429130,4586329],[429130,4586328],[429129,4586326],[429129,4586325],[429129,4586324],[429129,4586324],[429129,4586323],[429129,4586322],[429129,4586322],[429129,4586322],[429129,4586321],[429129,4586320],[429129,4586319],[429129,4586317],[429128,4586315],[429127,4586305],[429155,4586300],[429165,4586298],[429177,4586297],[429182,4586289],[429172,4586285],[429165,4586281],[429157,4586276],[429148,4586270],[429141,4586264],[429127,4586253],[429119,4586245],[429111,4586236],[429103,4586226],[429097,4586216],[429091,4586207],[429084,4586195],[429078,4586182],[429075,4586177],[429071,4586170],[429068,4586160],[429064,4586150],[429062,4586144],[429060,4586136],[429059,4586125],[429058,4586111],[429058,4586099],[429058,4586093],[429058,4586091],[429057,4586076],[429056,4586061],[429057,4586049],[429056,4586040],[429056,4586035],[429055,4586027],[429054,4586018],[429052,4586007],[429049,4585998],[429046,4585990],[429042,4585980],[429035,4585965],[429029,4585951],[429025,4585939],[429013,4585922],[428991,4585891],[428984,4585881],[428969,4585861],[428955,4585843],[428951,4585837],[428941,4585824],[428937,4585818],[428932,4585812],[428929,4585808],[428927,4585806],[428927,4585805],[428927,4585802],[428927,4585799],[428927,4585799],[428909,4585773],[428920,4585772],[428939,4585771],[428961,4585768],[428982,4585765],[428987,4585764],[429005,4585761],[429027,4585758],[429049,4585753],[429063,4585752],[429080,4585750],[429093,4585749],[429115,4585749],[429117,4585746],[429109,4585710],[429108,4585676],[429106,4585656],[429099,4585627],[429095,4585612],[429080,4585585],[429072,4585572],[429064,4585564],[429055,4585545],[429052,4585538],[429050,4585531],[429045,4585517],[429043,4585508],[429042,4585504],[429040,4585484],[429040,4585481],[429041,4585477],[429042,4585473],[429044,4585470],[429046,4585466],[429049,4585463],[429053,4585460],[429077,4585444],[429085,4585439],[429085,4585429],[429090,4585426],[429099,4585424],[429106,4585420],[429114,4585412],[429120,4585405],[429123,4585397],[429127,4585386],[429188,4585376],[429191,4585375],[429193,4585375],[429202,4585363],[429211,4585354],[429211,4585354],[429231,4585336],[429235,4585331],[429251,4585313],[429266,4585295],[429266,4585293],[429267,4585292],[429289,4585267],[429312,4585240],[429312,4585240],[429342,4585211],[429353,4585197],[429367,4585188],[429370,4585186],[429384,4585170],[429390,4585166],[429400,4585164],[429409,4585166],[429413,4585168],[429417,4585177],[429417,4585178],[429418,4585179],[429420,4585185],[429427,4585184],[429428,4585183],[429436,4585183],[429427,4585184],[429423,4585184],[429413,4585189],[429403,4585198],[429397,4585210],[429395,4585224],[429398,4585239],[429404,4585246],[429412,4585253],[429421,4585257],[429443,4585267],[429455,4585273],[429467,4585280],[429476,4585288],[429481,4585295],[429494,4585321],[429503,4585341],[429509,4585354],[429511,4585362],[429512,4585371],[429512,4585372],[429511,4585384],[429505,4585401],[429499,4585422],[429498,4585428],[429498,4585434],[429499,4585438],[429505,4585453],[429513,4585461],[429554,4585482],[429568,4585483],[429583,4585478],[429600,4585463],[429648,4585415],[429679,4585383],[429686,4585372],[429696,4585349],[429703,4585340],[429713,4585336],[429723,4585337],[429731,4585346],[429731,4585356],[429723,4585367],[429711,4585376],[429696,4585384],[429703,4585391],[429744,4585442],[429756,4585457],[429762,4585465],[429768,4585470],[429774,4585474],[429780,4585477],[429788,4585480],[429796,4585481],[429804,4585480],[429805,4585480],[429814,4585478],[429822,4585475],[429832,4585469],[429845,4585460],[429849,4585457],[429859,4585451],[429873,4585442],[429875,4585441],[429876,4585444],[429877,4585445],[429877,4585447],[429877,4585447],[429877,4585447],[429877,4585448],[429878,4585448],[429878,4585448],[429878,4585449],[429878,4585449],[429878,4585449],[429878,4585449],[429878,4585450],[429878,4585450],[429878,4585450],[429878,4585450],[429878,4585450],[429878,4585451],[429879,4585451],[429879,4585451],[429879,4585451],[429879,4585452],[429879,4585452],[429879,4585452],[429879,4585452],[429879,4585453],[429879,4585453],[429879,4585453],[429880,4585454],[429880,4585454],[429880,4585454],[429880,4585454],[429880,4585455],[429880,4585455],[429880,4585455],[429880,4585455],[429880,4585456],[429880,4585456],[429881,4585457],[429881,4585457],[429881,4585457],[429881,4585458],[429881,4585458],[429881,4585458],[429881,4585458],[429881,4585458],[429881,4585459],[429881,4585459],[429882,4585461],[429883,4585464],[429883,4585465],[429884,4585467],[429884,4585467],[429884,4585468],[429884,4585468],[429884,4585468],[429883,4585468],[429883,4585469],[429882,4585470],[429881,4585473],[429881,4585473],[429881,4585473],[429881,4585474],[429881,4585474],[429881,4585474],[429881,4585474],[429881,4585474],[429881,4585475],[429881,4585475],[429881,4585475],[429881,4585475],[429881,4585476],[429880,4585476],[429880,4585476],[429880,4585476],[429880,4585477],[429880,4585478],[429880,4585478],[429876,4585480],[429874,4585482],[429874,4585482],[429873,4585482],[429871,4585483],[429868,4585485],[429868,4585485],[429867,4585486],[429866,4585486],[429865,4585487],[429865,4585487],[429864,4585487],[429860,4585490],[429860,4585490],[429860,4585491],[429862,4585492],[429866,4585499],[429867,4585502],[429869,4585504],[429869,4585505],[429869,4585505],[429870,4585506],[429870,4585506],[429870,4585506],[429870,4585506],[429870,4585506],[429870,4585506],[429870,4585507],[429870,4585507],[429870,4585507],[429870,4585507],[429870,4585507],[429870,4585507],[429871,4585507],[429871,4585508],[429871,4585508],[429871,4585508],[429871,4585508],[429871,4585509],[429871,4585509],[429872,4585509],[429872,4585509],[429872,4585509],[429872,4585509],[429872,4585510],[429872,4585510],[429872,4585510],[429872,4585510],[429872,4585510],[429872,4585510],[429872,4585510],[429873,4585511],[429873,4585511],[429873,4585511],[429873,4585511],[429873,4585511],[429873,4585511],[429873,4585512],[429873,4585512],[429874,4585512],[429874,4585512],[429874,4585512],[429874,4585512],[429874,4585512],[429874,4585513],[429874,4585513],[429874,4585513],[429874,4585513],[429874,4585514],[429875,4585514],[429875,4585514],[429875,4585514],[429875,4585514],[429875,4585514],[429875,4585515],[429875,4585515],[429875,4585515],[429875,4585515],[429876,4585515],[429876,4585515],[429876,4585516],[429876,4585516],[429876,4585516],[429876,4585516],[429876,4585516],[429876,4585516],[429876,4585516],[429876,4585517],[429877,4585517],[429877,4585517],[429877,4585517],[429877,4585518],[429877,4585518],[429877,4585518],[429877,4585518],[429869,4585530],[429871,4585534],[429871,4585533],[429872,4585533],[429872,4585533],[429872,4585533],[429877,4585531],[429881,4585530],[429884,4585529],[429886,4585529],[429887,4585528],[429889,4585528],[429891,4585528],[429891,4585528],[429892,4585529],[429893,4585529],[429893,4585529],[429895,4585529],[429895,4585529],[429897,4585530],[429898,4585531],[429899,4585531],[429900,4585531],[429901,4585532],[429903,4585533],[429903,4585533],[429903,4585533],[429903,4585534],[429903,4585534],[429904,4585535],[429904,4585535],[429904,4585536],[429904,4585536],[429904,4585537],[429904,4585537],[429904,4585538],[429904,4585538],[429905,4585539],[429905,4585539],[429905,4585540],[429905,4585540],[429905,4585540],[429905,4585541],[429905,4585541],[429905,4585542],[429905,4585542],[429906,4585543],[429906,4585543],[429906,4585544],[429906,4585544],[429906,4585544],[429906,4585545],[429906,4585545],[429906,4585546],[429908,4585549],[429908,4585550],[429908,4585550],[429908,4585551],[429908,4585551],[429908,4585552],[429909,4585552],[429909,4585552],[429909,4585553],[429909,4585553],[429909,4585554],[429909,4585555],[429911,4585560],[429912,4585561],[429912,4585563],[429913,4585563],[429916,4585570],[429916,4585570],[429917,4585571],[429920,4585577],[429923,4585581],[429923,4585581],[429924,4585583],[429929,4585588],[429930,4585589],[429932,4585591],[429932,4585591],[429932,4585592],[429933,4585592],[429933,4585593],[429933,4585593],[429933,4585593],[429934,4585594],[429936,4585595],[429936,4585596],[429937,4585597],[429938,4585598],[429939,4585600],[429941,4585601],[429941,4585601],[429941,4585601],[429941,4585602],[429941,4585602],[429941,4585602],[429941,4585602],[429940,4585603],[429940,4585603],[429939,4585603],[429939,4585603],[429939,4585603],[429938,4585603],[429938,4585603],[429937,4585603],[429935,4585603],[429934,4585603],[429934,4585603],[429934,4585603],[429933,4585603],[429933,4585603],[429932,4585604],[429932,4585604],[429931,4585604],[429931,4585604],[429930,4585604],[429930,4585604],[429929,4585605],[429925,4585604],[429917,4585602],[429913,4585602],[429911,4585601],[429911,4585603],[429911,4585603],[429911,4585604],[429911,4585604],[429911,4585605],[429911,4585605],[429911,4585606],[429911,4585606],[429911,4585607],[429911,4585607],[429910,4585608],[429910,4585608],[429910,4585609],[429910,4585609],[429910,4585610],[429910,4585610],[429910,4585611],[429911,4585612],[429912,4585613],[429914,4585613],[429914,4585615],[429914,4585616],[429914,4585616],[429914,4585617],[429913,4585617],[429913,4585618],[429913,4585618],[429915,4585619],[429915,4585619],[429915,4585620],[429918,4585622],[429918,4585622],[429916,4585625],[429916,4585625],[429915,4585626],[429915,4585628],[429915,4585631],[429915,4585632],[429915,4585634],[429916,4585634],[429917,4585635],[429919,4585636],[429920,4585635],[429923,4585634],[429926,4585633],[429931,4585633],[429934,4585634],[429936,4585634],[429938,4585634],[429939,4585634],[429946,4585637],[429947,4585637],[429947,4585638],[429947,4585638],[429947,4585638],[429948,4585638],[429948,4585638],[429948,4585638],[429948,4585638],[429948,4585639],[429949,4585639],[429950,4585639],[429950,4585639],[429950,4585640],[429951,4585640],[429952,4585640],[429955,4585642],[429956,4585643],[429961,4585646],[429970,4585650],[429973,4585652],[429977,4585655],[429978,4585655],[429978,4585655],[429979,4585656],[429979,4585656],[429980,4585656],[429980,4585657],[429981,4585657],[429981,4585657],[429986,4585660],[429993,4585664],[429993,4585662],[429994,4585662],[429995,4585662],[429999,4585663],[430000,4585664],[430002,4585664],[430002,4585664],[430011,4585676],[430013,4585679],[430014,4585681],[430015,4585682],[430015,4585682],[430015,4585682],[430017,4585685],[430018,4585687],[430022,4585692],[430022,4585693],[430023,4585694],[430023,4585695],[430025,4585696],[430025,4585697],[430025,4585698],[430026,4585698],[430028,4585700],[430027,4585701],[430027,4585701],[430021,4585704],[430019,4585706],[430019,4585706],[430014,4585708],[430014,4585708],[429999,4585715],[429998,4585716],[429995,4585717],[429994,4585717],[429988,4585719],[429982,4585721],[429979,4585721],[429976,4585722],[429971,4585722],[429969,4585721],[429964,4585720],[429962,4585719],[429962,4585719],[429961,4585718],[429961,4585718],[429960,4585718],[429960,4585717],[429945,4585715],[429945,4585716],[429946,4585717],[429946,4585719],[429948,4585720],[429951,4585721],[429966,4585727],[429987,4585735],[429998,4585734],[430013,4585730],[430030,4585723],[430040,4585718],[430057,4585713],[430062,4585711],[430077,4585710],[430092,4585712],[430110,4585715],[430129,4585717],[430146,4585718],[430166,4585720],[430179,4585720],[430198,4585718],[430214,4585719],[430232,4585721],[430240,4585725],[430260,4585734],[430231,4585731],[430214,4585729],[430198,4585729],[430199,4585735],[430208,4585791],[430207,4585798],[430209,4585814],[430192,4585817],[430181,4585819],[430158,4585823],[430146,4585825],[430140,4585827],[430135,4585830],[430124,4585839],[430117,4585844],[430111,4585847],[430108,4585847],[430103,4585847],[430099,4585846],[430095,4585844],[430089,4585839],[430081,4585834],[430079,4585842],[430073,4585862],[430064,4585894],[430060,4585900],[430026,4585906],[429999,4585993],[429921,4585974],[429777,4585941],[429775,4585940],[429774,4585938],[429733,4585872],[429717,4585883],[429695,4585901],[429688,4585901],[429680,4585900],[429678,4585912]]]}},{"type":"Feature","properties":{"barri":"la Teixonera","districte":"Horta-Guinardó"},"geometry":{"type":"Polygon","coordinates":[[[429091,4586207],[429097,4586216],[429103,4586226],[429111,4586236],[429119,4586245],[429127,4586253],[429141,4586264],[429148,4586270],[429157,4586276],[429165,4586281],[429172,4586285],[429182,4586289],[429177,4586297],[429165,4586298],[429155,4586300],[429127,4586305],[429128,4586315],[429129,4586317],[429129,4586319],[429129,4586320],[429129,4586321],[429129,4586322],[429129,4586322],[429129,4586322],[429129,4586323],[429129,4586324],[429129,4586324],[429129,4586325],[429129,4586326],[429130,4586328],[429130,4586329],[429130,4586330],[429130,4586331],[429130,4586336],[429130,4586337],[429130,4586338],[429130,4586338],[429131,4586339],[429131,4586341],[429131,4586344],[429131,4586344],[429131,4586344],[429131,4586345],[429131,4586345],[429131,4586346],[429131,4586348],[429132,4586349],[429132,4586350],[429132,4586351],[429132,4586351],[429132,4586352],[429132,4586352],[429132,4586352],[429132,4586353],[429132,4586356],[429132,4586357],[429132,4586357],[429132,4586358],[429132,4586359],[429132,4586359],[429132,4586359],[429132,4586360],[429133,4586362],[429133,4586363],[429133,4586363],[429133,4586365],[429133,4586366],[429133,4586370],[429133,4586371],[429133,4586371],[429133,4586372],[429133,4586372],[429133,4586373],[429134,4586374],[429134,4586375],[429134,4586377],[429134,4586378],[429134,4586378],[429134,4586379],[429134,4586379],[429134,4586380],[429134,4586380],[429134,4586382],[429135,4586384],[429135,4586385],[429135,4586385],[429135,4586386],[429135,4586386],[429135,4586386],[429135,4586387],[429135,4586391],[429135,4586391],[429135,4586392],[429135,4586392],[429135,4586393],[429135,4586393],[429135,4586394],[429136,4586394],[429136,4586396],[429136,4586401],[429123,4586401],[429118,4586401],[429109,4586402],[429088,4586402],[429069,4586403],[429065,4586403],[429050,4586403],[429034,4586404],[429012,4586405],[429011,4586400],[429010,4586396],[429007,4586391],[429004,4586387],[429000,4586383],[428996,4586380],[428990,4586377],[428984,4586375],[428976,4586373],[428963,4586367],[428947,4586360],[428937,4586355],[428931,4586351],[428925,4586348],[428915,4586342],[428905,4586335],[428895,4586327],[428890,4586323],[428885,4586319],[428878,4586312],[428864,4586298],[428858,4586292],[428853,4586288],[428843,4586278],[428830,4586267],[428817,4586257],[428813,4586254],[428808,4586251],[428803,4586247],[428798,4586244],[428794,4586241],[428789,4586238],[428784,4586236],[428779,4586233],[428763,4586225],[428747,4586217],[428732,4586212],[428710,4586206],[428690,4586203],[428671,4586201],[428644,4586204],[428620,4586209],[428610,4586212],[428553,4586232],[428540,4586233],[428524,4586233],[428503,4586232],[428489,4586229],[428476,4586228],[428461,4586227],[428441,4586228],[428426,4586229],[428416,4586232],[428398,4586239],[428372,4586253],[428358,4586260],[428333,4586269],[428333,4586269],[428327,4586254],[428308,4586213],[428289,4586171],[428284,4586157],[428275,4586138],[428258,4586091],[428241,4586046],[428225,4586001],[428204,4585945],[428203,4585944],[428191,4585910],[428173,4585861],[428203,4585878],[428279,4585908],[428289,4585911],[428302,4585910],[428311,4585906],[428319,4585899],[428320,4585898],[428392,4585823],[428422,4585791],[428435,4585777],[428440,4585772],[428459,4585752],[428470,4585758],[428494,4585779],[428512,4585795],[428528,4585817],[428537,4585823],[428564,4585834],[428718,4585874],[428787,4585910],[428915,4585914],[428927,4585914],[428928,4585885],[428928,4585885],[428927,4585835],[428927,4585805],[428927,4585806],[428929,4585808],[428932,4585812],[428937,4585818],[428941,4585824],[428951,4585837],[428955,4585843],[428969,4585861],[428984,4585881],[428991,4585891],[429013,4585922],[429025,4585939],[429029,4585951],[429035,4585965],[429042,4585980],[429046,4585990],[429049,4585998],[429052,4586007],[429054,4586018],[429055,4586027],[429056,4586035],[429056,4586040],[429057,4586049],[429056,4586061],[429057,4586076],[429058,4586091],[429058,4586093],[429058,4586099],[429058,4586111],[429059,4586125],[429060,4586136],[429062,4586144],[429064,4586150],[429068,4586160],[429071,4586170],[429075,4586177],[429078,4586182],[429084,4586195],[429091,4586207]]]}},{"type":"Feature","properties":{"barri":"Sant Genís dels Agudells","districte":"Horta-Guinardó"},"geometry":{"type":"Polygon","coordinates":[[[427699,4587042],[427696,4587043],[427692,4587044],[427678,4587046],[427678,4587047],[427679,4587048],[427679,4587049],[427679,4587050],[427680,4587051],[427680,4587052],[427680,4587054],[427681,4587055],[427681,4587056],[427681,4587057],[427681,4587058],[427682,4587060],[427682,4587061],[427682,4587062],[427682,4587063],[427682,4587064],[427682,4587066],[427682,4587067],[427682,4587068],[427682,4587069],[427682,4587070],[427682,4587071],[427682,4587072],[427682,4587074],[427682,4587075],[427682,4587076],[427682,4587077],[427682,4587078],[427682,4587079],[427682,4587079],[427681,4587080],[427681,4587081],[427681,4587082],[427681,4587083],[427681,4587084],[427680,4587085],[427680,4587086],[427680,4587087],[427680,4587087],[427679,4587088],[427679,4587089],[427679,4587090],[427678,4587091],[427678,4587092],[427677,4587093],[427677,4587094],[427677,4587095],[427674,4587100],[427671,4587105],[427670,4587109],[427668,4587113],[427666,4587116],[427665,4587120],[427663,4587123],[427661,4587127],[427660,4587130],[427658,4587134],[427656,4587138],[427656,4587139],[427655,4587140],[427655,4587141],[427654,4587143],[427654,4587144],[427653,4587145],[427653,4587147],[427653,4587148],[427652,4587149],[427652,4587151],[427651,4587152],[427651,4587153],[427651,4587155],[427651,4587156],[427650,4587157],[427650,4587159],[427650,4587160],[427650,4587162],[427650,4587163],[427650,4587164],[427649,4587165],[427649,4587167],[427649,4587167],[427649,4587168],[427649,4587169],[427649,4587170],[427649,4587172],[427649,4587173],[427649,4587174],[427649,4587175],[427650,4587177],[427650,4587178],[427650,4587179],[427650,4587180],[427650,4587182],[427650,4587183],[427651,4587184],[427651,4587185],[427651,4587187],[427651,4587188],[427652,4587189],[427652,4587190],[427652,4587192],[427653,4587193],[427653,4587194],[427654,4587196],[427654,4587197],[427655,4587198],[427655,4587199],[427656,4587200],[427656,4587202],[427657,4587203],[427657,4587204],[427658,4587205],[427658,4587206],[427659,4587208],[427660,4587209],[427660,4587210],[427662,4587212],[427663,4587214],[427664,4587216],[427665,4587219],[427667,4587221],[427668,4587223],[427669,4587225],[427683,4587248],[427690,4587261],[427698,4587274],[427699,4587277],[427699,4587280],[427700,4587283],[427700,4587287],[427700,4587290],[427699,4587293],[427699,4587296],[427698,4587300],[427696,4587302],[427695,4587305],[427693,4587307],[427692,4587308],[427690,4587309],[427689,4587310],[427688,4587311],[427685,4587313],[427683,4587314],[427680,4587315],[427678,4587315],[427676,4587316],[427675,4587316],[427673,4587316],[427671,4587316],[427669,4587316],[427667,4587316],[427666,4587315],[427664,4587315],[427662,4587314],[427660,4587314],[427659,4587313],[427657,4587312],[427656,4587311],[427654,4587310],[427653,4587309],[427651,4587306],[427649,4587304],[427648,4587301],[427646,4587299],[427645,4587296],[427643,4587293],[427642,4587291],[427641,4587288],[427633,4587254],[427626,4587225],[427625,4587221],[427622,4587209],[427619,4587199],[427618,4587193],[427617,4587187],[427616,4587181],[427615,4587176],[427615,4587170],[427615,4587165],[427615,4587159],[427616,4587154],[427617,4587148],[427618,4587145],[427619,4587139],[427621,4587133],[427623,4587127],[427626,4587120],[427629,4587111],[427631,4587106],[427633,4587102],[427633,4587100],[427634,4587099],[427634,4587098],[427635,4587097],[427635,4587096],[427635,4587094],[427636,4587093],[427636,4587092],[427636,4587091],[427637,4587090],[427637,4587088],[427637,4587087],[427637,4587086],[427637,4587085],[427637,4587084],[427637,4587083],[427637,4587082],[427637,4587081],[427637,4587080],[427637,4587079],[427637,4587078],[427637,4587077],[427637,4587075],[427637,4587074],[427637,4587074],[427637,4587073],[427637,4587072],[427637,4587071],[427636,4587070],[427636,4587069],[427636,4587069],[427636,4587068],[427635,4587067],[427635,4587066],[427635,4587065],[427635,4587065],[427634,4587064],[427634,4587063],[427634,4587062],[427633,4587062],[427633,4587061],[427632,4587060],[427632,4587059],[427631,4587058],[427631,4587058],[427630,4587057],[427630,4587056],[427629,4587056],[427629,4587055],[427628,4587054],[427627,4587054],[427627,4587053],[427626,4587052],[427625,4587052],[427625,4587051],[427622,4587049],[427622,4587049],[427619,4587047],[427617,4587045],[427614,4587044],[427612,4587043],[427609,4587042],[427606,4587041],[427603,4587041],[427601,4587041],[427598,4587041],[427595,4587041],[427592,4587041],[427590,4587041],[427585,4587043],[427581,4587044],[427577,4587046],[427564,4587052],[427552,4587057],[427535,4587065],[427524,4587070],[427521,4587071],[427517,4587073],[427513,4587074],[427509,4587075],[427505,4587075],[427501,4587076],[427498,4587076],[427494,4587075],[427491,4587075],[427491,4587075],[427488,4587074],[427484,4587073],[427481,4587071],[427478,4587070],[427474,4587067],[427469,4587065],[427461,4587060],[427453,4587054],[427444,4587048],[427441,4587046],[427438,4587044],[427434,4587043],[427431,4587041],[427427,4587040],[427423,4587039],[427419,4587038],[427415,4587037],[427411,4587037],[427407,4587037],[427404,4587037],[427403,4587037],[427399,4587038],[427391,4587039],[427381,4587042],[427375,4587044],[427367,4587046],[427326,4587060],[427322,4587062],[427318,4587063],[427314,4587064],[427310,4587065],[427305,4587065],[427302,4587065],[427301,4587066],[427297,4587066],[427296,4587066],[427294,4587066],[427293,4587065],[427292,4587065],[427291,4587065],[427290,4587065],[427289,4587065],[427288,4587065],[427286,4587065],[427285,4587064],[427283,4587064],[427280,4587063],[427277,4587063],[427275,4587062],[427272,4587062],[427269,4587061],[427267,4587061],[427264,4587060],[427262,4587059],[427259,4587059],[427257,4587058],[427254,4587058],[427252,4587057],[427249,4587057],[427246,4587057],[427244,4587056],[427241,4587056],[427241,4587056],[427230,4587054],[427224,4587054],[427210,4587056],[427171,4587062],[427143,4587067],[427130,4587068],[427124,4587069],[427115,4587070],[427108,4587070],[427102,4587069],[427092,4587068],[427084,4587066],[427077,4587064],[427071,4587062],[427061,4587059],[427054,4587056],[427047,4587053],[427044,4587050],[427037,4587045],[427029,4587038],[427019,4587039],[426816,4586820],[426796,4586801],[426779,4586787],[426694,4586727],[426702,4586716],[426708,4586718],[426716,4586720],[426723,4586720],[426729,4586719],[426636,4586479],[426575,4586403],[426575,4586403],[426570,4586397],[426573,4586394],[426579,4586385],[426581,4586379],[426582,4586371],[426581,4586362],[426578,4586353],[426510,4586212],[426506,4586193],[426504,4586172],[426511,4586102],[426510,4586095],[426502,4586067],[426501,4586058],[426529,4585984],[426538,4585964],[426546,4585951],[426573,4585917],[426581,4585905],[426586,4585892],[426590,4585880],[426592,4585864],[426591,4585857],[426589,4585852],[426586,4585849],[426560,4585834],[426560,4585834],[426561,4585834],[426564,4585832],[426564,4585832],[426565,4585831],[426569,4585829],[426571,4585828],[426570,4585828],[426576,4585824],[426584,4585820],[426590,4585816],[426591,4585816],[426592,4585815],[426592,4585816],[426593,4585817],[426593,4585817],[426597,4585815],[426605,4585811],[426615,4585805],[426626,4585798],[426634,4585793],[426642,4585789],[426644,4585787],[426652,4585783],[426674,4585770],[426702,4585754],[426713,4585747],[426715,4585746],[426740,4585732],[426742,4585731],[426744,4585730],[426766,4585717],[426785,4585706],[426799,4585698],[426804,4585695],[426820,4585686],[426828,4585681],[426834,4585678],[426838,4585675],[426855,4585665],[426856,4585665],[426859,4585664],[426866,4585661],[426873,4585658],[426886,4585652],[426889,4585651],[426892,4585649],[426895,4585647],[426899,4585645],[426905,4585642],[426910,4585639],[426911,4585638],[426914,4585636],[426929,4585628],[426934,4585625],[426951,4585615],[426976,4585599],[426983,4585595],[426999,4585586],[427028,4585568],[427040,4585561],[427059,4585549],[427070,4585543],[427083,4585535],[427098,4585525],[427111,4585518],[427122,4585511],[427132,4585505],[427142,4585499],[427151,4585493],[427162,4585487],[427175,4585479],[427184,4585473],[427186,4585472],[427193,4585468],[427193,4585468],[427194,4585469],[427203,4585464],[427205,4585463],[427206,4585464],[427205,4585470],[427200,4585478],[427180,4585506],[427160,4585526],[427141,4585541],[427130,4585548],[427124,4585555],[427121,4585560],[427120,4585566],[427121,4585574],[427126,4585580],[427136,4585591],[427143,4585601],[427144,4585606],[427143,4585612],[427140,4585618],[427131,4585633],[427123,4585640],[427107,4585651],[427093,4585661],[427085,4585667],[427084,4585681],[427095,4585694],[427118,4585705],[427121,4585707],[427135,4585719],[427141,4585721],[427149,4585719],[427159,4585716],[427164,4585717],[427170,4585721],[427184,4585735],[427188,4585739],[427191,4585741],[427194,4585741],[427197,4585742],[427199,4585741],[427202,4585740],[427204,4585738],[427207,4585734],[427210,4585725],[427216,4585709],[427220,4585704],[427227,4585700],[427231,4585698],[427235,4585697],[427240,4585695],[427245,4585694],[427250,4585694],[427254,4585694],[427257,4585694],[427260,4585695],[427263,4585697],[427266,4585699],[427270,4585702],[427273,4585706],[427275,4585709],[427278,4585712],[427279,4585716],[427281,4585719],[427281,4585721],[427282,4585723],[427283,4585726],[427284,4585730],[427285,4585733],[427285,4585736],[427286,4585739],[427288,4585743],[427290,4585747],[427292,4585750],[427294,4585752],[427296,4585753],[427298,4585754],[427299,4585755],[427302,4585756],[427304,4585756],[427307,4585756],[427309,4585756],[427314,4585755],[427318,4585753],[427322,4585751],[427328,4585748],[427333,4585746],[427333,4585746],[427337,4585744],[427340,4585743],[427341,4585742],[427344,4585740],[427346,4585738],[427349,4585735],[427352,4585731],[427354,4585728],[427355,4585724],[427357,4585717],[427358,4585714],[427360,4585707],[427362,4585700],[427364,4585696],[427366,4585692],[427369,4585687],[427371,4585686],[427372,4585684],[427375,4585682],[427376,4585681],[427379,4585680],[427381,4585680],[427385,4585679],[427388,4585680],[427392,4585680],[427395,4585682],[427398,4585683],[427401,4585686],[427404,4585688],[427417,4585698],[427423,4585702],[427426,4585704],[427432,4585707],[427436,4585709],[427442,4585711],[427455,4585717],[427458,4585718],[427460,4585719],[427465,4585721],[427470,4585724],[427473,4585726],[427476,4585729],[427479,4585732],[427481,4585735],[427482,4585739],[427482,4585743],[427482,4585745],[427481,4585748],[427480,4585750],[427479,4585752],[427478,4585755],[427471,4585764],[427466,4585772],[427457,4585786],[427452,4585794],[427444,4585809],[427438,4585821],[427434,4585827],[427430,4585833],[427423,4585843],[427418,4585849],[427411,4585858],[427409,4585861],[427408,4585864],[427406,4585867],[427404,4585872],[427404,4585875],[427404,4585876],[427403,4585878],[427402,4585883],[427402,4585887],[427402,4585888],[427403,4585890],[427404,4585893],[427405,4585895],[427404,4585896],[427403,4585897],[427376,4585920],[427361,4585942],[427357,4585948],[427356,4585948],[427340,4585965],[427334,4585974],[427320,4585996],[427317,4586001],[427308,4586015],[427306,4586018],[427304,4586020],[427304,4586020],[427296,4586033],[427297,4586033],[427298,4586034],[427299,4586034],[427300,4586035],[427301,4586036],[427302,4586036],[427303,4586037],[427304,4586038],[427305,4586038],[427305,4586038],[427306,4586039],[427307,4586039],[427307,4586039],[427308,4586039],[427309,4586040],[427330,4586049],[427331,4586049],[427331,4586049],[427332,4586049],[427333,4586049],[427334,4586050],[427335,4586050],[427336,4586050],[427341,4586050],[427348,4586051],[427349,4586053],[427349,4586053],[427350,4586053],[427352,4586052],[427361,4586049],[427363,4586048],[427368,4586047],[427368,4586047],[427369,4586047],[427371,4586047],[427378,4586045],[427383,4586044],[427384,4586044],[427384,4586044],[427390,4586044],[427394,4586042],[427405,4586039],[427415,4586036],[427419,4586035],[427425,4586033],[427437,4586030],[427442,4586029],[427442,4586029],[427446,4586029],[427451,4586028],[427453,4586028],[427458,4586028],[427460,4586028],[427460,4586027],[427465,4586027],[427470,4586028],[427472,4586028],[427474,4586028],[427476,4586028],[427478,4586028],[427479,4586028],[427481,4586029],[427483,4586029],[427484,4586029],[427486,4586029],[427489,4586029],[427492,4586029],[427494,4586030],[427497,4586030],[427498,4586030],[427500,4586030],[427502,4586030],[427505,4586031],[427508,4586031],[427511,4586031],[427512,4586031],[427512,4586031],[427515,4586031],[427517,4586031],[427518,4586032],[427521,4586032],[427523,4586032],[427525,4586032],[427526,4586032],[427530,4586032],[427532,4586033],[427533,4586033],[427536,4586033],[427536,4586033],[427539,4586032],[427544,4586031],[427548,4586030],[427551,4586029],[427552,4586029],[427554,4586028],[427557,4586026],[427560,4586025],[427563,4586023],[427566,4586022],[427569,4586021],[427572,4586019],[427574,4586018],[427577,4586016],[427579,4586015],[427581,4586013],[427583,4586012],[427585,4586011],[427586,4586010],[427588,4586009],[427592,4586007],[427593,4586006],[427597,4586004],[427603,4586003],[427609,4586002],[427621,4585999],[427629,4585997],[427632,4585997],[427641,4585995],[427648,4585994],[427657,4585993],[427664,4585991],[427671,4585989],[427678,4585987],[427689,4585983],[427691,4585982],[427692,4585981],[427693,4585981],[427693,4585981],[427699,4585984],[427693,4585995],[427689,4586002],[427688,4586003],[427687,4586004],[427685,4586005],[427681,4586008],[427680,4586009],[427676,4586012],[427676,4586012],[427671,4586016],[427671,4586017],[427667,4586021],[427667,4586021],[427666,4586021],[427662,4586025],[427660,4586028],[427660,4586028],[427658,4586030],[427658,4586031],[427657,4586033],[427656,4586035],[427655,4586035],[427655,4586037],[427653,4586041],[427653,4586044],[427653,4586047],[427653,4586049],[427653,4586051],[427653,4586053],[427653,4586056],[427655,4586062],[427656,4586064],[427656,4586066],[427656,4586066],[427657,4586069],[427658,4586072],[427659,4586079],[427660,4586082],[427662,4586086],[427663,4586089],[427664,4586092],[427664,4586092],[427664,4586093],[427666,4586096],[427667,4586100],[427669,4586106],[427673,4586113],[427674,4586117],[427676,4586120],[427680,4586127],[427683,4586134],[427685,4586136],[427685,4586137],[427685,4586137],[427686,4586138],[427687,4586140],[427688,4586142],[427689,4586142],[427690,4586145],[427692,4586144],[427692,4586144],[427699,4586142],[427699,4586142],[427701,4586141],[427703,4586146],[427703,4586146],[427706,4586153],[427707,4586157],[427708,4586159],[427710,4586161],[427712,4586163],[427717,4586166],[427720,4586169],[427726,4586176],[427727,4586177],[427730,4586180],[427732,4586183],[427733,4586185],[427738,4586191],[427741,4586197],[427743,4586202],[427744,4586203],[427744,4586204],[427746,4586208],[427747,4586211],[427749,4586215],[427750,4586218],[427750,4586218],[427751,4586220],[427751,4586222],[427751,4586224],[427751,4586225],[427751,4586228],[427751,4586229],[427749,4586232],[427748,4586234],[427745,4586238],[427736,4586248],[427729,4586257],[427727,4586260],[427726,4586262],[427725,4586266],[427724,4586270],[427724,4586272],[427725,4586275],[427726,4586277],[427726,4586277],[427726,4586277],[427728,4586281],[427730,4586285],[427788,4586259],[427796,4586254],[427802,4586248],[427810,4586236],[427815,4586225],[427816,4586215],[427816,4586202],[427815,4586171],[427816,4586161],[427821,4586152],[427827,4586145],[427837,4586140],[427848,4586137],[427886,4586132],[427908,4586126],[427936,4586110],[427950,4586096],[427962,4586082],[427976,4586055],[428001,4585970],[428003,4585962],[428005,4585949],[428005,4585937],[428002,4585927],[427998,4585919],[427990,4585911],[427980,4585905],[427978,4585903],[427951,4585890],[427946,4585884],[427942,4585878],[427940,4585870],[427940,4585860],[427944,4585852],[427950,4585845],[427957,4585840],[428040,4585804],[428067,4585792],[428122,4585771],[428137,4585765],[428173,4585861],[428191,4585910],[428203,4585944],[428204,4585945],[428225,4586001],[428241,4586046],[428258,4586091],[428275,4586138],[428284,4586157],[428289,4586171],[428308,4586213],[428327,4586254],[428333,4586269],[428333,4586269],[428321,4586274],[428294,4586284],[428251,4586300],[428228,4586309],[428216,4586313],[428213,4586314],[428208,4586316],[428204,4586318],[428199,4586319],[428194,4586321],[428191,4586322],[428188,4586323],[428185,4586324],[428181,4586326],[428178,4586327],[428175,4586328],[428172,4586329],[428169,4586330],[428165,4586331],[428161,4586333],[428156,4586334],[428152,4586336],[428147,4586338],[428142,4586339],[428138,4586341],[428135,4586342],[428132,4586343],[428129,4586344],[428126,4586346],[428125,4586347],[428123,4586348],[428122,4586349],[428121,4586351],[428108,4586379],[428073,4586457],[428089,4586501],[428089,4586501],[428086,4586501],[428086,4586502],[428078,4586504],[428079,4586508],[428078,4586513],[428077,4586513],[428073,4586512],[428071,4586507],[428066,4586509],[428056,4586512],[428057,4586513],[428035,4586554],[428034,4586558],[428032,4586560],[428027,4586570],[428019,4586586],[428019,4586586],[428011,4586602],[428005,4586613],[428005,4586613],[427998,4586626],[427992,4586628],[427991,4586628],[427983,4586631],[427979,4586631],[427979,4586631],[427961,4586633],[427955,4586634],[427925,4586638],[427917,4586639],[427927,4586656],[427934,4586667],[427945,4586686],[427960,4586710],[427973,4586731],[427982,4586750],[427989,4586770],[427995,4586788],[428004,4586816],[427997,4586818],[427995,4586819],[427992,4586822],[427991,4586824],[427986,4586828],[427984,4586831],[427984,4586831],[427979,4586833],[427974,4586834],[427973,4586834],[427969,4586833],[427941,4586825],[427904,4586813],[427853,4586798],[427815,4586786],[427809,4586784],[427790,4586778],[427752,4586821],[427743,4586831],[427712,4586867],[427703,4586878],[427701,4586878],[427697,4586896],[427692,4586913],[427690,4586921],[427688,4586929],[427684,4586941],[427683,4586946],[427683,4586958],[427683,4586970],[427684,4586978],[427684,4586984],[427686,4586989],[427688,4586996],[427690,4587002],[427693,4587007],[427697,4587013],[427702,4587018],[427708,4587023],[427716,4587026],[427720,4587030],[427722,4587032],[427725,4587035],[427708,4587040],[427699,4587042]]]}},{"type":"Feature","properties":{"barri":"Montbau","districte":"Horta-Guinardó"},"geometry":{"type":"Polygon","coordinates":[[[427847,4588267],[427841,4588273],[427833,4588278],[427826,4588282],[427823,4588284],[427819,4588288],[427815,4588290],[427811,4588295],[427804,4588299],[427793,4588313],[427776,4588328],[427764,4588343],[427754,4588354],[427746,4588361],[427741,4588368],[427734,4588373],[427724,4588375],[427712,4588381],[427697,4588389],[427683,4588396],[427673,4588401],[427672,4588401],[427672,4588401],[427671,4588402],[427670,4588402],[427670,4588402],[427670,4588402],[427670,4588402],[427670,4588402],[427670,4588402],[427668,4588403],[427667,4588403],[427666,4588404],[427666,4588404],[427666,4588404],[427665,4588405],[427665,4588405],[427664,4588405],[427663,4588406],[427662,4588407],[427662,4588407],[427662,4588407],[427661,4588409],[427660,4588410],[427660,4588410],[427660,4588410],[427659,4588411],[427659,4588412],[427658,4588412],[427658,4588413],[427645,4588423],[427637,4588435],[427632,4588453],[427627,4588458],[427622,4588464],[427612,4588465],[427612,4588465],[427605,4588470],[427592,4588472],[427581,4588477],[427570,4588483],[427565,4588489],[427565,4588489],[427565,4588489],[427564,4588491],[427563,4588488],[427561,4588481],[427558,4588477],[427554,4588473],[427551,4588471],[427545,4588468],[427537,4588461],[427531,4588453],[427523,4588446],[427516,4588439],[427510,4588434],[427501,4588430],[427494,4588427],[427477,4588423],[427460,4588418],[427447,4588414],[427438,4588412],[427426,4588406],[427415,4588402],[427404,4588399],[427396,4588398],[427390,4588396],[427384,4588393],[427381,4588388],[427378,4588379],[427376,4588371],[427370,4588363],[427346,4588336],[427333,4588322],[427319,4588305],[427319,4588305],[427320,4588263],[427318,4588243],[427306,4588229],[427293,4588202],[427289,4588196],[427280,4588181],[427281,4588162],[427315,4588098],[427318,4588089],[427318,4588074],[427315,4588043],[427312,4588035],[427308,4588029],[427274,4587995],[427269,4587988],[427266,4587978],[427268,4587961],[427269,4587922],[427266,4587900],[427275,4587839],[427275,4587828],[427270,4587802],[427259,4587749],[427257,4587737],[427256,4587718],[427254,4587710],[427252,4587705],[427204,4587627],[427201,4587613],[427199,4587596],[427199,4587592],[427213,4587557],[427216,4587548],[427219,4587504],[427215,4587491],[427214,4587480],[427214,4587475],[427215,4587458],[427216,4587450],[427218,4587442],[427218,4587434],[427217,4587426],[427214,4587408],[427212,4587401],[427205,4587389],[427200,4587378],[427188,4587347],[427184,4587340],[427179,4587328],[427174,4587310],[427172,4587298],[427172,4587289],[427174,4587275],[427171,4587251],[427168,4587249],[427159,4587246],[427120,4587223],[427107,4587209],[427090,4587176],[427083,4587153],[427043,4587099],[427035,4587088],[427020,4587066],[427012,4587047],[427021,4587040],[427019,4587039],[427029,4587038],[427037,4587045],[427044,4587050],[427047,4587053],[427054,4587056],[427061,4587059],[427071,4587062],[427077,4587064],[427084,4587066],[427092,4587068],[427102,4587069],[427108,4587070],[427115,4587070],[427124,4587069],[427130,4587068],[427143,4587067],[427171,4587062],[427210,4587056],[427224,4587054],[427230,4587054],[427241,4587056],[427241,4587056],[427244,4587056],[427246,4587057],[427249,4587057],[427252,4587057],[427254,4587058],[427257,4587058],[427259,4587059],[427262,4587059],[427264,4587060],[427267,4587061],[427269,4587061],[427272,4587062],[427275,4587062],[427277,4587063],[427280,4587063],[427283,4587064],[427285,4587064],[427286,4587065],[427288,4587065],[427289,4587065],[427290,4587065],[427291,4587065],[427292,4587065],[427293,4587065],[427294,4587066],[427296,4587066],[427297,4587066],[427301,4587066],[427302,4587065],[427305,4587065],[427310,4587065],[427314,4587064],[427318,4587063],[427322,4587062],[427326,4587060],[427367,4587046],[427375,4587044],[427381,4587042],[427391,4587039],[427399,4587038],[427403,4587037],[427404,4587037],[427407,4587037],[427411,4587037],[427415,4587037],[427419,4587038],[427423,4587039],[427427,4587040],[427431,4587041],[427434,4587043],[427438,4587044],[427441,4587046],[427444,4587048],[427453,4587054],[427461,4587060],[427469,4587065],[427474,4587067],[427478,4587070],[427481,4587071],[427484,4587073],[427488,4587074],[427491,4587075],[427491,4587075],[427494,4587075],[427498,4587076],[427501,4587076],[427505,4587075],[427509,4587075],[427513,4587074],[427517,4587073],[427521,4587071],[427524,4587070],[427535,4587065],[427552,4587057],[427564,4587052],[427577,4587046],[427581,4587044],[427585,4587043],[427590,4587041],[427592,4587041],[427595,4587041],[427598,4587041],[427601,4587041],[427603,4587041],[427606,4587041],[427609,4587042],[427612,4587043],[427614,4587044],[427617,4587045],[427619,4587047],[427622,4587049],[427622,4587049],[427625,4587051],[427625,4587052],[427626,4587052],[427627,4587053],[427627,4587054],[427628,4587054],[427629,4587055],[427629,4587056],[427630,4587056],[427630,4587057],[427631,4587058],[427631,4587058],[427632,4587059],[427632,4587060],[427633,4587061],[427633,4587062],[427634,4587062],[427634,4587063],[427634,4587064],[427635,4587065],[427635,4587065],[427635,4587066],[427635,4587067],[427636,4587068],[427636,4587069],[427636,4587069],[427636,4587070],[427637,4587071],[427637,4587072],[427637,4587073],[427637,4587074],[427637,4587074],[427637,4587075],[427637,4587077],[427637,4587078],[427637,4587079],[427637,4587080],[427637,4587081],[427637,4587082],[427637,4587083],[427637,4587084],[427637,4587085],[427637,4587086],[427637,4587087],[427637,4587088],[427637,4587090],[427636,4587091],[427636,4587092],[427636,4587093],[427635,4587094],[427635,4587096],[427635,4587097],[427634,4587098],[427634,4587099],[427633,4587100],[427633,4587102],[427631,4587106],[427629,4587111],[427626,4587120],[427623,4587127],[427621,4587133],[427619,4587139],[427618,4587145],[427617,4587148],[427616,4587154],[427615,4587159],[427615,4587165],[427615,4587170],[427615,4587176],[427616,4587181],[427617,4587187],[427618,4587193],[427619,4587199],[427622,4587209],[427625,4587221],[427626,4587225],[427633,4587254],[427641,4587288],[427642,4587291],[427643,4587293],[427645,4587296],[427646,4587299],[427648,4587301],[427649,4587304],[427651,4587306],[427653,4587309],[427654,4587310],[427656,4587311],[427657,4587312],[427659,4587313],[427660,4587314],[427662,4587314],[427664,4587315],[427666,4587315],[427667,4587316],[427669,4587316],[427671,4587316],[427673,4587316],[427675,4587316],[427676,4587316],[427678,4587315],[427680,4587315],[427683,4587314],[427685,4587313],[427688,4587311],[427689,4587310],[427690,4587309],[427692,4587308],[427693,4587307],[427695,4587305],[427696,4587302],[427698,4587300],[427699,4587296],[427699,4587293],[427700,4587290],[427700,4587287],[427700,4587283],[427699,4587280],[427699,4587277],[427698,4587274],[427690,4587261],[427683,4587248],[427669,4587225],[427668,4587223],[427667,4587221],[427665,4587219],[427664,4587216],[427663,4587214],[427662,4587212],[427660,4587210],[427660,4587209],[427659,4587208],[427658,4587206],[427658,4587205],[427657,4587204],[427657,4587203],[427656,4587202],[427656,4587200],[427655,4587199],[427655,4587198],[427654,4587197],[427654,4587196],[427653,4587194],[427653,4587193],[427652,4587192],[427652,4587190],[427652,4587189],[427651,4587188],[427651,4587187],[427651,4587185],[427651,4587184],[427650,4587183],[427650,4587182],[427650,4587180],[427650,4587179],[427650,4587178],[427650,4587177],[427649,4587175],[427649,4587174],[427649,4587173],[427649,4587172],[427649,4587170],[427649,4587169],[427649,4587168],[427649,4587167],[427649,4587167],[427649,4587165],[427650,4587164],[427650,4587163],[427650,4587162],[427650,4587160],[427650,4587159],[427650,4587157],[427651,4587156],[427651,4587155],[427651,4587153],[427651,4587152],[427652,4587151],[427652,4587149],[427653,4587148],[427653,4587147],[427653,4587145],[427654,4587144],[427654,4587143],[427655,4587141],[427655,4587140],[427656,4587139],[427656,4587138],[427658,4587134],[427660,4587130],[427661,4587127],[427663,4587123],[427665,4587120],[427666,4587116],[427668,4587113],[427670,4587109],[427671,4587105],[427674,4587100],[427677,4587095],[427677,4587094],[427677,4587093],[427678,4587092],[427678,4587091],[427679,4587090],[427679,4587089],[427679,4587088],[427680,4587087],[427680,4587087],[427680,4587086],[427680,4587085],[427681,4587084],[427681,4587083],[427681,4587082],[427681,4587081],[427681,4587080],[427682,4587079],[427682,4587079],[427682,4587078],[427682,4587077],[427682,4587076],[427682,4587075],[427682,4587074],[427682,4587072],[427682,4587071],[427682,4587070],[427682,4587069],[427682,4587068],[427682,4587067],[427682,4587066],[427682,4587064],[427682,4587063],[427682,4587062],[427682,4587061],[427682,4587060],[427681,4587058],[427681,4587057],[427681,4587056],[427681,4587055],[427680,4587054],[427680,4587052],[427680,4587051],[427679,4587050],[427679,4587049],[427679,4587048],[427678,4587047],[427678,4587046],[427692,4587044],[427696,4587043],[427699,4587042],[427708,4587040],[427725,4587035],[427722,4587032],[427720,4587030],[427716,4587026],[427708,4587023],[427702,4587018],[427697,4587013],[427693,4587007],[427690,4587002],[427688,4586996],[427686,4586989],[427684,4586984],[427684,4586978],[427683,4586970],[427683,4586958],[427683,4586946],[427684,4586941],[427688,4586929],[427690,4586921],[427692,4586913],[427697,4586896],[427701,4586878],[427703,4586878],[427712,4586867],[427743,4586831],[427752,4586821],[427790,4586778],[427809,4586784],[427815,4586786],[427853,4586798],[427904,4586813],[427941,4586825],[427969,4586833],[427973,4586834],[427974,4586834],[427979,4586833],[427984,4586831],[427984,4586831],[427986,4586828],[427991,4586824],[427992,4586822],[427995,4586819],[427997,4586818],[428004,4586816],[427995,4586788],[427989,4586770],[427982,4586750],[427973,4586731],[427960,4586710],[427945,4586686],[427934,4586667],[427927,4586656],[427917,4586639],[427925,4586638],[427955,4586634],[427961,4586633],[427979,4586631],[427979,4586631],[427983,4586631],[427991,4586628],[427992,4586628],[427998,4586626],[428005,4586613],[428005,4586613],[428011,4586602],[428019,4586586],[428019,4586586],[428027,4586570],[428032,4586560],[428034,4586558],[428035,4586554],[428057,4586513],[428056,4586512],[428066,4586509],[428071,4586507],[428073,4586512],[428077,4586513],[428078,4586513],[428079,4586508],[428078,4586504],[428086,4586502],[428086,4586501],[428089,4586501],[428089,4586501],[428073,4586457],[428108,4586379],[428121,4586351],[428122,4586349],[428123,4586348],[428125,4586347],[428126,4586346],[428129,4586344],[428132,4586343],[428135,4586342],[428138,4586341],[428142,4586339],[428147,4586338],[428152,4586336],[428156,4586334],[428161,4586333],[428165,4586331],[428169,4586330],[428172,4586329],[428175,4586328],[428178,4586327],[428181,4586326],[428185,4586324],[428188,4586323],[428191,4586322],[428194,4586321],[428199,4586319],[428204,4586318],[428208,4586316],[428213,4586314],[428216,4586313],[428228,4586309],[428251,4586300],[428294,4586284],[428321,4586274],[428333,4586269],[428338,4586279],[428344,4586295],[428357,4586327],[428368,4586358],[428392,4586425],[428406,4586464],[428413,4586483],[428428,4586527],[428445,4586575],[428462,4586620],[428482,4586676],[428508,4586750],[428521,4586785],[428531,4586814],[428543,4586846],[428554,4586879],[428566,4586914],[428577,4586945],[428589,4586980],[428596,4586998],[428606,4587028],[428616,4587055],[428618,4587059],[428623,4587075],[428631,4587095],[428651,4587152],[428658,4587171],[428667,4587195],[428684,4587239],[428693,4587260],[428699,4587273],[428700,4587276],[428711,4587300],[428714,4587307],[428718,4587316],[428724,4587326],[428733,4587343],[428739,4587355],[428752,4587377],[428759,4587388],[428766,4587399],[428773,4587410],[428779,4587418],[428786,4587428],[428797,4587443],[428804,4587452],[428815,4587466],[428823,4587474],[428830,4587483],[428841,4587495],[428853,4587508],[428867,4587522],[428843,4587570],[428836,4587621],[428836,4587623],[428835,4587626],[428835,4587629],[428833,4587640],[428832,4587654],[428830,4587666],[428830,4587667],[428830,4587668],[428829,4587670],[428829,4587671],[428829,4587672],[428828,4587676],[428827,4587678],[428825,4587682],[428824,4587684],[428823,4587686],[428822,4587688],[428821,4587690],[428819,4587692],[428818,4587694],[428816,4587695],[428815,4587697],[428798,4587716],[428785,4587731],[428783,4587733],[428781,4587735],[428773,4587731],[428767,4587727],[428756,4587743],[428755,4587743],[428753,4587745],[428752,4587746],[428714,4587774],[428682,4587799],[428678,4587801],[428677,4587802],[428676,4587803],[428672,4587806],[428668,4587809],[428666,4587811],[428666,4587814],[428666,4587817],[428665,4587819],[428663,4587822],[428660,4587823],[428658,4587824],[428655,4587824],[428655,4587824],[428654,4587824],[428654,4587824],[428653,4587824],[428652,4587824],[428650,4587827],[428633,4587850],[428632,4587851],[428625,4587870],[428621,4587873],[428621,4587873],[428602,4587889],[428579,4587900],[428548,4587915],[428526,4587926],[428523,4587927],[428521,4587928],[428520,4587929],[428520,4587929],[428470,4587972],[428430,4587993],[428402,4588008],[428399,4587999],[428392,4587983],[428391,4587984],[428383,4587989],[428303,4587948],[428251,4587922],[428192,4587957],[428185,4587961],[428182,4587963],[428134,4587989],[428105,4588007],[428089,4588015],[428071,4588023],[428025,4588049],[427975,4587997],[427975,4587999],[427974,4588001],[427972,4588003],[427971,4588004],[427970,4588005],[427970,4588006],[427969,4588009],[427967,4588009],[427967,4588010],[427966,4588010],[427957,4588013],[427955,4588014],[427947,4588017],[427938,4588022],[427931,4588027],[427925,4588033],[427922,4588035],[427920,4588037],[427917,4588041],[427912,4588048],[427905,4588060],[427901,4588069],[427902,4588079],[427904,4588090],[427905,4588104],[427906,4588117],[427907,4588131],[427908,4588134],[427909,4588137],[427910,4588142],[427911,4588146],[427911,4588148],[427912,4588150],[427912,4588154],[427911,4588164],[427906,4588172],[427901,4588178],[427898,4588182],[427892,4588189],[427889,4588194],[427886,4588200],[427880,4588210],[427873,4588215],[427869,4588225],[427864,4588239],[427857,4588253],[427850,4588266],[427849,4588266],[427847,4588267]]]}},{"type":"Feature","properties":{"barri":"la Vall d'Hebron","districte":"Horta-Guinardó"},"geometry":{"type":"Polygon","coordinates":[[[429195,4587467],[429190,4587469],[429188,4587470],[429181,4587473],[429180,4587474],[429180,4587474],[429180,4587474],[429179,4587477],[429174,4587488],[429173,4587490],[429172,4587492],[429172,4587492],[429166,4587504],[429163,4587512],[429162,4587514],[429161,4587515],[429161,4587516],[429158,4587522],[429155,4587528],[429153,4587531],[429153,4587532],[429153,4587533],[429153,4587533],[429154,4587533],[429154,4587533],[429155,4587534],[429164,4587537],[429164,4587538],[429164,4587538],[429166,4587538],[429168,4587539],[429168,4587539],[429170,4587540],[429172,4587541],[429172,4587541],[429175,4587542],[429181,4587547],[429191,4587558],[429191,4587558],[429192,4587559],[429214,4587583],[429214,4587584],[429216,4587586],[429219,4587590],[429214,4587597],[429214,4587598],[429213,4587598],[429212,4587599],[429211,4587600],[429211,4587601],[429210,4587602],[429208,4587604],[429206,4587606],[429205,4587608],[429203,4587610],[429201,4587612],[429199,4587614],[429198,4587615],[429196,4587617],[429195,4587619],[429194,4587620],[429193,4587621],[429192,4587622],[429191,4587623],[429191,4587624],[429190,4587625],[429189,4587626],[429188,4587627],[429187,4587628],[429186,4587629],[429185,4587630],[429184,4587631],[429183,4587632],[429183,4587633],[429182,4587634],[429181,4587635],[429180,4587635],[429179,4587636],[429178,4587637],[429177,4587638],[429176,4587639],[429175,4587639],[429174,4587640],[429172,4587641],[429171,4587641],[429170,4587642],[429169,4587643],[429168,4587643],[429167,4587644],[429166,4587645],[429165,4587645],[429163,4587646],[429162,4587646],[429161,4587647],[429160,4587647],[429159,4587648],[429158,4587648],[429158,4587648],[429155,4587649],[429153,4587650],[429151,4587651],[429150,4587651],[429148,4587651],[429147,4587652],[429146,4587652],[429144,4587652],[429143,4587653],[429141,4587653],[429140,4587653],[429139,4587653],[429137,4587653],[429136,4587654],[429135,4587654],[429133,4587654],[429132,4587654],[429130,4587654],[429129,4587654],[429128,4587654],[429126,4587654],[429125,4587654],[429123,4587654],[429122,4587654],[429120,4587654],[429119,4587654],[429118,4587654],[429116,4587654],[429115,4587653],[429113,4587653],[429112,4587653],[429110,4587653],[429109,4587652],[429107,4587652],[429106,4587652],[429105,4587652],[429103,4587651],[429088,4587647],[429075,4587643],[429063,4587640],[429023,4587631],[428973,4587609],[428958,4587599],[428944,4587589],[428929,4587577],[428911,4587562],[428903,4587556],[428893,4587546],[428888,4587542],[428882,4587536],[428877,4587532],[428872,4587527],[428867,4587522],[428853,4587508],[428841,4587495],[428830,4587483],[428823,4587474],[428815,4587466],[428804,4587452],[428797,4587443],[428786,4587428],[428779,4587418],[428773,4587410],[428766,4587399],[428759,4587388],[428752,4587377],[428739,4587355],[428733,4587343],[428724,4587326],[428718,4587316],[428714,4587307],[428711,4587300],[428700,4587276],[428699,4587273],[428693,4587260],[428684,4587239],[428667,4587195],[428658,4587171],[428651,4587152],[428631,4587095],[428623,4587075],[428618,4587059],[428616,4587055],[428606,4587028],[428596,4586998],[428589,4586980],[428577,4586945],[428566,4586914],[428554,4586879],[428543,4586846],[428531,4586814],[428521,4586785],[428508,4586750],[428482,4586676],[428462,4586620],[428445,4586575],[428428,4586527],[428413,4586483],[428406,4586464],[428392,4586425],[428368,4586358],[428357,4586327],[428344,4586295],[428338,4586279],[428333,4586269],[428358,4586260],[428372,4586253],[428398,4586239],[428416,4586232],[428426,4586229],[428441,4586228],[428461,4586227],[428476,4586228],[428489,4586229],[428503,4586232],[428524,4586233],[428540,4586233],[428553,4586232],[428610,4586212],[428620,4586209],[428644,4586204],[428671,4586201],[428690,4586203],[428710,4586206],[428732,4586212],[428747,4586217],[428763,4586225],[428779,4586233],[428784,4586236],[428789,4586238],[428794,4586241],[428798,4586244],[428803,4586247],[428808,4586251],[428813,4586254],[428817,4586257],[428830,4586267],[428843,4586278],[428853,4586288],[428858,4586292],[428864,4586298],[428878,4586312],[428885,4586319],[428890,4586323],[428895,4586327],[428905,4586335],[428915,4586342],[428925,4586348],[428931,4586351],[428937,4586355],[428947,4586360],[428963,4586367],[428976,4586373],[428964,4586377],[428960,4586379],[428955,4586382],[428950,4586386],[428948,4586390],[428946,4586394],[428944,4586398],[428943,4586402],[428943,4586403],[428943,4586407],[428943,4586413],[428943,4586417],[428945,4586422],[428948,4586427],[428951,4586432],[428955,4586436],[428962,4586441],[428968,4586447],[428974,4586452],[428975,4586454],[428976,4586456],[428977,4586459],[428987,4586506],[428990,4586515],[428992,4586521],[428995,4586527],[428999,4586534],[428999,4586534],[429003,4586541],[429008,4586548],[429012,4586554],[429016,4586559],[429021,4586565],[429026,4586573],[429028,4586577],[429033,4586584],[429039,4586595],[429042,4586602],[429044,4586606],[429048,4586615],[429053,4586626],[429055,4586633],[429058,4586641],[429060,4586649],[429061,4586650],[429062,4586656],[429064,4586664],[429066,4586675],[429068,4586686],[429069,4586697],[429069,4586701],[429070,4586715],[429070,4586733],[429070,4586748],[429070,4586748],[429069,4586755],[429069,4586757],[429068,4586773],[429068,4586773],[429091,4586860],[429091,4586861],[429091,4586861],[429090,4586862],[429090,4586863],[429090,4586863],[429090,4586864],[429090,4586865],[429090,4586866],[429090,4586867],[429090,4586868],[429090,4586868],[429090,4586869],[429090,4586870],[429090,4586871],[429090,4586872],[429090,4586873],[429090,4586874],[429090,4586875],[429090,4586875],[429091,4586876],[429091,4586877],[429091,4586878],[429091,4586879],[429092,4586880],[429092,4586881],[429092,4586882],[429092,4586882],[429092,4586882],[429092,4586883],[429092,4586883],[429092,4586884],[429093,4586884],[429093,4586885],[429093,4586886],[429093,4586886],[429093,4586887],[429094,4586888],[429094,4586888],[429094,4586889],[429094,4586889],[429095,4586890],[429095,4586891],[429095,4586892],[429096,4586892],[429096,4586893],[429096,4586893],[429096,4586894],[429097,4586895],[429097,4586895],[429097,4586895],[429101,4586900],[429102,4586901],[429102,4586901],[429103,4586902],[429103,4586902],[429103,4586903],[429104,4586903],[429104,4586903],[429105,4586904],[429105,4586904],[429106,4586905],[429106,4586905],[429106,4586906],[429107,4586906],[429107,4586906],[429108,4586907],[429108,4586907],[429108,4586907],[429109,4586908],[429109,4586908],[429110,4586908],[429110,4586909],[429111,4586910],[429112,4586910],[429112,4586910],[429113,4586911],[429113,4586911],[429114,4586911],[429115,4586912],[429115,4586912],[429116,4586912],[429116,4586913],[429117,4586913],[429120,4586915],[429121,4586915],[429122,4586915],[429128,4586918],[429131,4586919],[429132,4586918],[429133,4586918],[429133,4586918],[429134,4586917],[429135,4586916],[429135,4586916],[429137,4586914],[429138,4586913],[429139,4586913],[429140,4586912],[429141,4586911],[429141,4586912],[429143,4586914],[429147,4586921],[429148,4586923],[429148,4586923],[429148,4586923],[429148,4586923],[429152,4586930],[429152,4586931],[429154,4586934],[429155,4586938],[429156,4586938],[429158,4586938],[429160,4586938],[429162,4586938],[429165,4586939],[429167,4586939],[429170,4586939],[429172,4586939],[429175,4586939],[429177,4586940],[429188,4586941],[429207,4586941],[429210,4586941],[429213,4586942],[429215,4586944],[429218,4586945],[429268,4586998],[429289,4587018],[429298,4587026],[429251,4587133],[429251,4587133],[429244,4587148],[429241,4587154],[429229,4587179],[429227,4587183],[429223,4587188],[429216,4587192],[429215,4587193],[429215,4587193],[429209,4587195],[429194,4587199],[429184,4587204],[429177,4587210],[429173,4587217],[429169,4587227],[429169,4587238],[429170,4587245],[429176,4587256],[429183,4587263],[429194,4587269],[429199,4587275],[429202,4587281],[429205,4587288],[429212,4587312],[429219,4587333],[429228,4587354],[429237,4587374],[429243,4587384],[429259,4587410],[429269,4587425],[429276,4587438],[429280,4587451],[429280,4587464],[429280,4587476],[429277,4587492],[429268,4587495],[429253,4587500],[429225,4587503],[429218,4587492],[429222,4587478],[429217,4587477],[429216,4587477],[429213,4587476],[429212,4587476],[429197,4587472],[429195,4587467]]]}},{"type":"Feature","properties":{"barri":"la Clota","districte":"Horta-Guinardó"},"geometry":{"type":"Polygon","coordinates":[[[429302,4587016],[429298,4587026],[429289,4587018],[429268,4586998],[429218,4586945],[429215,4586944],[429213,4586942],[429210,4586941],[429207,4586941],[429188,4586941],[429177,4586940],[429175,4586939],[429172,4586939],[429170,4586939],[429167,4586939],[429165,4586939],[429162,4586938],[429160,4586938],[429158,4586938],[429156,4586938],[429155,4586938],[429154,4586934],[429152,4586931],[429152,4586930],[429148,4586923],[429148,4586923],[429148,4586923],[429148,4586923],[429147,4586921],[429143,4586914],[429141,4586912],[429141,4586911],[429140,4586912],[429139,4586913],[429138,4586913],[429137,4586914],[429135,4586916],[429135,4586916],[429134,4586917],[429133,4586918],[429133,4586918],[429132,4586918],[429131,4586919],[429128,4586918],[429122,4586915],[429121,4586915],[429120,4586915],[429117,4586913],[429116,4586913],[429116,4586912],[429115,4586912],[429115,4586912],[429114,4586911],[429113,4586911],[429113,4586911],[429112,4586910],[429112,4586910],[429111,4586910],[429110,4586909],[429110,4586908],[429109,4586908],[429109,4586908],[429108,4586907],[429108,4586907],[429108,4586907],[429107,4586906],[429107,4586906],[429106,4586906],[429106,4586905],[429106,4586905],[429105,4586904],[429105,4586904],[429104,4586903],[429104,4586903],[429103,4586903],[429103,4586902],[429103,4586902],[429102,4586901],[429102,4586901],[429101,4586900],[429097,4586895],[429097,4586895],[429097,4586895],[429096,4586894],[429096,4586893],[429096,4586893],[429096,4586892],[429095,4586892],[429095,4586891],[429095,4586890],[429094,4586889],[429094,4586889],[429094,4586888],[429094,4586888],[429093,4586887],[429093,4586886],[429093,4586886],[429093,4586885],[429093,4586884],[429092,4586884],[429092,4586883],[429092,4586883],[429092,4586882],[429092,4586882],[429092,4586882],[429092,4586881],[429092,4586880],[429091,4586879],[429091,4586878],[429091,4586877],[429091,4586876],[429090,4586875],[429090,4586875],[429090,4586874],[429090,4586873],[429090,4586872],[429090,4586871],[429090,4586870],[429090,4586869],[429090,4586868],[429090,4586868],[429090,4586867],[429090,4586866],[429090,4586865],[429090,4586864],[429090,4586863],[429090,4586863],[429090,4586862],[429091,4586861],[429091,4586861],[429091,4586860],[429068,4586773],[429068,4586773],[429069,4586757],[429069,4586755],[429070,4586748],[429070,4586748],[429070,4586733],[429070,4586715],[429069,4586701],[429069,4586697],[429068,4586686],[429066,4586675],[429064,4586664],[429062,4586656],[429061,4586650],[429060,4586649],[429058,4586641],[429055,4586633],[429053,4586626],[429048,4586615],[429044,4586606],[429042,4586602],[429039,4586595],[429033,4586584],[429028,4586577],[429026,4586573],[429021,4586565],[429016,4586559],[429012,4586554],[429008,4586548],[429003,4586541],[428999,4586534],[428999,4586534],[428995,4586527],[428992,4586521],[428990,4586515],[428987,4586506],[428977,4586459],[428976,4586456],[428975,4586454],[428974,4586452],[428968,4586447],[428962,4586441],[428955,4586436],[428951,4586432],[428948,4586427],[428945,4586422],[428943,4586417],[428943,4586413],[428943,4586407],[428943,4586403],[428943,4586402],[428944,4586398],[428946,4586394],[428948,4586390],[428950,4586386],[428955,4586382],[428960,4586379],[428964,4586377],[428976,4586373],[428984,4586375],[428990,4586377],[428996,4586380],[429000,4586383],[429004,4586387],[429007,4586391],[429010,4586396],[429011,4586400],[429012,4586405],[429013,4586409],[429013,4586413],[429012,4586417],[429027,4586417],[429044,4586419],[429058,4586422],[429070,4586424],[429072,4586425],[429087,4586429],[429098,4586433],[429106,4586436],[429116,4586441],[429123,4586444],[429126,4586446],[429128,4586448],[429133,4586452],[429136,4586454],[429139,4586458],[429150,4586471],[429155,4586476],[429161,4586482],[429168,4586488],[429168,4586488],[429175,4586493],[429182,4586497],[429193,4586504],[429203,4586509],[429214,4586515],[429220,4586518],[429231,4586523],[429250,4586533],[429262,4586539],[429272,4586545],[429274,4586545],[429283,4586551],[429293,4586558],[429304,4586566],[429318,4586577],[429322,4586580],[429326,4586583],[429337,4586594],[429344,4586600],[429373,4586626],[429389,4586639],[429397,4586645],[429418,4586658],[429452,4586676],[429465,4586681],[429477,4586687],[429492,4586693],[429495,4586695],[429507,4586700],[429524,4586708],[429565,4586726],[429556,4586741],[429543,4586764],[429536,4586775],[429524,4586787],[429517,4586795],[429504,4586805],[429487,4586815],[429474,4586824],[429466,4586833],[429461,4586842],[429457,4586848],[429443,4586873],[429437,4586884],[429429,4586892],[429359,4586948],[429342,4586963],[429328,4586977],[429316,4586992],[429309,4587002],[429302,4587016]]]}},{"type":"Feature","properties":{"barri":"Horta","districte":"Horta-Guinardó"},"geometry":{"type":"Polygon","coordinates":[[[427565,4588495],[427564,4588491],[427565,4588489],[427565,4588489],[427565,4588489],[427570,4588483],[427581,4588477],[427592,4588472],[427605,4588470],[427612,4588465],[427612,4588465],[427622,4588464],[427627,4588458],[427632,4588453],[427637,4588435],[427645,4588423],[427658,4588413],[427658,4588412],[427659,4588412],[427659,4588411],[427660,4588410],[427660,4588410],[427660,4588410],[427661,4588409],[427662,4588407],[427662,4588407],[427662,4588407],[427663,4588406],[427664,4588405],[427665,4588405],[427665,4588405],[427666,4588404],[427666,4588404],[427666,4588404],[427667,4588403],[427668,4588403],[427670,4588402],[427670,4588402],[427670,4588402],[427670,4588402],[427670,4588402],[427670,4588402],[427671,4588402],[427672,4588401],[427672,4588401],[427673,4588401],[427683,4588396],[427697,4588389],[427712,4588381],[427724,4588375],[427734,4588373],[427741,4588368],[427746,4588361],[427754,4588354],[427764,4588343],[427776,4588328],[427793,4588313],[427804,4588299],[427811,4588295],[427815,4588290],[427819,4588288],[427823,4588284],[427826,4588282],[427833,4588278],[427841,4588273],[427847,4588267],[427849,4588266],[427850,4588266],[427857,4588253],[427864,4588239],[427869,4588225],[427873,4588215],[427880,4588210],[427886,4588200],[427889,4588194],[427892,4588189],[427898,4588182],[427901,4588178],[427906,4588172],[427911,4588164],[427912,4588154],[427912,4588150],[427911,4588148],[427911,4588146],[427910,4588142],[427909,4588137],[427908,4588134],[427907,4588131],[427906,4588117],[427905,4588104],[427904,4588090],[427902,4588079],[427901,4588069],[427905,4588060],[427912,4588048],[427917,4588041],[427920,4588037],[427922,4588035],[427925,4588033],[427931,4588027],[427938,4588022],[427947,4588017],[427955,4588014],[427957,4588013],[427966,4588010],[427967,4588010],[427967,4588009],[427969,4588009],[427970,4588006],[427970,4588005],[427971,4588004],[427972,4588003],[427974,4588001],[427975,4587999],[427975,4587997],[428025,4588049],[428071,4588023],[428089,4588015],[428105,4588007],[428134,4587989],[428182,4587963],[428185,4587961],[428192,4587957],[428251,4587922],[428303,4587948],[428383,4587989],[428391,4587984],[428392,4587983],[428399,4587999],[428402,4588008],[428430,4587993],[428470,4587972],[428520,4587929],[428520,4587929],[428521,4587928],[428523,4587927],[428526,4587926],[428548,4587915],[428579,4587900],[428602,4587889],[428621,4587873],[428621,4587873],[428625,4587870],[428632,4587851],[428633,4587850],[428650,4587827],[428652,4587824],[428653,4587824],[428654,4587824],[428654,4587824],[428655,4587824],[428655,4587824],[428658,4587824],[428660,4587823],[428663,4587822],[428665,4587819],[428666,4587817],[428666,4587814],[428666,4587811],[428668,4587809],[428672,4587806],[428676,4587803],[428677,4587802],[428678,4587801],[428682,4587799],[428714,4587774],[428752,4587746],[428753,4587745],[428755,4587743],[428756,4587743],[428767,4587727],[428773,4587731],[428781,4587735],[428783,4587733],[428785,4587731],[428798,4587716],[428815,4587697],[428816,4587695],[428818,4587694],[428819,4587692],[428821,4587690],[428822,4587688],[428823,4587686],[428824,4587684],[428825,4587682],[428827,4587678],[428828,4587676],[428829,4587672],[428829,4587671],[428829,4587670],[428830,4587668],[428830,4587667],[428830,4587666],[428832,4587654],[428833,4587640],[428835,4587629],[428835,4587626],[428836,4587623],[428836,4587621],[428843,4587570],[428867,4587522],[428872,4587527],[428877,4587532],[428882,4587536],[428888,4587542],[428893,4587546],[428903,4587556],[428911,4587562],[428929,4587577],[428944,4587589],[428958,4587599],[428973,4587609],[429023,4587631],[429063,4587640],[429075,4587643],[429088,4587647],[429103,4587651],[429105,4587652],[429106,4587652],[429107,4587652],[429109,4587652],[429110,4587653],[429112,4587653],[429113,4587653],[429115,4587653],[429116,4587654],[429118,4587654],[429119,4587654],[429120,4587654],[429122,4587654],[429123,4587654],[429125,4587654],[429126,4587654],[429128,4587654],[429129,4587654],[429130,4587654],[429132,4587654],[429133,4587654],[429135,4587654],[429136,4587654],[429137,4587653],[429139,4587653],[429140,4587653],[429141,4587653],[429143,4587653],[429144,4587652],[429146,4587652],[429147,4587652],[429148,4587651],[429150,4587651],[429151,4587651],[429153,4587650],[429155,4587649],[429158,4587648],[429158,4587648],[429159,4587648],[429160,4587647],[429161,4587647],[429162,4587646],[429163,4587646],[429165,4587645],[429166,4587645],[429167,4587644],[429168,4587643],[429169,4587643],[429170,4587642],[429171,4587641],[429172,4587641],[429174,4587640],[429175,4587639],[429176,4587639],[429177,4587638],[429178,4587637],[429179,4587636],[429180,4587635],[429181,4587635],[429182,4587634],[429183,4587633],[429183,4587632],[429184,4587631],[429185,4587630],[429186,4587629],[429187,4587628],[429188,4587627],[429189,4587626],[429190,4587625],[429191,4587624],[429191,4587623],[429192,4587622],[429193,4587621],[429194,4587620],[429195,4587619],[429196,4587617],[429198,4587615],[429199,4587614],[429201,4587612],[429203,4587610],[429205,4587608],[429206,4587606],[429208,4587604],[429210,4587602],[429211,4587601],[429211,4587600],[429212,4587599],[429213,4587598],[429214,4587598],[429214,4587597],[429219,4587590],[429216,4587586],[429214,4587584],[429214,4587583],[429192,4587559],[429191,4587558],[429191,4587558],[429181,4587547],[429175,4587542],[429172,4587541],[429172,4587541],[429170,4587540],[429168,4587539],[429168,4587539],[429166,4587538],[429164,4587538],[429164,4587538],[429164,4587537],[429155,4587534],[429154,4587533],[429154,4587533],[429153,4587533],[429153,4587533],[429153,4587532],[429153,4587531],[429155,4587528],[429158,4587522],[429161,4587516],[429161,4587515],[429162,4587514],[429163,4587512],[429166,4587504],[429172,4587492],[429172,4587492],[429173,4587490],[429174,4587488],[429179,4587477],[429180,4587474],[429180,4587474],[429180,4587474],[429181,4587473],[429188,4587470],[429190,4587469],[429195,4587467],[429197,4587472],[429212,4587476],[429213,4587476],[429216,4587477],[429217,4587477],[429222,4587478],[429218,4587492],[429225,4587503],[429253,4587500],[429268,4587495],[429277,4587492],[429280,4587476],[429280,4587464],[429280,4587451],[429276,4587438],[429269,4587425],[429259,4587410],[429243,4587384],[429237,4587374],[429228,4587354],[429219,4587333],[429212,4587312],[429205,4587288],[429202,4587281],[429199,4587275],[429194,4587269],[429183,4587263],[429176,4587256],[429170,4587245],[429169,4587238],[429169,4587227],[429173,4587217],[429177,4587210],[429184,4587204],[429194,4587199],[429209,4587195],[429215,4587193],[429215,4587193],[429216,4587192],[429223,4587188],[429227,4587183],[429229,4587179],[429241,4587154],[429244,4587148],[429251,4587133],[429298,4587026],[429302,4587016],[429309,4587002],[429316,4586992],[429328,4586977],[429342,4586963],[429359,4586948],[429429,4586892],[429437,4586884],[429443,4586873],[429457,4586848],[429461,4586842],[429466,4586833],[429474,4586824],[429487,4586815],[429504,4586805],[429517,4586795],[429524,4586787],[429536,4586775],[429543,4586764],[429556,4586741],[429565,4586726],[429603,4586743],[429643,4586761],[429640,4586706],[429640,4586696],[429639,4586684],[429639,4586669],[429627,4586667],[429628,4586660],[429629,4586649],[429632,4586633],[429635,4586612],[429640,4586579],[429642,4586575],[429644,4586569],[429649,4586538],[429656,4586476],[429655,4586443],[429660,4586420],[429668,4586364],[429672,4586338],[429689,4586357],[429693,4586361],[429706,4586370],[429715,4586377],[429717,4586378],[429724,4586384],[429733,4586390],[429740,4586395],[429745,4586399],[429758,4586405],[429764,4586408],[429773,4586412],[429792,4586421],[429806,4586427],[429807,4586427],[429816,4586432],[429826,4586437],[429842,4586446],[429848,4586449],[429852,4586451],[429876,4586464],[429893,4586474],[429901,4586478],[429926,4586492],[429939,4586499],[429953,4586507],[429979,4586521],[429984,4586523],[429985,4586524],[429988,4586525],[430009,4586535],[430022,4586542],[430058,4586561],[430096,4586585],[430124,4586601],[430131,4586609],[430122,4586616],[430117,4586619],[430130,4586631],[430215,4586702],[430229,4586713],[430329,4586787],[430329,4586787],[430220,4586873],[430177,4586915],[430158,4586938],[430122,4586984],[430102,4587019],[430095,4587033],[430088,4587050],[430084,4587066],[430082,4587082],[430081,4587090],[430078,4587104],[430078,4587132],[430079,4587151],[430082,4587167],[430110,4587295],[430119,4587336],[430120,4587337],[430139,4587408],[430171,4587505],[430174,4587513],[430179,4587528],[430101,4587557],[430091,4587561],[430087,4587562],[430093,4587572],[430094,4587575],[430094,4587576],[430095,4587577],[430096,4587580],[430098,4587582],[430098,4587583],[430098,4587583],[430099,4587585],[430100,4587586],[430103,4587592],[430104,4587594],[430107,4587600],[430111,4587607],[430117,4587619],[430115,4587621],[430105,4587629],[430104,4587629],[430098,4587634],[430098,4587635],[430095,4587637],[430092,4587639],[430092,4587640],[430093,4587641],[430094,4587642],[430091,4587644],[430091,4587644],[430090,4587645],[430087,4587647],[430086,4587648],[430085,4587648],[430085,4587648],[430088,4587652],[430090,4587654],[430097,4587664],[430098,4587664],[430102,4587669],[430103,4587670],[430105,4587673],[430106,4587674],[430106,4587675],[430107,4587676],[430109,4587677],[430109,4587678],[430109,4587678],[430113,4587683],[430115,4587685],[430119,4587690],[430120,4587691],[430122,4587694],[430124,4587697],[430124,4587697],[430124,4587697],[430125,4587697],[430125,4587697],[430125,4587698],[430126,4587699],[430127,4587700],[430129,4587702],[430130,4587703],[430129,4587703],[430039,4587776],[430034,4587780],[430029,4587785],[430024,4587789],[430015,4587799],[430007,4587809],[430002,4587814],[429994,4587825],[429988,4587834],[429987,4587836],[429982,4587844],[429979,4587851],[429972,4587858],[429965,4587863],[429969,4587878],[429976,4587905],[429976,4587905],[429972,4587909],[429968,4587914],[429966,4587917],[429963,4587922],[429960,4587929],[429957,4587937],[429955,4587944],[429954,4587951],[429954,4587958],[429955,4587964],[429956,4587972],[429958,4587979],[429961,4587986],[429965,4587994],[429969,4588001],[429974,4588006],[429980,4588011],[429985,4588016],[429991,4588020],[429998,4588023],[430004,4588026],[430012,4588028],[430018,4588029],[430025,4588030],[430027,4588041],[430031,4588054],[430028,4588089],[430028,4588089],[429971,4588123],[429965,4588116],[429957,4588121],[429953,4588123],[429945,4588128],[429945,4588128],[429936,4588133],[429919,4588143],[429879,4588168],[429878,4588168],[429878,4588168],[429878,4588168],[429877,4588169],[429877,4588169],[429875,4588170],[429875,4588170],[429870,4588173],[429864,4588176],[429856,4588180],[429839,4588188],[429838,4588190],[429836,4588194],[429834,4588196],[429828,4588205],[429826,4588208],[429824,4588207],[429814,4588197],[429808,4588190],[429803,4588180],[429782,4588191],[429761,4588208],[429755,4588215],[429749,4588224],[429744,4588236],[429740,4588246],[429721,4588279],[429713,4588307],[429708,4588317],[429704,4588331],[429703,4588355],[429697,4588373],[429692,4588384],[429688,4588389],[429678,4588399],[429666,4588407],[429663,4588412],[429662,4588417],[429661,4588436],[429660,4588448],[429656,4588458],[429651,4588468],[429640,4588482],[429625,4588499],[429621,4588503],[429613,4588506],[429591,4588511],[429581,4588513],[429574,4588518],[429567,4588524],[429558,4588533],[429549,4588540],[429538,4588547],[429528,4588552],[429520,4588557],[429507,4588562],[429503,4588563],[429500,4588563],[429490,4588563],[429484,4588563],[429480,4588564],[429477,4588567],[429475,4588570],[429474,4588575],[429474,4588579],[429478,4588583],[429481,4588585],[429485,4588587],[429485,4588587],[429490,4588588],[429499,4588588],[429516,4588589],[429534,4588594],[429553,4588599],[429589,4588608],[429596,4588611],[429600,4588613],[429603,4588618],[429609,4588631],[429617,4588653],[429626,4588666],[429632,4588679],[429632,4588691],[429630,4588706],[429629,4588717],[429626,4588725],[429623,4588732],[429619,4588737],[429604,4588747],[429593,4588754],[429589,4588759],[429587,4588762],[429586,4588767],[429587,4588771],[429592,4588773],[429601,4588774],[429612,4588774],[429625,4588775],[429632,4588778],[429639,4588783],[429640,4588784],[429649,4588790],[429663,4588801],[429673,4588814],[429696,4588841],[429722,4588878],[429731,4588892],[429746,4588922],[429748,4588924],[429753,4588932],[429765,4588952],[429776,4588973],[429788,4588987],[429789,4588999],[429788,4589009],[429794,4589028],[429793,4589050],[429785,4589075],[429772,4589090],[429769,4589094],[429765,4589104],[429763,4589112],[429751,4589112],[429748,4589109],[429743,4589102],[429735,4589093],[429727,4589088],[429719,4589084],[429712,4589080],[429706,4589074],[429701,4589069],[429696,4589064],[429693,4589060],[429688,4589055],[429684,4589050],[429678,4589043],[429671,4589036],[429667,4589034],[429662,4589031],[429653,4589026],[429643,4589020],[429633,4589014],[429628,4589012],[429623,4589011],[429618,4589010],[429613,4589012],[429604,4589016],[429593,4589021],[429582,4589026],[429570,4589033],[429565,4589037],[429561,4589040],[429557,4589044],[429551,4589047],[429539,4589048],[429529,4589048],[429516,4589050],[429504,4589052],[429490,4589050],[429480,4589045],[429465,4589038],[429458,4589034],[429451,4589028],[429442,4589022],[429433,4589016],[429416,4589010],[429398,4589006],[429381,4588998],[429372,4588994],[429372,4588994],[429372,4588994],[429372,4588994],[429372,4588994],[429372,4588994],[429372,4588994],[429372,4588994],[429372,4588994],[429371,4588994],[429371,4588994],[429371,4588994],[429371,4588994],[429371,4588994],[429371,4588994],[429371,4588994],[429371,4588994],[429371,4588994],[429371,4588994],[429370,4588993],[429370,4588993],[429370,4588993],[429370,4588993],[429370,4588993],[429370,4588993],[429370,4588993],[429370,4588993],[429370,4588993],[429370,4588993],[429370,4588993],[429369,4588993],[429369,4588993],[429369,4588993],[429369,4588993],[429369,4588993],[429369,4588993],[429369,4588992],[429369,4588992],[429369,4588992],[429369,4588992],[429369,4588992],[429368,4588992],[429368,4588992],[429368,4588992],[429368,4588992],[429368,4588992],[429368,4588992],[429368,4588992],[429368,4588992],[429368,4588992],[429368,4588992],[429368,4588992],[429368,4588992],[429368,4588991],[429367,4588991],[429367,4588991],[429367,4588991],[429367,4588991],[429367,4588991],[429367,4588991],[429367,4588991],[429367,4588991],[429367,4588991],[429367,4588991],[429367,4588991],[429366,4588991],[429366,4588990],[429366,4588990],[429366,4588990],[429366,4588990],[429366,4588990],[429366,4588990],[429366,4588990],[429366,4588990],[429366,4588990],[429366,4588990],[429366,4588990],[429366,4588990],[429365,4588990],[429365,4588990],[429365,4588989],[429365,4588989],[429365,4588989],[429365,4588989],[429365,4588989],[429365,4588989],[429365,4588989],[429365,4588989],[429365,4588989],[429365,4588989],[429365,4588989],[429365,4588989],[429364,4588988],[429364,4588988],[429364,4588988],[429364,4588988],[429364,4588988],[429364,4588988],[429364,4588988],[429364,4588988],[429364,4588988],[429364,4588988],[429364,4588988],[429364,4588987],[429364,4588987],[429364,4588987],[429363,4588987],[429363,4588987],[429363,4588987],[429363,4588987],[429363,4588987],[429363,4588987],[429363,4588987],[429363,4588987],[429363,4588986],[429363,4588986],[429363,4588986],[429363,4588986],[429363,4588986],[429363,4588986],[429363,4588986],[429363,4588986],[429363,4588986],[429362,4588985],[429361,4588983],[429359,4588982],[429359,4588981],[429356,4588978],[429349,4588972],[429347,4588970],[429336,4588960],[429327,4588952],[429321,4588946],[429308,4588935],[429298,4588926],[429297,4588924],[429295,4588922],[429293,4588920],[429287,4588909],[429287,4588909],[429287,4588909],[429287,4588909],[429287,4588909],[429287,4588909],[429287,4588909],[429287,4588909],[429287,4588909],[429287,4588909],[429287,4588909],[429287,4588908],[429287,4588908],[429287,4588908],[429286,4588908],[429286,4588908],[429286,4588908],[429286,4588908],[429286,4588908],[429286,4588908],[429286,4588908],[429286,4588908],[429286,4588907],[429286,4588907],[429286,4588907],[429286,4588907],[429286,4588907],[429286,4588907],[429286,4588907],[429286,4588907],[429286,4588907],[429286,4588907],[429286,4588906],[429286,4588906],[429286,4588906],[429286,4588906],[429286,4588906],[429286,4588906],[429286,4588906],[429286,4588906],[429286,4588906],[429285,4588906],[429285,4588905],[429285,4588905],[429285,4588905],[429285,4588905],[429285,4588905],[429285,4588905],[429285,4588905],[429285,4588905],[429285,4588905],[429285,4588905],[429285,4588904],[429285,4588904],[429285,4588904],[429285,4588904],[429285,4588904],[429285,4588904],[429285,4588904],[429285,4588904],[429285,4588904],[429285,4588904],[429285,4588903],[429285,4588903],[429285,4588903],[429285,4588903],[429285,4588903],[429285,4588903],[429285,4588903],[429285,4588903],[429285,4588903],[429285,4588903],[429285,4588902],[429285,4588902],[429285,4588902],[429285,4588902],[429285,4588902],[429285,4588902],[429285,4588902],[429285,4588902],[429285,4588902],[429285,4588902],[429285,4588901],[429285,4588901],[429285,4588901],[429285,4588901],[429285,4588901],[429285,4588901],[429285,4588901],[429285,4588901],[429283,4588879],[429279,4588861],[429277,4588844],[429276,4588834],[429276,4588826],[429275,4588820],[429272,4588814],[429265,4588811],[429255,4588808],[429246,4588803],[429237,4588800],[429230,4588794],[429217,4588782],[429210,4588774],[429196,4588760],[429183,4588747],[429172,4588734],[429168,4588732],[429163,4588730],[429158,4588730],[429152,4588730],[429142,4588732],[429134,4588735],[429123,4588739],[429107,4588744],[429095,4588749],[429086,4588753],[429071,4588758],[429062,4588762],[429054,4588762],[429047,4588760],[429036,4588754],[429029,4588752],[429023,4588751],[429015,4588750],[428999,4588748],[428987,4588750],[428976,4588753],[428969,4588755],[428960,4588754],[428951,4588749],[428939,4588741],[428934,4588736],[428928,4588730],[428920,4588724],[428905,4588719],[428893,4588712],[428884,4588707],[428878,4588705],[428872,4588703],[428867,4588703],[428862,4588705],[428853,4588709],[428843,4588711],[428836,4588714],[428825,4588715],[428815,4588717],[428807,4588720],[428797,4588725],[428782,4588735],[428769,4588744],[428755,4588756],[428744,4588769],[428731,4588781],[428725,4588788],[428716,4588793],[428707,4588797],[428693,4588802],[428685,4588803],[428673,4588805],[428659,4588808],[428646,4588811],[428636,4588813],[428617,4588819],[428609,4588824],[428599,4588831],[428594,4588837],[428590,4588839],[428585,4588839],[428570,4588833],[428562,4588828],[428548,4588824],[428537,4588822],[428521,4588819],[428511,4588819],[428497,4588819],[428457,4588803],[428450,4588800],[428439,4588794],[428438,4588794],[428435,4588793],[428420,4588786],[428419,4588786],[428417,4588784],[428414,4588782],[428408,4588775],[428378,4588751],[428367,4588739],[428359,4588733],[428353,4588731],[428340,4588729],[428333,4588729],[428318,4588728],[428310,4588730],[428301,4588734],[428294,4588739],[428287,4588745],[428280,4588752],[428276,4588758],[428276,4588758],[428276,4588758],[428276,4588758],[428276,4588758],[428276,4588758],[428275,4588758],[428275,4588758],[428275,4588758],[428275,4588758],[428275,4588758],[428275,4588758],[428275,4588758],[428275,4588758],[428275,4588759],[428275,4588759],[428274,4588759],[428274,4588759],[428274,4588759],[428274,4588759],[428274,4588759],[428274,4588759],[428274,4588759],[428274,4588759],[428274,4588759],[428274,4588759],[428273,4588759],[428273,4588759],[428273,4588759],[428273,4588759],[428273,4588759],[428273,4588759],[428273,4588759],[428273,4588759],[428273,4588759],[428273,4588759],[428272,4588759],[428272,4588759],[428272,4588759],[428272,4588759],[428272,4588759],[428272,4588759],[428272,4588759],[428272,4588759],[428272,4588759],[428272,4588759],[428271,4588759],[428271,4588759],[428271,4588759],[428271,4588759],[428271,4588759],[428271,4588759],[428271,4588759],[428271,4588759],[428271,4588759],[428271,4588759],[428270,4588759],[428270,4588759],[428270,4588759],[428270,4588759],[428270,4588759],[428270,4588759],[428270,4588759],[428270,4588759],[428270,4588759],[428270,4588759],[428269,4588759],[428269,4588759],[428269,4588759],[428269,4588759],[428269,4588759],[428269,4588759],[428269,4588759],[428269,4588759],[428269,4588759],[428269,4588759],[428268,4588759],[428268,4588759],[428268,4588759],[428268,4588759],[428268,4588759],[428268,4588759],[428268,4588759],[428268,4588759],[428268,4588759],[428268,4588759],[428267,4588759],[428267,4588759],[428267,4588759],[428267,4588759],[428267,4588759],[428267,4588759],[428267,4588759],[428267,4588759],[428267,4588759],[428267,4588760],[428266,4588760],[428266,4588760],[428266,4588760],[428266,4588760],[428266,4588760],[428266,4588760],[428266,4588760],[428265,4588760],[428264,4588760],[428263,4588761],[428262,4588762],[428262,4588763],[428261,4588764],[428260,4588766],[428259,4588767],[428258,4588768],[428257,4588769],[428255,4588771],[428252,4588773],[428249,4588776],[428247,4588778],[428246,4588779],[428244,4588780],[428242,4588781],[428238,4588783],[428234,4588785],[428232,4588786],[428230,4588786],[428226,4588788],[428222,4588789],[428220,4588789],[428219,4588790],[428215,4588790],[428212,4588790],[428211,4588791],[428206,4588791],[428205,4588791],[428205,4588791],[428205,4588791],[428205,4588791],[428205,4588791],[428205,4588791],[428205,4588791],[428205,4588791],[428205,4588791],[428205,4588791],[428205,4588790],[428204,4588790],[428204,4588790],[428204,4588790],[428204,4588790],[428204,4588790],[428204,4588790],[428204,4588790],[428204,4588790],[428204,4588790],[428204,4588790],[428203,4588790],[428203,4588790],[428203,4588790],[428203,4588790],[428203,4588790],[428203,4588790],[428203,4588790],[428203,4588790],[428203,4588790],[428203,4588790],[428202,4588790],[428202,4588790],[428202,4588790],[428202,4588790],[428202,4588790],[428202,4588790],[428202,4588790],[428202,4588790],[428202,4588790],[428202,4588790],[428201,4588790],[428201,4588790],[428201,4588790],[428201,4588790],[428201,4588790],[428201,4588790],[428201,4588790],[428201,4588790],[428201,4588790],[428201,4588790],[428200,4588790],[428200,4588790],[428200,4588790],[428200,4588790],[428200,4588790],[428200,4588790],[428200,4588790],[428200,4588790],[428200,4588790],[428200,4588790],[428199,4588790],[428199,4588790],[428199,4588790],[428199,4588790],[428199,4588790],[428199,4588790],[428199,4588790],[428199,4588790],[428199,4588790],[428199,4588790],[428198,4588790],[428198,4588790],[428198,4588790],[428198,4588790],[428198,4588790],[428198,4588790],[428198,4588790],[428198,4588790],[428198,4588790],[428198,4588790],[428197,4588790],[428197,4588790],[428197,4588791],[428197,4588791],[428197,4588791],[428197,4588791],[428197,4588791],[428197,4588791],[428197,4588791],[428197,4588791],[428196,4588791],[428196,4588791],[428196,4588791],[428196,4588791],[428196,4588791],[428196,4588791],[428196,4588791],[428196,4588791],[428196,4588791],[428196,4588791],[428195,4588791],[428195,4588791],[428195,4588791],[428195,4588791],[428195,4588791],[428195,4588791],[428195,4588791],[428195,4588791],[428195,4588791],[428195,4588791],[428194,4588791],[428194,4588791],[428194,4588791],[428194,4588791],[428194,4588791],[428194,4588791],[428194,4588791],[428194,4588791],[428194,4588791],[428194,4588791],[428193,4588791],[428193,4588791],[428193,4588791],[428193,4588791],[428193,4588791],[428193,4588791],[428193,4588791],[428193,4588791],[428193,4588791],[428193,4588791],[428192,4588791],[428192,4588791],[428192,4588791],[428192,4588791],[428192,4588791],[428192,4588791],[428192,4588791],[428192,4588791],[428192,4588791],[428192,4588791],[428191,4588791],[428191,4588791],[428191,4588791],[428191,4588791],[428191,4588791],[428191,4588791],[428191,4588791],[428191,4588791],[428191,4588791],[428191,4588791],[428190,4588791],[428190,4588791],[428190,4588791],[428190,4588791],[428190,4588791],[428190,4588791],[428190,4588791],[428190,4588791],[428190,4588791],[428190,4588791],[428189,4588791],[428189,4588791],[428189,4588791],[428189,4588791],[428189,4588791],[428189,4588791],[428189,4588791],[428189,4588791],[428189,4588791],[428189,4588791],[428188,4588791],[428188,4588791],[428188,4588791],[428188,4588791],[428188,4588791],[428188,4588791],[428188,4588791],[428188,4588791],[428188,4588791],[428188,4588791],[428187,4588791],[428187,4588791],[428187,4588791],[428187,4588791],[428187,4588791],[428187,4588791],[428187,4588791],[428187,4588791],[428187,4588791],[428187,4588791],[428186,4588791],[428186,4588791],[428186,4588791],[428186,4588791],[428186,4588791],[428186,4588791],[428186,4588791],[428186,4588792],[428186,4588792],[428186,4588792],[428185,4588792],[428185,4588792],[428185,4588792],[428185,4588792],[428185,4588792],[428185,4588792],[428185,4588792],[428185,4588792],[428185,4588792],[428185,4588792],[428184,4588792],[428184,4588792],[428184,4588792],[428184,4588792],[428184,4588792],[428184,4588792],[428184,4588792],[428184,4588792],[428184,4588792],[428184,4588792],[428183,4588792],[428183,4588792],[428183,4588792],[428183,4588792],[428183,4588792],[428183,4588792],[428183,4588792],[428183,4588792],[428183,4588792],[428183,4588792],[428182,4588792],[428182,4588792],[428182,4588792],[428182,4588792],[428182,4588792],[428182,4588792],[428182,4588792],[428182,4588792],[428182,4588792],[428182,4588792],[428181,4588792],[428181,4588792],[428181,4588792],[428181,4588792],[428181,4588792],[428181,4588792],[428181,4588792],[428181,4588792],[428181,4588793],[428181,4588793],[428180,4588793],[428180,4588793],[428180,4588793],[428180,4588793],[428180,4588793],[428180,4588793],[428180,4588793],[428180,4588793],[428180,4588793],[428180,4588793],[428179,4588793],[428179,4588793],[428179,4588793],[428179,4588793],[428179,4588793],[428179,4588793],[428179,4588793],[428179,4588793],[428179,4588793],[428179,4588793],[428178,4588793],[428178,4588793],[428178,4588793],[428178,4588793],[428178,4588793],[428178,4588793],[428178,4588793],[428178,4588793],[428178,4588793],[428178,4588793],[428177,4588793],[428177,4588793],[428177,4588793],[428177,4588793],[428177,4588793],[428177,4588793],[428177,4588793],[428177,4588794],[428177,4588794],[428177,4588794],[428176,4588794],[428176,4588794],[428176,4588794],[428176,4588794],[428176,4588794],[428176,4588794],[428176,4588794],[428176,4588794],[428176,4588794],[428176,4588794],[428175,4588794],[428175,4588794],[428175,4588794],[428175,4588794],[428175,4588794],[428175,4588794],[428175,4588794],[428175,4588794],[428175,4588794],[428175,4588794],[428174,4588794],[428174,4588794],[428174,4588794],[428174,4588794],[428174,4588794],[428174,4588794],[428174,4588794],[428174,4588794],[428174,4588794],[428174,4588794],[428174,4588795],[428173,4588795],[428173,4588795],[428173,4588795],[428173,4588795],[428173,4588795],[428173,4588795],[428173,4588795],[428173,4588795],[428173,4588795],[428173,4588795],[428172,4588795],[428172,4588795],[428172,4588795],[428172,4588795],[428172,4588795],[428172,4588795],[428172,4588795],[428172,4588795],[428172,4588795],[428172,4588795],[428171,4588795],[428171,4588795],[428171,4588795],[428171,4588795],[428171,4588795],[428171,4588795],[428171,4588795],[428171,4588795],[428171,4588796],[428171,4588796],[428171,4588796],[428170,4588796],[428170,4588796],[428170,4588796],[428170,4588796],[428170,4588796],[428170,4588796],[428170,4588796],[428170,4588796],[428170,4588796],[428170,4588796],[428169,4588796],[428169,4588796],[428169,4588796],[428169,4588796],[428169,4588796],[428169,4588796],[428169,4588796],[428169,4588796],[428169,4588796],[428169,4588796],[428168,4588796],[428168,4588796],[428168,4588797],[428168,4588797],[428168,4588797],[428168,4588797],[428168,4588797],[428168,4588797],[428168,4588797],[428168,4588797],[428167,4588797],[428167,4588797],[428167,4588797],[428167,4588797],[428167,4588797],[428167,4588797],[428167,4588797],[428167,4588797],[428167,4588797],[428167,4588797],[428166,4588797],[428166,4588797],[428166,4588797],[428166,4588797],[428166,4588797],[428166,4588797],[428166,4588798],[428166,4588798],[428166,4588798],[428166,4588798],[428166,4588798],[428165,4588798],[428165,4588798],[428165,4588798],[428165,4588798],[428165,4588798],[428165,4588798],[428165,4588798],[428165,4588798],[428165,4588798],[428165,4588798],[428164,4588798],[428164,4588798],[428164,4588798],[428164,4588798],[428164,4588798],[428164,4588798],[428164,4588798],[428164,4588799],[428164,4588799],[428164,4588799],[428163,4588799],[428163,4588799],[428163,4588799],[428163,4588799],[428163,4588799],[428163,4588799],[428162,4588799],[428162,4588800],[428160,4588801],[428159,4588802],[428157,4588803],[428155,4588805],[428155,4588805],[428155,4588805],[428154,4588805],[428154,4588805],[428154,4588805],[428154,4588805],[428154,4588805],[428154,4588805],[428154,4588806],[428154,4588806],[428154,4588806],[428154,4588806],[428153,4588806],[428153,4588806],[428153,4588806],[428153,4588806],[428153,4588806],[428153,4588806],[428153,4588806],[428153,4588806],[428153,4588806],[428153,4588806],[428152,4588806],[428152,4588806],[428152,4588806],[428152,4588806],[428152,4588806],[428152,4588806],[428152,4588806],[428152,4588806],[428152,4588806],[428152,4588806],[428151,4588806],[428151,4588806],[428151,4588806],[428151,4588806],[428151,4588806],[428151,4588806],[428151,4588806],[428150,4588806],[428150,4588806],[428143,4588806],[428138,4588807],[428137,4588807],[428129,4588809],[428120,4588810],[428113,4588812],[428105,4588814],[428096,4588815],[428084,4588817],[428075,4588818],[428066,4588820],[428057,4588822],[428053,4588823],[428039,4588828],[428022,4588833],[428009,4588839],[427998,4588843],[427991,4588844],[427982,4588845],[427974,4588844],[427967,4588841],[427963,4588838],[427955,4588832],[427950,4588828],[427947,4588824],[427939,4588820],[427933,4588814],[427930,4588813],[427922,4588808],[427915,4588810],[427909,4588812],[427898,4588816],[427882,4588823],[427871,4588815],[427859,4588808],[427842,4588802],[427826,4588796],[427808,4588789],[427782,4588795],[427776,4588797],[427766,4588800],[427763,4588801],[427761,4588802],[427747,4588806],[427739,4588807],[427731,4588807],[427727,4588806],[427724,4588804],[427722,4588800],[427720,4588795],[427715,4588787],[427713,4588770],[427711,4588752],[427703,4588737],[427699,4588728],[427690,4588713],[427683,4588700],[427674,4588686],[427668,4588675],[427663,4588664],[427657,4588653],[427651,4588642],[427648,4588636],[427645,4588631],[427638,4588623],[427628,4588609],[427618,4588599],[427610,4588593],[427594,4588584],[427585,4588580],[427578,4588577],[427571,4588572],[427569,4588569],[427568,4588563],[427568,4588557],[427567,4588549],[427566,4588543],[427567,4588534],[427568,4588526],[427568,4588515],[427566,4588503],[427565,4588495]]]}},{"type":"Feature","properties":{"barri":"Vilapicina i la Torre Llobeta","districte":"Nou Barris"},"geometry":{"type":"Polygon","coordinates":[[[430285,4586877],[430247,4586890],[430200,4586917],[430166,4586934],[430158,4586938],[430177,4586915],[430220,4586873],[430329,4586787],[430329,4586787],[430229,4586713],[430215,4586702],[430130,4586631],[430117,4586619],[430122,4586616],[430131,4586609],[430137,4586607],[430149,4586602],[430166,4586598],[430183,4586595],[430193,4586593],[430231,4586585],[430245,4586582],[430392,4586561],[430422,4586557],[430434,4586555],[430468,4586549],[430624,4586518],[430646,4586512],[430667,4586504],[430686,4586497],[430732,4586480],[430796,4586456],[430844,4586438],[431120,4586333],[431130,4586330],[431139,4586325],[431153,4586315],[431165,4586316],[431221,4586317],[431257,4586319],[431252,4586500],[431252,4586524],[431255,4586571],[431258,4586617],[431358,4586595],[431407,4586584],[431416,4586582],[431438,4586578],[431469,4586576],[431696,4586562],[431843,4586552],[431850,4586631],[431834,4586664],[431830,4586672],[431798,4586736],[431743,4586836],[431742,4586836],[431724,4586837],[431719,4586837],[431702,4586837],[431701,4586837],[431699,4586837],[431672,4586838],[431657,4586839],[431633,4586839],[431632,4586839],[431632,4586839],[431604,4586840],[431596,4586841],[431565,4586841],[431558,4586842],[431555,4586842],[431554,4586842],[431551,4586842],[431522,4586843],[431480,4586844],[431478,4586844],[431475,4586844],[431446,4586845],[431417,4586846],[431408,4586846],[431403,4586846],[431403,4586846],[431330,4586848],[431329,4586848],[431265,4586850],[431213,4586851],[431184,4586852],[431118,4586853],[431113,4586854],[431086,4586855],[431066,4586855],[431043,4586856],[431017,4586857],[430985,4586859],[430891,4586861],[430863,4586861],[430814,4586861],[430812,4586861],[430612,4586869],[430590,4586872],[430567,4586873],[430510,4586875],[430436,4586878],[430424,4586878],[430389,4586879],[430362,4586880],[430343,4586881],[430321,4586874],[430305,4586873],[430285,4586877]]]}},{"type":"Feature","properties":{"barri":"Porta","districte":"Nou Barris"},"geometry":{"type":"Polygon","coordinates":[[[431950,4587890],[431896,4587882],[431787,4587866],[431644,4587845],[431637,4587844],[431621,4587843],[431517,4587827],[431506,4587825],[431505,4587825],[431434,4587814],[431394,4587807],[431394,4587807],[431362,4587802],[431361,4587802],[431208,4587776],[431188,4587773],[431188,4587773],[431069,4587754],[431069,4587748],[431068,4587742],[431064,4587736],[431058,4587731],[431052,4587728],[431048,4587728],[431043,4587728],[431039,4587729],[431033,4587732],[431017,4587704],[431003,4587678],[430994,4587663],[430988,4587654],[430979,4587642],[430975,4587636],[430955,4587611],[430913,4587558],[430899,4587539],[430887,4587519],[430855,4587464],[430843,4587440],[430828,4587419],[430836,4587400],[430844,4587380],[430851,4587362],[430852,4587360],[430860,4587341],[430872,4587311],[430886,4587278],[430888,4587270],[430896,4587250],[430898,4587245],[430910,4587219],[430920,4587193],[430921,4587192],[430932,4587165],[430934,4587159],[430949,4587120],[430963,4587090],[430972,4587065],[430974,4587060],[430977,4587053],[430980,4587047],[430982,4587041],[430992,4587016],[430994,4587011],[430994,4587009],[431005,4586983],[431015,4586959],[431018,4586951],[431026,4586933],[431039,4586898],[431043,4586890],[431043,4586856],[431066,4586855],[431086,4586855],[431113,4586854],[431118,4586853],[431184,4586852],[431213,4586851],[431265,4586850],[431329,4586848],[431330,4586848],[431403,4586846],[431403,4586846],[431408,4586846],[431417,4586846],[431446,4586845],[431475,4586844],[431478,4586844],[431480,4586844],[431522,4586843],[431551,4586842],[431554,4586842],[431555,4586842],[431558,4586842],[431565,4586841],[431596,4586841],[431604,4586840],[431632,4586839],[431632,4586839],[431633,4586839],[431657,4586839],[431672,4586838],[431699,4586837],[431701,4586837],[431702,4586837],[431719,4586837],[431724,4586837],[431742,4586836],[431743,4586836],[431727,4586864],[431720,4586886],[431711,4586949],[431718,4587009],[431719,4587013],[431729,4587050],[431756,4587153],[431789,4587276],[431796,4587305],[431832,4587442],[431871,4587588],[431890,4587660],[431950,4587890]]]}},{"type":"Feature","properties":{"barri":"el Turó de la Peira","districte":"Nou Barris"},"geometry":{"type":"Polygon","coordinates":[[[430852,4587360],[430851,4587362],[430844,4587380],[430836,4587400],[430828,4587419],[430826,4587417],[430823,4587412],[430814,4587403],[430798,4587389],[430783,4587379],[430771,4587372],[430758,4587367],[430747,4587363],[430730,4587360],[430726,4587359],[430724,4587359],[430715,4587358],[430706,4587357],[430697,4587357],[430689,4587356],[430680,4587356],[430670,4587357],[430657,4587359],[430641,4587362],[430623,4587366],[430608,4587350],[430595,4587334],[430592,4587328],[430573,4587277],[430582,4587271],[430641,4587234],[430634,4587223],[430629,4587214],[430618,4587197],[430618,4587196],[430615,4587191],[430606,4587196],[430586,4587209],[430574,4587216],[430574,4587215],[430555,4587184],[430553,4587186],[430537,4587160],[430521,4587166],[430521,4587166],[430517,4587167],[430518,4587172],[430515,4587173],[430513,4587173],[430510,4587174],[430502,4587182],[430495,4587190],[430488,4587196],[430488,4587196],[430486,4587197],[430482,4587200],[430470,4587208],[430459,4587215],[430446,4587219],[430414,4587230],[430381,4587240],[430375,4587242],[430369,4587244],[430371,4587250],[430372,4587253],[430375,4587262],[430376,4587265],[430377,4587266],[430371,4587268],[430371,4587268],[430349,4587275],[430328,4587282],[430327,4587283],[430304,4587291],[430303,4587291],[430303,4587290],[430298,4587275],[430291,4587277],[430256,4587288],[430254,4587289],[430224,4587299],[430220,4587287],[430222,4587284],[430219,4587275],[430218,4587272],[430218,4587272],[430216,4587266],[430210,4587268],[430210,4587268],[430198,4587272],[430196,4587272],[430196,4587272],[430194,4587266],[430193,4587265],[430190,4587256],[430193,4587255],[430199,4587254],[430199,4587253],[430199,4587253],[430200,4587251],[430192,4587244],[430190,4587241],[430189,4587238],[430188,4587238],[430187,4587238],[430187,4587238],[430178,4587236],[430177,4587236],[430177,4587236],[430175,4587235],[430173,4587235],[430172,4587235],[430170,4587235],[430169,4587235],[430169,4587235],[430168,4587235],[430167,4587234],[430166,4587234],[430166,4587234],[430165,4587234],[430165,4587234],[430165,4587234],[430164,4587233],[430163,4587233],[430162,4587232],[430161,4587232],[430160,4587232],[430159,4587231],[430159,4587231],[430158,4587231],[430158,4587231],[430157,4587231],[430157,4587231],[430157,4587231],[430156,4587231],[430156,4587231],[430156,4587231],[430155,4587231],[430155,4587231],[430155,4587231],[430154,4587231],[430154,4587231],[430146,4587233],[430141,4587234],[430137,4587235],[430141,4587250],[430142,4587251],[430142,4587251],[430142,4587253],[430145,4587262],[430146,4587266],[430147,4587269],[430149,4587273],[430149,4587276],[430150,4587278],[430151,4587280],[430152,4587283],[430139,4587287],[430116,4587294],[430110,4587295],[430082,4587167],[430079,4587151],[430078,4587132],[430078,4587104],[430081,4587090],[430082,4587082],[430084,4587066],[430088,4587050],[430095,4587033],[430102,4587019],[430122,4586984],[430158,4586938],[430166,4586934],[430200,4586917],[430247,4586890],[430285,4586877],[430305,4586873],[430321,4586874],[430343,4586881],[430362,4586880],[430389,4586879],[430424,4586878],[430436,4586878],[430510,4586875],[430567,4586873],[430590,4586872],[430612,4586869],[430812,4586861],[430814,4586861],[430863,4586861],[430891,4586861],[430985,4586859],[431017,4586857],[431043,4586856],[431043,4586890],[431039,4586898],[431026,4586933],[431018,4586951],[431015,4586959],[431005,4586983],[430994,4587009],[430994,4587011],[430992,4587016],[430982,4587041],[430980,4587047],[430977,4587053],[430974,4587060],[430972,4587065],[430963,4587090],[430949,4587120],[430934,4587159],[430932,4587165],[430921,4587192],[430920,4587193],[430910,4587219],[430898,4587245],[430896,4587250],[430888,4587270],[430886,4587278],[430872,4587311],[430860,4587341],[430852,4587360]]]}},{"type":"Feature","properties":{"barri":"Can Peguera","districte":"Nou Barris"},"geometry":{"type":"Polygon","coordinates":[[[430286,4587533],[430228,4587541],[430216,4587544],[430201,4587549],[430198,4587550],[430176,4587552],[430116,4587584],[430116,4587584],[430107,4587569],[430106,4587567],[430101,4587557],[430179,4587528],[430174,4587513],[430171,4587505],[430139,4587408],[430120,4587337],[430119,4587336],[430110,4587295],[430116,4587294],[430139,4587287],[430152,4587283],[430151,4587280],[430150,4587278],[430149,4587276],[430149,4587273],[430147,4587269],[430146,4587266],[430145,4587262],[430142,4587253],[430142,4587251],[430142,4587251],[430141,4587250],[430137,4587235],[430141,4587234],[430146,4587233],[430154,4587231],[430154,4587231],[430155,4587231],[430155,4587231],[430155,4587231],[430156,4587231],[430156,4587231],[430156,4587231],[430157,4587231],[430157,4587231],[430157,4587231],[430158,4587231],[430158,4587231],[430159,4587231],[430159,4587231],[430160,4587232],[430161,4587232],[430162,4587232],[430163,4587233],[430164,4587233],[430165,4587234],[430165,4587234],[430165,4587234],[430166,4587234],[430166,4587234],[430167,4587234],[430168,4587235],[430169,4587235],[430169,4587235],[430170,4587235],[430172,4587235],[430173,4587235],[430175,4587235],[430177,4587236],[430177,4587236],[430178,4587236],[430187,4587238],[430187,4587238],[430188,4587238],[430189,4587238],[430190,4587241],[430192,4587244],[430200,4587251],[430199,4587253],[430199,4587253],[430199,4587254],[430193,4587255],[430190,4587256],[430193,4587265],[430194,4587266],[430196,4587272],[430196,4587272],[430198,4587272],[430210,4587268],[430210,4587268],[430216,4587266],[430218,4587272],[430218,4587272],[430219,4587275],[430222,4587284],[430220,4587287],[430224,4587299],[430254,4587289],[430256,4587288],[430291,4587277],[430298,4587275],[430303,4587290],[430303,4587291],[430304,4587291],[430327,4587283],[430328,4587282],[430349,4587275],[430371,4587268],[430371,4587268],[430377,4587266],[430376,4587265],[430375,4587262],[430372,4587253],[430371,4587250],[430369,4587244],[430375,4587242],[430381,4587240],[430414,4587230],[430446,4587219],[430459,4587215],[430470,4587208],[430482,4587200],[430486,4587197],[430488,4587196],[430488,4587196],[430495,4587190],[430502,4587182],[430510,4587174],[430513,4587173],[430515,4587173],[430518,4587172],[430517,4587167],[430521,4587166],[430521,4587166],[430537,4587160],[430553,4587186],[430555,4587184],[430574,4587215],[430574,4587216],[430586,4587209],[430606,4587196],[430615,4587191],[430618,4587196],[430618,4587197],[430629,4587214],[430634,4587223],[430641,4587234],[430582,4587271],[430573,4587277],[430592,4587328],[430595,4587334],[430608,4587350],[430623,4587366],[430623,4587366],[430616,4587369],[430570,4587386],[430569,4587386],[430567,4587387],[430487,4587475],[430481,4587469],[430480,4587470],[430479,4587471],[430478,4587472],[430477,4587473],[430476,4587474],[430475,4587474],[430474,4587475],[430473,4587476],[430471,4587476],[430470,4587476],[430469,4587477],[430467,4587477],[430466,4587477],[430465,4587477],[430465,4587477],[430465,4587477],[430465,4587477],[430464,4587477],[430464,4587477],[430463,4587477],[430463,4587477],[430462,4587477],[430461,4587477],[430458,4587477],[430456,4587477],[430453,4587477],[430451,4587477],[430449,4587477],[430448,4587478],[430446,4587478],[430443,4587478],[430442,4587479],[430441,4587479],[430438,4587480],[430437,4587480],[430436,4587480],[430433,4587481],[430431,4587482],[430350,4587511],[430349,4587511],[430346,4587513],[430346,4587513],[430346,4587513],[430343,4587514],[430340,4587515],[430318,4587523],[430297,4587530],[430294,4587531],[430291,4587533],[430288,4587533],[430286,4587533]]]}},{"type":"Feature","properties":{"barri":"la Guineueta","districte":"Nou Barris"},"geometry":{"type":"Polygon","coordinates":[[[429957,4587937],[429960,4587929],[429963,4587922],[429966,4587917],[429968,4587914],[429972,4587909],[429976,4587905],[429976,4587905],[429969,4587878],[429965,4587863],[429972,4587858],[429979,4587851],[429982,4587844],[429987,4587836],[429988,4587834],[429994,4587825],[430002,4587814],[430007,4587809],[430015,4587799],[430024,4587789],[430029,4587785],[430034,4587780],[430039,4587776],[430129,4587703],[430130,4587703],[430129,4587702],[430127,4587700],[430126,4587699],[430125,4587698],[430125,4587697],[430125,4587697],[430124,4587697],[430124,4587697],[430124,4587697],[430122,4587694],[430120,4587691],[430119,4587690],[430115,4587685],[430113,4587683],[430109,4587678],[430109,4587678],[430109,4587677],[430107,4587676],[430106,4587675],[430106,4587674],[430105,4587673],[430103,4587670],[430102,4587669],[430098,4587664],[430097,4587664],[430090,4587654],[430088,4587652],[430085,4587648],[430085,4587648],[430086,4587648],[430087,4587647],[430090,4587645],[430091,4587644],[430091,4587644],[430094,4587642],[430093,4587641],[430092,4587640],[430092,4587639],[430095,4587637],[430098,4587635],[430098,4587634],[430104,4587629],[430105,4587629],[430115,4587621],[430117,4587619],[430111,4587607],[430107,4587600],[430104,4587594],[430103,4587592],[430100,4587586],[430099,4587585],[430098,4587583],[430098,4587583],[430098,4587582],[430096,4587580],[430095,4587577],[430094,4587576],[430094,4587575],[430093,4587572],[430087,4587562],[430091,4587561],[430101,4587557],[430106,4587567],[430107,4587569],[430116,4587584],[430116,4587584],[430176,4587552],[430198,4587550],[430201,4587549],[430216,4587544],[430228,4587541],[430286,4587533],[430288,4587533],[430291,4587533],[430294,4587531],[430297,4587530],[430318,4587523],[430340,4587515],[430343,4587514],[430346,4587513],[430346,4587513],[430346,4587513],[430349,4587511],[430350,4587511],[430431,4587482],[430433,4587481],[430436,4587480],[430437,4587480],[430438,4587480],[430441,4587479],[430442,4587479],[430443,4587478],[430446,4587478],[430448,4587478],[430449,4587477],[430451,4587477],[430453,4587477],[430456,4587477],[430458,4587477],[430461,4587477],[430462,4587477],[430463,4587477],[430463,4587477],[430464,4587477],[430464,4587477],[430465,4587477],[430465,4587477],[430465,4587477],[430465,4587477],[430466,4587477],[430467,4587477],[430469,4587477],[430470,4587476],[430471,4587476],[430473,4587476],[430474,4587475],[430475,4587474],[430476,4587474],[430477,4587473],[430478,4587472],[430479,4587471],[430480,4587470],[430481,4587469],[430487,4587475],[430567,4587387],[430569,4587386],[430570,4587386],[430616,4587369],[430623,4587366],[430623,4587366],[430641,4587362],[430657,4587359],[430670,4587357],[430680,4587356],[430689,4587356],[430697,4587357],[430706,4587357],[430715,4587358],[430724,4587359],[430726,4587359],[430730,4587360],[430747,4587363],[430758,4587367],[430771,4587372],[430783,4587379],[430798,4587389],[430814,4587403],[430823,4587412],[430826,4587417],[430828,4587419],[430843,4587440],[430855,4587464],[430887,4587519],[430899,4587539],[430913,4587558],[430955,4587611],[430975,4587636],[430979,4587642],[430988,4587654],[430994,4587663],[431003,4587678],[431017,4587704],[431033,4587732],[431039,4587729],[431043,4587728],[431048,4587728],[431052,4587728],[431058,4587731],[431064,4587736],[431068,4587742],[431069,4587748],[431069,4587754],[431069,4587755],[431068,4587758],[431066,4587761],[431064,4587765],[431061,4587768],[431058,4587770],[431056,4587771],[431053,4587772],[431066,4587791],[431088,4587822],[431084,4587827],[431078,4587834],[431053,4587869],[431021,4587914],[431021,4587914],[431015,4587922],[431013,4587924],[431011,4587926],[431010,4587928],[431009,4587930],[431007,4587931],[431004,4587936],[431002,4587938],[431000,4587940],[430999,4587941],[430997,4587943],[430996,4587944],[430993,4587947],[430991,4587949],[430989,4587952],[430986,4587954],[430983,4587957],[430982,4587958],[430980,4587959],[430977,4587962],[430974,4587965],[430966,4587971],[430964,4587973],[430964,4587973],[430954,4587983],[430942,4587997],[430930,4588013],[430921,4588030],[430913,4588047],[430908,4588061],[430901,4588086],[430900,4588099],[430899,4588101],[430898,4588107],[430898,4588110],[430898,4588111],[430898,4588112],[430897,4588116],[430897,4588119],[430896,4588122],[430894,4588139],[430892,4588150],[430888,4588162],[430880,4588178],[430867,4588201],[430855,4588225],[430847,4588238],[430844,4588244],[430832,4588265],[430823,4588283],[430812,4588302],[430803,4588298],[430783,4588288],[430761,4588278],[430741,4588268],[430734,4588265],[430704,4588250],[430701,4588248],[430676,4588236],[430653,4588225],[430635,4588215],[430620,4588206],[430600,4588194],[430582,4588184],[430570,4588178],[430542,4588165],[430534,4588161],[430509,4588148],[430503,4588146],[430430,4588113],[430388,4588091],[430288,4588039],[430133,4587961],[430124,4587956],[430117,4587950],[430109,4587941],[430105,4587935],[430099,4587936],[430100,4587944],[430101,4587956],[430100,4587969],[430097,4587980],[430029,4587956],[429957,4587937]]]}},{"type":"Feature","properties":{"barri":"Canyelles","districte":"Nou Barris"},"geometry":{"type":"Polygon","coordinates":[[[429855,4589091],[429853,4589092],[429837,4589102],[429801,4589110],[429801,4589112],[429763,4589112],[429765,4589104],[429769,4589094],[429772,4589090],[429785,4589075],[429793,4589050],[429794,4589028],[429788,4589009],[429789,4588999],[429788,4588987],[429776,4588973],[429765,4588952],[429753,4588932],[429748,4588924],[429746,4588922],[429731,4588892],[429722,4588878],[429696,4588841],[429673,4588814],[429663,4588801],[429649,4588790],[429640,4588784],[429639,4588783],[429632,4588778],[429625,4588775],[429612,4588774],[429601,4588774],[429592,4588773],[429587,4588771],[429586,4588767],[429587,4588762],[429589,4588759],[429593,4588754],[429604,4588747],[429619,4588737],[429623,4588732],[429626,4588725],[429629,4588717],[429630,4588706],[429632,4588691],[429632,4588679],[429626,4588666],[429617,4588653],[429609,4588631],[429603,4588618],[429600,4588613],[429596,4588611],[429589,4588608],[429553,4588599],[429534,4588594],[429516,4588589],[429499,4588588],[429490,4588588],[429485,4588587],[429485,4588587],[429481,4588585],[429478,4588583],[429474,4588579],[429474,4588575],[429475,4588570],[429477,4588567],[429480,4588564],[429484,4588563],[429490,4588563],[429500,4588563],[429503,4588563],[429507,4588562],[429520,4588557],[429528,4588552],[429538,4588547],[429549,4588540],[429558,4588533],[429567,4588524],[429574,4588518],[429581,4588513],[429591,4588511],[429613,4588506],[429621,4588503],[429625,4588499],[429640,4588482],[429651,4588468],[429656,4588458],[429660,4588448],[429661,4588436],[429662,4588417],[429663,4588412],[429666,4588407],[429678,4588399],[429688,4588389],[429692,4588384],[429697,4588373],[429703,4588355],[429704,4588331],[429708,4588317],[429713,4588307],[429721,4588279],[429740,4588246],[429744,4588236],[429749,4588224],[429755,4588215],[429761,4588208],[429782,4588191],[429803,4588180],[429808,4588190],[429814,4588197],[429824,4588207],[429826,4588208],[429828,4588205],[429834,4588196],[429836,4588194],[429838,4588190],[429839,4588188],[429856,4588180],[429864,4588176],[429870,4588173],[429875,4588170],[429875,4588170],[429877,4588169],[429877,4588169],[429878,4588168],[429878,4588168],[429878,4588168],[429879,4588168],[429919,4588143],[429936,4588133],[429945,4588128],[429945,4588128],[429953,4588123],[429957,4588121],[429965,4588116],[429971,4588123],[430028,4588089],[430028,4588089],[430031,4588054],[430027,4588041],[430025,4588030],[430018,4588029],[430012,4588028],[430004,4588026],[429998,4588023],[429991,4588020],[429985,4588016],[429980,4588011],[429974,4588006],[429969,4588001],[429965,4587994],[429961,4587986],[429958,4587979],[429956,4587972],[429955,4587964],[429954,4587958],[429954,4587951],[429955,4587944],[429957,4587937],[430029,4587956],[430097,4587980],[430100,4587969],[430101,4587956],[430100,4587944],[430099,4587936],[430105,4587935],[430109,4587941],[430117,4587950],[430124,4587956],[430133,4587961],[430288,4588039],[430388,4588091],[430430,4588113],[430503,4588146],[430509,4588148],[430534,4588161],[430542,4588165],[430570,4588178],[430582,4588184],[430600,4588194],[430620,4588206],[430635,4588215],[430653,4588225],[430676,4588236],[430701,4588248],[430704,4588250],[430734,4588265],[430741,4588268],[430761,4588278],[430783,4588288],[430803,4588298],[430812,4588302],[430793,4588341],[430788,4588350],[430781,4588370],[430771,4588397],[430759,4588437],[430743,4588431],[430736,4588428],[430730,4588426],[430729,4588425],[430725,4588438],[430725,4588438],[430720,4588451],[430715,4588464],[430713,4588470],[430696,4588464],[430667,4588455],[430666,4588457],[430665,4588458],[430664,4588461],[430656,4588483],[430654,4588488],[430648,4588504],[430639,4588527],[430628,4588558],[430622,4588571],[430574,4588698],[430569,4588711],[430542,4588703],[430524,4588697],[430489,4588764],[430486,4588770],[430486,4588770],[430482,4588768],[430477,4588765],[430471,4588764],[430464,4588763],[430420,4588762],[430415,4588762],[430409,4588761],[430405,4588760],[430400,4588759],[430395,4588758],[430391,4588756],[430384,4588752],[430377,4588746],[430372,4588742],[430369,4588738],[430365,4588733],[430363,4588729],[430361,4588725],[430361,4588723],[430361,4588720],[430361,4588711],[430364,4588689],[430364,4588683],[430365,4588677],[430364,4588671],[430364,4588667],[430363,4588663],[430362,4588659],[430360,4588654],[430353,4588641],[430339,4588619],[430337,4588615],[430334,4588613],[430333,4588612],[430329,4588613],[430325,4588614],[430296,4588622],[430160,4588813],[430163,4588941],[430172,4588995],[430177,4589027],[430177,4589027],[430174,4589027],[430162,4589025],[430151,4589027],[430144,4589028],[430136,4589029],[430127,4589029],[430119,4589029],[430109,4589029],[430103,4589028],[430093,4589027],[430085,4589026],[430077,4589027],[430070,4589028],[430061,4589032],[430054,4589038],[430045,4589044],[430037,4589050],[430029,4589058],[430020,4589065],[430013,4589070],[430004,4589077],[429993,4589081],[429981,4589083],[429965,4589084],[429946,4589087],[429925,4589089],[429872,4589091],[429868,4589089],[429855,4589091]]]}},{"type":"Feature","properties":{"barri":"les Roquetes","districte":"Nou Barris"},"geometry":{"type":"Polygon","coordinates":[[[431773,4589345],[431775,4589351],[431777,4589359],[431779,4589368],[431780,4589370],[431783,4589377],[431785,4589381],[431788,4589386],[431790,4589389],[431793,4589393],[431796,4589396],[431800,4589399],[431804,4589403],[431811,4589407],[431820,4589413],[431824,4589417],[431827,4589421],[431830,4589431],[431834,4589439],[431838,4589447],[431842,4589454],[431845,4589460],[431850,4589466],[431854,4589471],[431859,4589477],[431863,4589482],[431865,4589486],[431867,4589490],[431869,4589493],[431870,4589497],[431871,4589498],[431872,4589501],[431873,4589504],[431874,4589510],[431875,4589514],[431876,4589520],[431877,4589523],[431877,4589526],[431877,4589528],[431877,4589529],[431876,4589530],[431875,4589531],[431875,4589531],[431875,4589532],[431873,4589533],[431872,4589534],[431871,4589534],[431869,4589534],[431868,4589534],[431867,4589533],[431866,4589532],[431866,4589532],[431865,4589531],[431865,4589530],[431865,4589529],[431864,4589529],[431864,4589525],[431862,4589518],[431859,4589512],[431854,4589504],[431852,4589502],[431851,4589501],[431841,4589489],[431836,4589485],[431827,4589479],[431816,4589472],[431808,4589466],[431795,4589458],[431792,4589456],[431785,4589453],[431776,4589449],[431758,4589443],[431750,4589440],[431742,4589435],[431733,4589428],[431722,4589418],[431707,4589408],[431701,4589404],[431693,4589396],[431684,4589385],[431679,4589377],[431675,4589368],[431674,4589356],[431672,4589351],[431668,4589347],[431661,4589343],[431653,4589342],[431626,4589341],[431614,4589339],[431605,4589339],[431604,4589339],[431604,4589339],[431599,4589339],[431598,4589339],[431595,4589340],[431592,4589340],[431585,4589340],[431577,4589339],[431574,4589338],[431568,4589336],[431561,4589332],[431561,4589332],[431539,4589314],[431538,4589312],[431529,4589311],[431499,4589310],[431491,4589307],[431486,4589305],[431468,4589298],[431463,4589294],[431452,4589281],[431451,4589279],[431447,4589276],[431444,4589279],[431444,4589280],[431440,4589283],[431426,4589267],[431419,4589270],[431413,4589271],[431409,4589269],[431367,4589218],[431359,4589211],[431357,4589208],[431355,4589207],[431353,4589206],[431351,4589205],[431347,4589203],[431343,4589202],[431338,4589201],[431333,4589199],[431328,4589199],[431324,4589198],[431317,4589197],[431310,4589196],[431302,4589194],[431296,4589194],[431287,4589193],[431279,4589192],[431272,4589191],[431270,4589191],[431265,4589190],[431263,4589190],[431262,4589189],[431260,4589189],[431258,4589189],[431257,4589189],[431255,4589188],[431254,4589188],[431252,4589187],[431251,4589187],[431249,4589186],[431248,4589186],[431246,4589185],[431245,4589185],[431244,4589184],[431243,4589184],[431241,4589183],[431240,4589183],[431239,4589182],[431238,4589181],[431236,4589181],[431235,4589180],[431234,4589179],[431233,4589179],[431232,4589178],[431231,4589178],[431230,4589177],[431229,4589176],[431228,4589176],[431227,4589175],[431226,4589174],[431225,4589173],[431224,4589173],[431223,4589172],[431222,4589171],[431221,4589170],[431220,4589170],[431219,4589169],[431218,4589168],[431218,4589167],[431217,4589166],[431216,4589165],[431215,4589164],[431214,4589163],[431214,4589162],[431213,4589162],[431213,4589161],[431212,4589160],[431212,4589159],[431211,4589158],[431211,4589157],[431210,4589157],[431210,4589156],[431209,4589155],[431209,4589154],[431208,4589153],[431206,4589149],[431204,4589146],[431203,4589145],[431203,4589144],[431202,4589143],[431201,4589142],[431201,4589141],[431200,4589140],[431199,4589139],[431199,4589138],[431198,4589137],[431197,4589136],[431197,4589135],[431194,4589132],[431190,4589126],[431185,4589121],[431181,4589115],[431178,4589112],[431176,4589108],[431175,4589107],[431174,4589106],[431173,4589105],[431173,4589104],[431172,4589104],[431171,4589103],[431170,4589102],[431169,4589101],[431168,4589101],[431167,4589100],[431166,4589100],[431165,4589099],[431163,4589099],[431162,4589098],[431161,4589098],[431160,4589097],[431159,4589097],[431158,4589097],[431157,4589096],[431156,4589096],[431154,4589096],[431153,4589096],[431152,4589096],[431151,4589095],[431151,4589095],[431150,4589095],[431149,4589095],[431148,4589095],[431147,4589094],[431146,4589094],[431145,4589094],[431144,4589094],[431143,4589094],[431142,4589094],[431141,4589093],[431140,4589093],[431138,4589093],[431137,4589093],[431136,4589093],[431135,4589093],[431134,4589093],[431133,4589093],[431132,4589093],[431130,4589092],[431130,4589092],[431129,4589092],[431128,4589092],[431127,4589092],[431126,4589092],[431126,4589092],[431125,4589092],[431124,4589092],[431123,4589093],[431122,4589093],[431121,4589093],[431116,4589093],[431110,4589094],[431104,4589095],[431099,4589096],[431093,4589098],[431088,4589101],[431083,4589103],[431082,4589104],[431081,4589104],[431080,4589105],[431079,4589105],[431078,4589105],[431077,4589105],[431076,4589106],[431075,4589106],[431074,4589106],[431073,4589106],[431072,4589106],[431071,4589106],[431069,4589106],[431066,4589105],[431062,4589104],[431059,4589103],[431056,4589102],[431050,4589100],[431045,4589098],[431039,4589096],[431034,4589093],[431030,4589091],[431026,4589089],[431022,4589085],[431016,4589081],[431011,4589077],[431005,4589072],[431000,4589067],[430993,4589061],[430988,4589057],[430984,4589052],[430980,4589048],[430975,4589043],[430973,4589040],[430970,4589037],[430968,4589032],[430964,4589027],[430961,4589023],[430958,4589018],[430956,4589017],[430954,4589015],[430952,4589013],[430950,4589011],[430948,4589009],[430946,4589008],[430944,4589006],[430942,4589005],[430938,4589003],[430934,4589001],[430930,4588999],[430926,4588997],[430924,4588996],[430921,4588994],[430919,4588993],[430917,4588992],[430915,4588990],[430913,4588989],[430911,4588987],[430909,4588986],[430902,4588979],[430899,4588975],[430895,4588972],[430892,4588969],[430888,4588966],[430887,4588965],[430886,4588964],[430885,4588964],[430883,4588963],[430882,4588962],[430881,4588962],[430879,4588962],[430878,4588961],[430876,4588961],[430875,4588961],[430873,4588961],[430872,4588961],[430870,4588962],[430869,4588962],[430868,4588962],[430866,4588963],[430857,4588968],[430853,4588971],[430849,4588974],[430844,4588977],[430840,4588979],[430835,4588983],[430829,4588986],[430823,4588989],[430818,4588991],[430816,4588992],[430814,4588993],[430812,4588993],[430810,4588993],[430808,4588993],[430806,4588993],[430804,4588993],[430802,4588993],[430799,4588992],[430797,4588991],[430795,4588990],[430793,4588989],[430791,4588988],[430789,4588987],[430787,4588986],[430785,4588985],[430781,4588981],[430778,4588978],[430774,4588974],[430770,4588970],[430766,4588966],[430762,4588962],[430757,4588957],[430752,4588953],[430748,4588950],[430744,4588947],[430741,4588945],[430725,4588936],[430717,4588931],[430713,4588927],[430704,4588920],[430699,4588916],[430695,4588912],[430691,4588908],[430686,4588905],[430683,4588904],[430680,4588902],[430674,4588901],[430658,4588898],[430651,4588897],[430647,4588897],[430643,4588898],[430640,4588898],[430635,4588901],[430631,4588903],[430626,4588906],[430620,4588911],[430614,4588916],[430611,4588920],[430606,4588927],[430599,4588937],[430597,4588942],[430592,4588954],[430586,4588969],[430584,4588973],[430580,4588981],[430576,4588985],[430572,4588988],[430568,4588991],[430563,4588993],[430559,4588994],[430555,4588995],[430552,4588995],[430548,4588995],[430542,4588995],[430537,4588995],[430533,4588994],[430524,4588992],[430510,4588986],[430489,4588976],[430482,4588973],[430479,4588971],[430477,4588969],[430474,4588966],[430472,4588963],[430470,4588958],[430469,4588953],[430468,4588948],[430468,4588943],[430468,4588939],[430469,4588934],[430471,4588928],[430476,4588911],[430485,4588888],[430486,4588883],[430489,4588871],[430498,4588827],[430502,4588800],[430502,4588795],[430501,4588791],[430499,4588785],[430497,4588780],[430494,4588777],[430490,4588773],[430486,4588770],[430489,4588764],[430524,4588697],[430542,4588703],[430569,4588711],[430574,4588698],[430622,4588571],[430628,4588558],[430639,4588527],[430648,4588504],[430654,4588488],[430656,4588483],[430664,4588461],[430665,4588458],[430666,4588457],[430667,4588455],[430696,4588464],[430713,4588470],[430715,4588464],[430720,4588451],[430725,4588438],[430725,4588438],[430729,4588425],[430730,4588426],[430736,4588428],[430743,4588431],[430759,4588437],[430771,4588397],[430781,4588370],[430788,4588350],[430793,4588341],[430812,4588302],[430823,4588308],[430844,4588318],[430859,4588326],[430868,4588330],[430889,4588340],[430935,4588363],[430952,4588371],[430967,4588379],[430983,4588386],[430997,4588394],[431021,4588405],[431052,4588420],[431100,4588443],[431105,4588446],[431114,4588450],[431116,4588451],[431135,4588460],[431155,4588470],[431175,4588480],[431186,4588485],[431246,4588511],[431252,4588513],[431268,4588519],[431289,4588527],[431313,4588536],[431361,4588552],[431378,4588557],[431384,4588559],[431394,4588562],[431415,4588568],[431424,4588570],[431429,4588571],[431434,4588572],[431434,4588573],[431446,4588576],[431449,4588577],[431452,4588577],[431462,4588580],[431485,4588593],[431506,4588599],[431504,4588610],[431495,4588640],[431537,4588714],[431532,4588724],[431529,4588727],[431522,4588735],[431518,4588740],[431517,4588742],[431511,4588751],[431505,4588760],[431496,4588773],[431490,4588782],[431483,4588792],[431477,4588802],[431475,4588805],[431470,4588807],[431467,4588808],[431457,4588811],[431456,4588817],[431456,4588818],[431444,4588903],[431494,4588988],[431494,4588989],[431496,4588991],[431502,4589002],[431519,4589053],[431525,4589060],[431533,4589069],[431543,4589080],[431554,4589091],[431560,4589097],[431571,4589107],[431581,4589120],[431586,4589127],[431594,4589136],[431604,4589144],[431612,4589148],[431625,4589155],[431640,4589164],[431646,4589170],[431654,4589180],[431662,4589195],[431668,4589203],[431674,4589211],[431683,4589219],[431695,4589227],[431704,4589234],[431711,4589241],[431718,4589249],[431731,4589260],[431749,4589277],[431759,4589286],[431764,4589291],[431769,4589295],[431777,4589302],[431776,4589305],[431775,4589310],[431772,4589319],[431771,4589327],[431770,4589331],[431771,4589336],[431773,4589345]]]}},{"type":"Feature","properties":{"barri":"Verdun","districte":"Nou Barris"},"geometry":{"type":"Polygon","coordinates":[[[431110,4587854],[431168,4587934],[431179,4587949],[431179,4587949],[431214,4588002],[431258,4588068],[431258,4588068],[431278,4588097],[431304,4588137],[431318,4588163],[431330,4588191],[431363,4588289],[431364,4588289],[431366,4588297],[431405,4588413],[431405,4588414],[431410,4588430],[431439,4588513],[431441,4588517],[431456,4588560],[431462,4588580],[431452,4588577],[431449,4588577],[431446,4588576],[431434,4588573],[431434,4588572],[431429,4588571],[431424,4588570],[431415,4588568],[431394,4588562],[431384,4588559],[431378,4588557],[431361,4588552],[431313,4588536],[431289,4588527],[431268,4588519],[431252,4588513],[431246,4588511],[431186,4588485],[431175,4588480],[431155,4588470],[431135,4588460],[431116,4588451],[431114,4588450],[431105,4588446],[431100,4588443],[431052,4588420],[431021,4588405],[430997,4588394],[430983,4588386],[430967,4588379],[430952,4588371],[430935,4588363],[430889,4588340],[430868,4588330],[430859,4588326],[430844,4588318],[430823,4588308],[430812,4588302],[430823,4588283],[430832,4588265],[430844,4588244],[430847,4588238],[430855,4588225],[430867,4588201],[430880,4588178],[430888,4588162],[430892,4588150],[430894,4588139],[430896,4588122],[430897,4588119],[430897,4588116],[430898,4588112],[430898,4588111],[430898,4588110],[430898,4588107],[430899,4588101],[430900,4588099],[430901,4588086],[430908,4588061],[430913,4588047],[430921,4588030],[430930,4588013],[430942,4587997],[430954,4587983],[430964,4587973],[430964,4587973],[430966,4587971],[430974,4587965],[430977,4587962],[430980,4587959],[430982,4587958],[430983,4587957],[430986,4587954],[430989,4587952],[430991,4587949],[430993,4587947],[430996,4587944],[430997,4587943],[430999,4587941],[431000,4587940],[431002,4587938],[431004,4587936],[431007,4587931],[431009,4587930],[431010,4587928],[431011,4587926],[431013,4587924],[431015,4587922],[431021,4587914],[431021,4587914],[431053,4587869],[431078,4587834],[431084,4587827],[431088,4587822],[431110,4587854]]]}},{"type":"Feature","properties":{"barri":"la Prosperitat","districte":"Nou Barris"},"geometry":{"type":"Polygon","coordinates":[[[431188,4587773],[431188,4587773],[431208,4587776],[431361,4587802],[431362,4587802],[431394,4587807],[431394,4587807],[431434,4587814],[431505,4587825],[431506,4587825],[431517,4587827],[431621,4587843],[431637,4587844],[431644,4587845],[431787,4587866],[431896,4587882],[431950,4587890],[431950,4587890],[431950,4587891],[431956,4587912],[431977,4588005],[432015,4588170],[432021,4588194],[432039,4588274],[432063,4588364],[432134,4588637],[432144,4588679],[432148,4588695],[432114,4588694],[432098,4588693],[432077,4588690],[432058,4588687],[432020,4588683],[431906,4588671],[431905,4588671],[431790,4588658],[431702,4588644],[431698,4588644],[431621,4588631],[431620,4588631],[431539,4588617],[431504,4588610],[431506,4588599],[431485,4588593],[431462,4588580],[431456,4588560],[431441,4588517],[431439,4588513],[431410,4588430],[431405,4588414],[431405,4588413],[431366,4588297],[431364,4588289],[431363,4588289],[431330,4588191],[431318,4588163],[431304,4588137],[431278,4588097],[431258,4588068],[431258,4588068],[431214,4588002],[431179,4587949],[431179,4587949],[431168,4587934],[431110,4587854],[431088,4587822],[431066,4587791],[431053,4587772],[431056,4587771],[431058,4587770],[431061,4587768],[431064,4587765],[431066,4587761],[431068,4587758],[431069,4587755],[431069,4587754],[431188,4587773]]]}},{"type":"Feature","properties":{"barri":"la Trinitat Nova","districte":"Nou Barris"},"geometry":{"type":"Polygon","coordinates":[[[432241,4589591],[432238,4589615],[432228,4589658],[432216,4589695],[432193,4589767],[432174,4589798],[432143,4589763],[432114,4589730],[432114,4589730],[432101,4589719],[432095,4589712],[432092,4589709],[432090,4589707],[432088,4589705],[432088,4589705],[432087,4589704],[432061,4589678],[432056,4589673],[432053,4589667],[432048,4589662],[432048,4589661],[432048,4589661],[432047,4589661],[432047,4589661],[432047,4589661],[432042,4589655],[432042,4589655],[432038,4589652],[432038,4589651],[432038,4589651],[432037,4589650],[432034,4589648],[432034,4589648],[432034,4589647],[432033,4589647],[432029,4589643],[432029,4589643],[432027,4589641],[432026,4589640],[432026,4589639],[432025,4589639],[432025,4589639],[432025,4589639],[432025,4589639],[432023,4589636],[431999,4589623],[431991,4589618],[431972,4589607],[431917,4589575],[431909,4589586],[431908,4589586],[431908,4589586],[431908,4589586],[431907,4589583],[431907,4589582],[431907,4589580],[431906,4589579],[431905,4589579],[431903,4589578],[431900,4589577],[431898,4589576],[431896,4589574],[431894,4589573],[431893,4589571],[431891,4589568],[431889,4589565],[431886,4589560],[431883,4589556],[431881,4589554],[431879,4589552],[431880,4589551],[431881,4589550],[431881,4589549],[431881,4589547],[431881,4589545],[431881,4589543],[431881,4589541],[431880,4589539],[431879,4589537],[431878,4589534],[431877,4589533],[431875,4589531],[431875,4589531],[431876,4589530],[431877,4589529],[431877,4589528],[431877,4589526],[431877,4589523],[431876,4589520],[431875,4589514],[431874,4589510],[431873,4589504],[431872,4589501],[431871,4589498],[431870,4589497],[431869,4589493],[431867,4589490],[431865,4589486],[431863,4589482],[431859,4589477],[431854,4589471],[431850,4589466],[431845,4589460],[431842,4589454],[431838,4589447],[431834,4589439],[431830,4589431],[431827,4589421],[431824,4589417],[431820,4589413],[431811,4589407],[431804,4589403],[431800,4589399],[431796,4589396],[431793,4589393],[431790,4589389],[431788,4589386],[431785,4589381],[431783,4589377],[431780,4589370],[431779,4589368],[431777,4589359],[431775,4589351],[431773,4589345],[431771,4589336],[431770,4589331],[431771,4589327],[431772,4589319],[431775,4589310],[431776,4589305],[431777,4589302],[431769,4589295],[431764,4589291],[431759,4589286],[431749,4589277],[431731,4589260],[431718,4589249],[431711,4589241],[431704,4589234],[431695,4589227],[431683,4589219],[431674,4589211],[431668,4589203],[431662,4589195],[431654,4589180],[431646,4589170],[431640,4589164],[431625,4589155],[431612,4589148],[431604,4589144],[431594,4589136],[431586,4589127],[431581,4589120],[431571,4589107],[431560,4589097],[431554,4589091],[431543,4589080],[431533,4589069],[431525,4589060],[431519,4589053],[431502,4589002],[431496,4588991],[431494,4588989],[431494,4588988],[431444,4588903],[431456,4588818],[431456,4588817],[431457,4588811],[431467,4588808],[431470,4588807],[431475,4588805],[431477,4588802],[431483,4588792],[431490,4588782],[431496,4588773],[431505,4588760],[431511,4588751],[431517,4588742],[431518,4588740],[431522,4588735],[431529,4588727],[431532,4588724],[431537,4588714],[431495,4588640],[431504,4588610],[431539,4588617],[431620,4588631],[431621,4588631],[431698,4588644],[431702,4588644],[431790,4588658],[431905,4588671],[431906,4588671],[432020,4588683],[432058,4588687],[432077,4588690],[432098,4588693],[432114,4588694],[432148,4588695],[432190,4588856],[432203,4588904],[432235,4589043],[432243,4589107],[432248,4589198],[432252,4589257],[432254,4589330],[432255,4589391],[432249,4589496],[432246,4589569],[432241,4589591]]]}},{"type":"Feature","properties":{"barri":"Torre Baró","districte":"Nou Barris"},"geometry":{"type":"Polygon","coordinates":[[[431634,4590307],[431599,4590373],[431576,4590419],[431568,4590435],[431533,4590419],[431504,4590406],[431504,4590405],[431506,4590400],[431509,4590394],[431510,4590390],[431511,4590388],[431512,4590386],[431513,4590384],[431517,4590375],[431519,4590371],[431521,4590366],[431526,4590353],[431528,4590350],[431530,4590346],[431532,4590343],[431541,4590325],[431559,4590290],[431560,4590289],[431555,4590286],[431537,4590296],[431528,4590296],[431521,4590295],[431516,4590294],[431507,4590290],[431500,4590285],[431488,4590278],[431480,4590274],[431479,4590273],[431468,4590264],[431451,4590251],[431451,4590251],[431449,4590250],[431447,4590249],[431445,4590248],[431442,4590247],[431439,4590247],[431435,4590247],[431433,4590247],[431426,4590242],[431426,4590233],[431425,4590224],[431425,4590215],[431425,4590215],[431424,4590214],[431422,4590212],[431420,4590211],[431420,4590211],[431420,4590211],[431405,4590200],[431406,4590200],[431406,4590200],[431398,4590194],[431398,4590194],[431394,4590191],[431391,4590188],[431388,4590187],[431389,4590186],[431389,4590186],[431389,4590186],[431389,4590185],[431390,4590184],[431390,4590184],[431390,4590183],[431384,4590179],[431383,4590180],[431382,4590181],[431381,4590182],[431373,4590176],[431372,4590175],[431361,4590166],[431359,4590165],[431359,4590165],[431358,4590164],[431352,4590160],[431351,4590159],[431340,4590150],[431330,4590143],[431325,4590139],[431325,4590139],[431325,4590138],[431325,4590139],[431319,4590135],[431319,4590135],[431319,4590135],[431319,4590135],[431316,4590132],[431315,4590131],[431314,4590131],[431314,4590130],[431313,4590130],[431312,4590128],[431312,4590129],[431305,4590121],[431298,4590113],[431292,4590106],[431290,4590104],[431287,4590101],[431278,4590092],[431278,4590092],[431278,4590091],[431274,4590088],[431270,4590085],[431269,4590084],[431262,4590080],[431261,4590079],[431261,4590079],[431260,4590078],[431253,4590073],[431251,4590071],[431248,4590069],[431239,4590061],[431239,4590060],[431227,4590049],[431222,4590044],[431216,4590039],[431214,4590037],[431212,4590035],[431211,4590034],[431210,4590034],[431209,4590033],[431207,4590032],[431205,4590032],[431204,4590032],[431202,4590032],[431201,4590033],[431201,4590033],[431200,4590033],[431199,4590034],[431198,4590034],[431198,4590034],[431197,4590035],[431197,4590035],[431195,4590037],[431195,4590037],[431195,4590038],[431194,4590039],[431194,4590040],[431194,4590040],[431193,4590042],[431193,4590043],[431192,4590043],[431192,4590044],[431191,4590044],[431191,4590044],[431191,4590044],[431189,4590042],[431185,4590039],[431181,4590036],[431178,4590034],[431176,4590033],[431158,4590029],[431136,4590024],[431103,4590016],[431058,4590006],[431027,4589983],[431021,4589990],[431014,4589998],[431008,4590006],[431006,4590008],[431005,4590010],[431004,4590012],[431004,4590011],[431004,4590011],[431004,4590011],[431002,4590013],[431002,4590014],[430995,4590023],[430984,4590036],[430984,4590036],[430984,4590036],[430978,4590044],[430978,4590044],[430970,4590053],[430965,4590058],[430958,4590058],[430957,4590058],[430938,4590057],[430938,4590057],[430936,4590057],[430840,4590054],[430828,4590039],[430807,4590034],[430784,4590046],[430778,4590046],[430752,4590046],[430752,4590046],[430752,4590059],[430746,4590059],[430745,4590059],[430699,4590059],[430676,4590060],[430638,4590059],[430630,4590059],[430584,4590058],[430529,4590058],[430485,4590057],[430419,4590056],[430417,4590056],[430417,4590056],[430384,4590015],[430361,4589989],[430330,4589983],[430326,4589979],[430322,4589971],[430321,4589967],[430319,4589958],[430317,4589949],[430315,4589941],[430311,4589936],[430305,4589929],[430302,4589921],[430298,4589913],[430289,4589903],[430286,4589895],[430279,4589883],[430269,4589864],[430260,4589843],[430253,4589833],[430244,4589815],[430239,4589805],[430232,4589793],[430226,4589781],[430221,4589770],[430216,4589758],[430206,4589738],[430202,4589731],[430197,4589721],[430191,4589694],[430199,4589673],[430202,4589655],[430204,4589645],[430211,4589618],[430219,4589606],[430238,4589599],[430251,4589587],[430253,4589579],[430255,4589568],[430256,4589547],[430256,4589531],[430253,4589519],[430250,4589499],[430244,4589486],[430242,4589478],[430242,4589469],[430243,4589460],[430244,4589453],[430247,4589435],[430247,4589428],[430248,4589417],[430250,4589408],[430250,4589401],[430249,4589395],[430247,4589382],[430246,4589373],[430244,4589365],[430242,4589355],[430241,4589347],[430246,4589339],[430252,4589330],[430260,4589322],[430271,4589312],[430285,4589299],[430290,4589288],[430294,4589277],[430300,4589262],[430304,4589249],[430305,4589243],[430306,4589235],[430306,4589225],[430305,4589218],[430303,4589214],[430298,4589209],[430292,4589203],[430287,4589199],[430282,4589195],[430268,4589188],[430262,4589186],[430253,4589180],[430243,4589174],[430239,4589171],[430236,4589168],[430231,4589156],[430229,4589151],[430225,4589145],[430219,4589136],[430213,4589130],[430209,4589127],[430206,4589121],[430202,4589113],[430198,4589103],[430196,4589093],[430194,4589084],[430192,4589071],[430190,4589062],[430188,4589053],[430185,4589044],[430185,4589035],[430183,4589030],[430180,4589028],[430177,4589027],[430177,4589027],[430172,4588995],[430163,4588941],[430160,4588813],[430296,4588622],[430325,4588614],[430329,4588613],[430333,4588612],[430334,4588613],[430337,4588615],[430339,4588619],[430353,4588641],[430360,4588654],[430362,4588659],[430363,4588663],[430364,4588667],[430364,4588671],[430365,4588677],[430364,4588683],[430364,4588689],[430361,4588711],[430361,4588720],[430361,4588723],[430361,4588725],[430363,4588729],[430365,4588733],[430369,4588738],[430372,4588742],[430377,4588746],[430384,4588752],[430391,4588756],[430395,4588758],[430400,4588759],[430405,4588760],[430409,4588761],[430415,4588762],[430420,4588762],[430464,4588763],[430471,4588764],[430477,4588765],[430482,4588768],[430486,4588770],[430486,4588770],[430490,4588773],[430494,4588777],[430497,4588780],[430499,4588785],[430501,4588791],[430502,4588795],[430502,4588800],[430498,4588827],[430489,4588871],[430486,4588883],[430485,4588888],[430476,4588911],[430471,4588928],[430469,4588934],[430468,4588939],[430468,4588943],[430468,4588948],[430469,4588953],[430470,4588958],[430472,4588963],[430474,4588966],[430477,4588969],[430479,4588971],[430482,4588973],[430489,4588976],[430510,4588986],[430524,4588992],[430533,4588994],[430537,4588995],[430542,4588995],[430548,4588995],[430552,4588995],[430555,4588995],[430559,4588994],[430563,4588993],[430568,4588991],[430572,4588988],[430576,4588985],[430580,4588981],[430584,4588973],[430586,4588969],[430592,4588954],[430597,4588942],[430599,4588937],[430606,4588927],[430611,4588920],[430614,4588916],[430620,4588911],[430626,4588906],[430631,4588903],[430635,4588901],[430640,4588898],[430643,4588898],[430647,4588897],[430651,4588897],[430658,4588898],[430674,4588901],[430680,4588902],[430683,4588904],[430686,4588905],[430691,4588908],[430695,4588912],[430699,4588916],[430704,4588920],[430713,4588927],[430717,4588931],[430725,4588936],[430741,4588945],[430744,4588947],[430748,4588950],[430752,4588953],[430757,4588957],[430762,4588962],[430766,4588966],[430770,4588970],[430774,4588974],[430778,4588978],[430781,4588981],[430785,4588985],[430787,4588986],[430789,4588987],[430791,4588988],[430793,4588989],[430795,4588990],[430797,4588991],[430799,4588992],[430802,4588993],[430804,4588993],[430806,4588993],[430808,4588993],[430810,4588993],[430812,4588993],[430814,4588993],[430816,4588992],[430818,4588991],[430823,4588989],[430829,4588986],[430835,4588983],[430840,4588979],[430844,4588977],[430849,4588974],[430853,4588971],[430857,4588968],[430866,4588963],[430868,4588962],[430869,4588962],[430870,4588962],[430872,4588961],[430873,4588961],[430875,4588961],[430876,4588961],[430878,4588961],[430879,4588962],[430881,4588962],[430882,4588962],[430883,4588963],[430885,4588964],[430886,4588964],[430887,4588965],[430888,4588966],[430892,4588969],[430895,4588972],[430899,4588975],[430902,4588979],[430909,4588986],[430911,4588987],[430913,4588989],[430915,4588990],[430917,4588992],[430919,4588993],[430921,4588994],[430924,4588996],[430926,4588997],[430930,4588999],[430934,4589001],[430938,4589003],[430942,4589005],[430944,4589006],[430946,4589008],[430948,4589009],[430950,4589011],[430952,4589013],[430954,4589015],[430956,4589017],[430958,4589018],[430961,4589023],[430964,4589027],[430968,4589032],[430970,4589037],[430973,4589040],[430975,4589043],[430980,4589048],[430984,4589052],[430988,4589057],[430993,4589061],[431000,4589067],[431005,4589072],[431011,4589077],[431016,4589081],[431022,4589085],[431026,4589089],[431030,4589091],[431034,4589093],[431039,4589096],[431045,4589098],[431050,4589100],[431056,4589102],[431059,4589103],[431062,4589104],[431066,4589105],[431069,4589106],[431071,4589106],[431072,4589106],[431073,4589106],[431074,4589106],[431075,4589106],[431076,4589106],[431077,4589105],[431078,4589105],[431079,4589105],[431080,4589105],[431081,4589104],[431082,4589104],[431083,4589103],[431088,4589101],[431093,4589098],[431099,4589096],[431104,4589095],[431110,4589094],[431116,4589093],[431121,4589093],[431122,4589093],[431123,4589093],[431124,4589092],[431125,4589092],[431126,4589092],[431126,4589092],[431127,4589092],[431128,4589092],[431129,4589092],[431130,4589092],[431130,4589092],[431132,4589093],[431133,4589093],[431134,4589093],[431135,4589093],[431136,4589093],[431137,4589093],[431138,4589093],[431140,4589093],[431141,4589093],[431142,4589094],[431143,4589094],[431144,4589094],[431145,4589094],[431146,4589094],[431147,4589094],[431148,4589095],[431149,4589095],[431150,4589095],[431151,4589095],[431151,4589095],[431152,4589096],[431153,4589096],[431154,4589096],[431156,4589096],[431157,4589096],[431158,4589097],[431159,4589097],[431160,4589097],[431161,4589098],[431162,4589098],[431163,4589099],[431165,4589099],[431166,4589100],[431167,4589100],[431168,4589101],[431169,4589101],[431170,4589102],[431171,4589103],[431172,4589104],[431173,4589104],[431173,4589105],[431174,4589106],[431175,4589107],[431176,4589108],[431178,4589112],[431181,4589115],[431185,4589121],[431190,4589126],[431194,4589132],[431197,4589135],[431197,4589136],[431198,4589137],[431199,4589138],[431199,4589139],[431200,4589140],[431201,4589141],[431201,4589142],[431202,4589143],[431203,4589144],[431203,4589145],[431204,4589146],[431206,4589149],[431208,4589153],[431209,4589154],[431209,4589155],[431210,4589156],[431210,4589157],[431211,4589157],[431211,4589158],[431212,4589159],[431212,4589160],[431213,4589161],[431213,4589162],[431214,4589162],[431214,4589163],[431215,4589164],[431216,4589165],[431217,4589166],[431218,4589167],[431218,4589168],[431219,4589169],[431220,4589170],[431221,4589170],[431222,4589171],[431223,4589172],[431224,4589173],[431225,4589173],[431226,4589174],[431227,4589175],[431228,4589176],[431229,4589176],[431230,4589177],[431231,4589178],[431232,4589178],[431233,4589179],[431234,4589179],[431235,4589180],[431236,4589181],[431238,4589181],[431239,4589182],[431240,4589183],[431241,4589183],[431243,4589184],[431244,4589184],[431245,4589185],[431246,4589185],[431248,4589186],[431249,4589186],[431251,4589187],[431252,4589187],[431254,4589188],[431255,4589188],[431257,4589189],[431258,4589189],[431260,4589189],[431262,4589189],[431263,4589190],[431265,4589190],[431270,4589191],[431272,4589191],[431279,4589192],[431287,4589193],[431296,4589194],[431302,4589194],[431310,4589196],[431317,4589197],[431324,4589198],[431328,4589199],[431333,4589199],[431338,4589201],[431343,4589202],[431347,4589203],[431351,4589205],[431353,4589206],[431355,4589207],[431357,4589208],[431359,4589211],[431367,4589218],[431409,4589269],[431413,4589271],[431419,4589270],[431426,4589267],[431440,4589283],[431444,4589280],[431444,4589279],[431447,4589276],[431451,4589279],[431452,4589281],[431463,4589294],[431468,4589298],[431486,4589305],[431491,4589307],[431499,4589310],[431529,4589311],[431538,4589312],[431539,4589314],[431561,4589332],[431561,4589332],[431568,4589336],[431574,4589338],[431577,4589339],[431585,4589340],[431592,4589340],[431595,4589340],[431598,4589339],[431599,4589339],[431604,4589339],[431604,4589339],[431605,4589339],[431614,4589339],[431626,4589341],[431653,4589342],[431661,4589343],[431668,4589347],[431672,4589351],[431674,4589356],[431675,4589368],[431679,4589377],[431684,4589385],[431693,4589396],[431701,4589404],[431707,4589408],[431722,4589418],[431733,4589428],[431742,4589435],[431750,4589440],[431758,4589443],[431776,4589449],[431785,4589453],[431792,4589456],[431795,4589458],[431808,4589466],[431816,4589472],[431827,4589479],[431836,4589485],[431841,4589489],[431851,4589501],[431852,4589502],[431854,4589504],[431859,4589512],[431862,4589518],[431864,4589525],[431864,4589529],[431865,4589529],[431865,4589530],[431865,4589531],[431866,4589532],[431866,4589532],[431867,4589533],[431868,4589534],[431869,4589534],[431871,4589534],[431872,4589534],[431873,4589533],[431875,4589532],[431875,4589531],[431877,4589533],[431878,4589534],[431879,4589537],[431880,4589539],[431881,4589541],[431881,4589543],[431881,4589545],[431881,4589547],[431881,4589549],[431881,4589550],[431880,4589551],[431879,4589552],[431881,4589554],[431883,4589556],[431886,4589560],[431889,4589565],[431891,4589568],[431893,4589571],[431894,4589573],[431896,4589574],[431898,4589576],[431900,4589577],[431903,4589578],[431905,4589579],[431906,4589579],[431907,4589580],[431907,4589582],[431907,4589583],[431908,4589586],[431908,4589586],[431908,4589586],[431909,4589586],[431917,4589575],[431972,4589607],[431991,4589618],[431999,4589623],[432023,4589636],[432025,4589639],[432025,4589639],[432025,4589639],[432025,4589639],[432026,4589639],[432026,4589640],[432027,4589641],[432029,4589643],[432029,4589643],[432033,4589647],[432034,4589647],[432034,4589648],[432034,4589648],[432037,4589650],[432038,4589651],[432038,4589651],[432038,4589652],[432042,4589655],[432042,4589655],[432047,4589661],[432047,4589661],[432047,4589661],[432048,4589661],[432048,4589661],[432048,4589662],[432053,4589667],[432056,4589673],[432061,4589678],[432087,4589704],[432088,4589705],[432088,4589705],[432090,4589707],[432092,4589709],[432095,4589712],[432101,4589719],[432114,4589730],[432114,4589730],[432143,4589763],[432128,4589784],[432093,4589826],[432073,4589849],[431991,4589924],[431897,4590008],[431804,4590095],[431776,4590123],[431733,4590169],[431702,4590205],[431663,4590261],[431634,4590307]]]}},{"type":"Feature","properties":{"barri":"Ciutat Meridiana","districte":"Nou Barris"},"geometry":{"type":"Polygon","coordinates":[[[431488,4590598],[431464,4590633],[431458,4590642],[431453,4590649],[431450,4590654],[431427,4590647],[431408,4590642],[431392,4590638],[431366,4590631],[431339,4590621],[431311,4590612],[431293,4590611],[431278,4590610],[431268,4590609],[431265,4590605],[431240,4590601],[431209,4590594],[431206,4590589],[431203,4590587],[431187,4590579],[431166,4590566],[431156,4590568],[431098,4590580],[431094,4590563],[431086,4590557],[431065,4590539],[431050,4590539],[431048,4590511],[431050,4590487],[431050,4590482],[431043,4590466],[431041,4590456],[431034,4590445],[431026,4590437],[431019,4590435],[431007,4590434],[431000,4590434],[430995,4590431],[430970,4590412],[430931,4590382],[430906,4590361],[430898,4590350],[430884,4590338],[430863,4590314],[430843,4590295],[430830,4590288],[430828,4590284],[430826,4590281],[430822,4590278],[430811,4590262],[430803,4590252],[430801,4590246],[430786,4590290],[430753,4590275],[430738,4590269],[430726,4590262],[430685,4590250],[430685,4590240],[430646,4590231],[430634,4590227],[430624,4590226],[430608,4590218],[430552,4590193],[430543,4590189],[430541,4590195],[430540,4590201],[430539,4590212],[430538,4590224],[430539,4590235],[430534,4590235],[430529,4590236],[430460,4590234],[430458,4590227],[430454,4590214],[430453,4590211],[430454,4590204],[430456,4590197],[430457,4590194],[430460,4590181],[430463,4590174],[430466,4590167],[430471,4590159],[430476,4590150],[430465,4590148],[430458,4590145],[430452,4590141],[430446,4590136],[430433,4590118],[430427,4590104],[430426,4590102],[430425,4590067],[430417,4590056],[430417,4590056],[430419,4590056],[430485,4590057],[430529,4590058],[430584,4590058],[430630,4590059],[430638,4590059],[430676,4590060],[430699,4590059],[430745,4590059],[430746,4590059],[430752,4590059],[430752,4590046],[430752,4590046],[430778,4590046],[430784,4590046],[430807,4590034],[430828,4590039],[430840,4590054],[430840,4590054],[430936,4590057],[430938,4590057],[430957,4590058],[430958,4590058],[430965,4590058],[430970,4590053],[430978,4590044],[430978,4590044],[430984,4590036],[430984,4590036],[430984,4590036],[430995,4590023],[431002,4590014],[431002,4590013],[431004,4590011],[431004,4590011],[431004,4590011],[431004,4590012],[431005,4590010],[431006,4590008],[431008,4590006],[431014,4589998],[431021,4589990],[431027,4589983],[431058,4590006],[431103,4590016],[431136,4590024],[431158,4590029],[431176,4590033],[431178,4590034],[431181,4590036],[431185,4590039],[431189,4590042],[431191,4590044],[431191,4590044],[431191,4590044],[431192,4590044],[431192,4590043],[431193,4590043],[431193,4590042],[431194,4590040],[431194,4590040],[431194,4590039],[431195,4590038],[431195,4590037],[431195,4590037],[431197,4590035],[431197,4590035],[431198,4590034],[431198,4590034],[431199,4590034],[431200,4590033],[431201,4590033],[431201,4590033],[431202,4590032],[431204,4590032],[431205,4590032],[431207,4590032],[431209,4590033],[431210,4590034],[431211,4590034],[431212,4590035],[431214,4590037],[431216,4590039],[431222,4590044],[431227,4590049],[431239,4590060],[431239,4590061],[431248,4590069],[431251,4590071],[431253,4590073],[431260,4590078],[431261,4590079],[431261,4590079],[431262,4590080],[431269,4590084],[431270,4590085],[431274,4590088],[431278,4590091],[431278,4590092],[431278,4590092],[431287,4590101],[431290,4590104],[431292,4590106],[431298,4590113],[431305,4590121],[431312,4590129],[431312,4590128],[431313,4590130],[431314,4590130],[431314,4590131],[431315,4590131],[431316,4590132],[431319,4590135],[431319,4590135],[431319,4590135],[431319,4590135],[431325,4590139],[431325,4590138],[431325,4590139],[431325,4590139],[431330,4590143],[431340,4590150],[431351,4590159],[431352,4590160],[431358,4590164],[431359,4590165],[431359,4590165],[431361,4590166],[431372,4590175],[431373,4590176],[431381,4590182],[431382,4590181],[431383,4590180],[431384,4590179],[431390,4590183],[431390,4590184],[431390,4590184],[431389,4590185],[431389,4590186],[431389,4590186],[431389,4590186],[431388,4590187],[431391,4590188],[431394,4590191],[431398,4590194],[431398,4590194],[431406,4590200],[431406,4590200],[431405,4590200],[431420,4590211],[431420,4590211],[431420,4590211],[431422,4590212],[431424,4590214],[431425,4590215],[431425,4590215],[431425,4590224],[431426,4590233],[431426,4590242],[431433,4590247],[431435,4590247],[431439,4590247],[431442,4590247],[431445,4590248],[431447,4590249],[431449,4590250],[431451,4590251],[431451,4590251],[431468,4590264],[431479,4590273],[431480,4590274],[431488,4590278],[431500,4590285],[431507,4590290],[431516,4590294],[431521,4590295],[431528,4590296],[431537,4590296],[431555,4590286],[431560,4590289],[431560,4590289],[431559,4590290],[431541,4590325],[431532,4590343],[431530,4590346],[431528,4590350],[431526,4590353],[431521,4590366],[431519,4590371],[431517,4590375],[431513,4590384],[431512,4590386],[431511,4590388],[431510,4590390],[431509,4590394],[431506,4590400],[431504,4590405],[431504,4590406],[431533,4590419],[431568,4590435],[431559,4590454],[431520,4590545],[431488,4590598]]]}},{"type":"Feature","properties":{"barri":"Vallbona","districte":"Nou Barris"},"geometry":{"type":"Polygon","coordinates":[[[431866,4591066],[431843,4591066],[431829,4591064],[431817,4591059],[431786,4591052],[431750,4591040],[431726,4591034],[431695,4591029],[431684,4591025],[431667,4591017],[431584,4590999],[431569,4590998],[431509,4590994],[431477,4590991],[431418,4591058],[431413,4591031],[431410,4591003],[431410,4590973],[431415,4590936],[431424,4590904],[431436,4590874],[431455,4590838],[431469,4590817],[431480,4590801],[431511,4590759],[431535,4590733],[431559,4590713],[431583,4590696],[431544,4590684],[431450,4590654],[431453,4590649],[431458,4590642],[431464,4590633],[431488,4590598],[431520,4590545],[431559,4590454],[431568,4590435],[431576,4590419],[431599,4590373],[431634,4590307],[431663,4590261],[431702,4590205],[431733,4590169],[431776,4590123],[431804,4590095],[431897,4590008],[431991,4589924],[432073,4589849],[432093,4589826],[432128,4589784],[432143,4589763],[432174,4589798],[432218,4589819],[432218,4589819],[432250,4589842],[432248,4589843],[432248,4589844],[432247,4589846],[432245,4589848],[432245,4589848],[432231,4589873],[432228,4589878],[432224,4589885],[432219,4589893],[432210,4589914],[432203,4589928],[432198,4589938],[432194,4589947],[432194,4589948],[432192,4589952],[432192,4589952],[432190,4589955],[432190,4589957],[432189,4589959],[432187,4589966],[432183,4589977],[432180,4589989],[432179,4589992],[432179,4589993],[432177,4590000],[432175,4590006],[432174,4590010],[432172,4590019],[432170,4590025],[432168,4590033],[432168,4590034],[432164,4590047],[432162,4590057],[432160,4590069],[432160,4590070],[432159,4590080],[432158,4590088],[432156,4590096],[432156,4590102],[432155,4590109],[432155,4590115],[432154,4590123],[432153,4590135],[432153,4590139],[432152,4590142],[432152,4590152],[432148,4590207],[432148,4590215],[432148,4590222],[432144,4590287],[432143,4590290],[432143,4590300],[432141,4590329],[432138,4590372],[432138,4590373],[432140,4590373],[432142,4590373],[432159,4590377],[432158,4590378],[432145,4590563],[432139,4590639],[432124,4590840],[432119,4590931],[432116,4590999],[432011,4591005],[432005,4591005],[431976,4591009],[431909,4591054],[431896,4591060],[431875,4591064],[431866,4591066]]]}},{"type":"Feature","properties":{"barri":"la Trinitat Vella","districte":"Sant Andreu"},"geometry":{"type":"Polygon","coordinates":[[[432159,4590377],[432142,4590373],[432140,4590373],[432138,4590373],[432138,4590372],[432141,4590329],[432143,4590300],[432143,4590290],[432144,4590287],[432148,4590222],[432148,4590215],[432148,4590207],[432152,4590152],[432152,4590142],[432153,4590139],[432153,4590135],[432154,4590123],[432155,4590115],[432155,4590109],[432156,4590102],[432156,4590096],[432158,4590088],[432159,4590080],[432160,4590070],[432160,4590069],[432162,4590057],[432164,4590047],[432168,4590034],[432168,4590033],[432170,4590025],[432172,4590019],[432174,4590010],[432175,4590006],[432177,4590000],[432179,4589993],[432179,4589992],[432180,4589989],[432183,4589977],[432187,4589966],[432189,4589959],[432190,4589957],[432190,4589955],[432192,4589952],[432192,4589952],[432194,4589948],[432194,4589947],[432198,4589938],[432203,4589928],[432210,4589914],[432219,4589893],[432224,4589885],[432228,4589878],[432231,4589873],[432245,4589848],[432245,4589848],[432247,4589846],[432248,4589844],[432248,4589843],[432249,4589842],[432218,4589819],[432218,4589819],[432174,4589798],[432193,4589767],[432216,4589695],[432228,4589658],[432238,4589615],[432241,4589591],[432246,4589569],[432249,4589496],[432255,4589391],[432254,4589330],[432252,4589257],[432248,4589198],[432243,4589107],[432235,4589043],[432203,4588904],[432190,4588856],[432148,4588695],[432299,4588691],[432300,4588675],[432380,4588675],[432379,4588691],[432431,4588691],[432533,4588694],[432554,4588696],[432565,4588698],[432572,4588700],[432585,4588704],[432595,4588709],[432606,4588715],[432628,4588729],[432658,4588748],[432675,4588756],[432693,4588763],[432713,4588768],[432724,4588769],[432734,4588770],[432755,4588769],[432793,4588766],[432825,4588766],[432862,4588770],[432887,4588778],[432909,4588787],[432920,4588794],[432908,4588746],[432907,4588743],[432925,4588751],[432942,4588758],[432983,4588777],[433021,4588793],[433198,4588872],[433287,4588911],[433236,4588979],[433193,4589037],[433143,4589103],[433111,4589141],[433053,4589209],[433022,4589243],[432989,4589277],[432930,4589334],[432788,4589469],[432739,4589515],[432724,4589530],[432666,4589587],[432544,4589706],[432492,4589756],[432460,4589789],[432430,4589822],[432402,4589855],[432363,4589904],[432334,4589943],[432299,4589989],[432270,4590034],[432255,4590060],[432237,4590095],[432224,4590121],[432214,4590146],[432203,4590174],[432192,4590208],[432184,4590234],[432177,4590262],[432171,4590287],[432164,4590321],[432162,4590342],[432159,4590373],[432159,4590377]]]}},{"type":"Feature","properties":{"barri":"Baró de Viver","districte":"Sant Andreu"},"geometry":{"type":"Polygon","coordinates":[[[432890,4588199],[433147,4588224],[433118,4588443],[433115,4588472],[433125,4588479],[433319,4588606],[433338,4588613],[433412,4588659],[433452,4588685],[433443,4588698],[433342,4588837],[433339,4588842],[433329,4588855],[433287,4588911],[433198,4588872],[433021,4588793],[432983,4588777],[432942,4588758],[432939,4588745],[432928,4588701],[432926,4588693],[432919,4588662],[432917,4588655],[432898,4588576],[432891,4588546],[432889,4588537],[432879,4588497],[432866,4588446],[432860,4588419],[432853,4588390],[432850,4588379],[432845,4588361],[432841,4588343],[432840,4588341],[432831,4588305],[432825,4588283],[432806,4588204],[432803,4588192],[432890,4588199]]]}},{"type":"Feature","properties":{"barri":"el Bon Pastor","districte":"Sant Andreu"},"geometry":{"type":"Polygon","coordinates":[[[433958,4587154],[433963,4587156],[433976,4587158],[433987,4587158],[433990,4587160],[434060,4587174],[434052,4587193],[434036,4587234],[434023,4587265],[434012,4587296],[434006,4587312],[433996,4587339],[433989,4587362],[433982,4587384],[433978,4587400],[433974,4587411],[433968,4587434],[433961,4587462],[433956,4587482],[433950,4587503],[433888,4587815],[433887,4587818],[433875,4587880],[433870,4587905],[433865,4587924],[433861,4587942],[433856,4587963],[433850,4587983],[433845,4588000],[433837,4588027],[433833,4588037],[433830,4588047],[433824,4588066],[433817,4588084],[433810,4588103],[433806,4588113],[433802,4588123],[433794,4588142],[433786,4588160],[433782,4588170],[433772,4588192],[433761,4588215],[433751,4588235],[433742,4588253],[433698,4588330],[433684,4588351],[433664,4588383],[433641,4588416],[433616,4588451],[433590,4588488],[433517,4588592],[433497,4588621],[433460,4588674],[433452,4588685],[433412,4588659],[433338,4588613],[433319,4588606],[433125,4588479],[433115,4588472],[433118,4588443],[433147,4588224],[432890,4588199],[432803,4588192],[432803,4588192],[432794,4588156],[432780,4588100],[432770,4588057],[432763,4588026],[432749,4587960],[432743,4587935],[432733,4587897],[432729,4587877],[432727,4587870],[432726,4587863],[432721,4587838],[432717,4587825],[432714,4587812],[432704,4587763],[432701,4587750],[432699,4587740],[432698,4587734],[432696,4587718],[432685,4587660],[432684,4587656],[432682,4587643],[432681,4587639],[432681,4587639],[432678,4587620],[432675,4587595],[432672,4587569],[432669,4587536],[432669,4587524],[432669,4587520],[432668,4587513],[432669,4587503],[432669,4587487],[432670,4587453],[432670,4587447],[432677,4587391],[432677,4587388],[432677,4587374],[432671,4587350],[432666,4587328],[432672,4587312],[432683,4587285],[432732,4587204],[432771,4587122],[432782,4587100],[432795,4587066],[432812,4587020],[432835,4586958],[432842,4586935],[432847,4586910],[432851,4586885],[432852,4586877],[432852,4586870],[432854,4586860],[432855,4586849],[432856,4586839],[432856,4586829],[432857,4586816],[432857,4586805],[432857,4586791],[432857,4586775],[432855,4586720],[432846,4586609],[432844,4586589],[432838,4586548],[432831,4586519],[432815,4586464],[432815,4586464],[432814,4586463],[432856,4586434],[432856,4586434],[432856,4586434],[432856,4586434],[432856,4586435],[432856,4586436],[432858,4586443],[432859,4586449],[432861,4586456],[432866,4586477],[432871,4586494],[432873,4586502],[432877,4586515],[432901,4586578],[432916,4586635],[432924,4586665],[432930,4586680],[432933,4586686],[432954,4586716],[432999,4586762],[433024,4586783],[433047,4586796],[433048,4586797],[433049,4586797],[433069,4586806],[433089,4586812],[433099,4586813],[433116,4586816],[433150,4586820],[433177,4586821],[433215,4586819],[433250,4586811],[433285,4586800],[433320,4586785],[433337,4586777],[433339,4586775],[433354,4586768],[433364,4586763],[433382,4586754],[433406,4586742],[433589,4586626],[433706,4586551],[433742,4586528],[433765,4586564],[433770,4586571],[433764,4586575],[433771,4586586],[433769,4586587],[433768,4586600],[433765,4586622],[433764,4586647],[433764,4586662],[433753,4586669],[433769,4586693],[433762,4586697],[433743,4586761],[433736,4586787],[433743,4586798],[433704,4586824],[433726,4586856],[433720,4586860],[433716,4586861],[433700,4586917],[433691,4586967],[433676,4587049],[433701,4587090],[433727,4587101],[433767,4587118],[433769,4587117],[433782,4587123],[433786,4587124],[433806,4587132],[433831,4587142],[433833,4587143],[433845,4587145],[433863,4587148],[433875,4587146],[433958,4587154]]]}},{"type":"Feature","properties":{"barri":"Sant Andreu","districte":"Sant Andreu"},"geometry":{"type":"Polygon","coordinates":[[[432920,4588794],[432909,4588787],[432887,4588778],[432862,4588770],[432825,4588766],[432793,4588766],[432755,4588769],[432734,4588770],[432724,4588769],[432713,4588768],[432693,4588763],[432675,4588756],[432658,4588748],[432628,4588729],[432606,4588715],[432595,4588709],[432585,4588704],[432572,4588700],[432565,4588698],[432554,4588696],[432533,4588694],[432431,4588691],[432379,4588691],[432380,4588675],[432300,4588675],[432299,4588691],[432148,4588695],[432144,4588679],[432134,4588637],[432063,4588364],[432039,4588274],[432021,4588194],[432015,4588170],[431977,4588005],[431956,4587912],[431950,4587891],[431950,4587890],[431950,4587890],[431890,4587660],[431871,4587588],[431832,4587442],[431796,4587305],[431789,4587276],[431756,4587153],[431729,4587050],[431719,4587013],[431718,4587009],[431711,4586949],[431720,4586886],[431727,4586864],[431743,4586836],[431798,4586736],[431830,4586672],[431834,4586664],[431836,4586664],[431861,4586664],[431885,4586664],[431949,4586662],[431986,4586661],[431987,4586661],[432027,4586660],[432071,4586659],[432094,4586659],[432129,4586656],[432146,4586647],[432157,4586641],[432186,4586622],[432216,4586601],[432228,4586594],[432236,4586591],[432255,4586584],[432258,4586583],[432268,4586581],[432338,4586560],[432347,4586558],[432349,4586557],[432351,4586557],[432353,4586557],[432355,4586556],[432356,4586556],[432379,4586555],[432381,4586555],[432393,4586555],[432402,4586556],[432417,4586558],[432449,4586560],[432472,4586563],[432523,4586572],[432623,4586605],[432623,4586605],[432647,4586606],[432648,4586575],[432650,4586568],[432671,4586555],[432690,4586544],[432727,4586520],[432759,4586501],[432790,4586481],[432814,4586463],[432815,4586464],[432815,4586464],[432831,4586519],[432838,4586548],[432844,4586589],[432846,4586609],[432855,4586720],[432857,4586775],[432857,4586791],[432857,4586805],[432857,4586816],[432856,4586829],[432856,4586839],[432855,4586849],[432854,4586860],[432852,4586870],[432852,4586877],[432851,4586885],[432847,4586910],[432842,4586935],[432835,4586958],[432812,4587020],[432795,4587066],[432782,4587100],[432771,4587122],[432732,4587204],[432683,4587285],[432672,4587312],[432666,4587328],[432671,4587350],[432677,4587374],[432677,4587388],[432677,4587391],[432670,4587447],[432670,4587453],[432669,4587487],[432669,4587503],[432668,4587513],[432669,4587520],[432669,4587524],[432669,4587536],[432672,4587569],[432675,4587595],[432678,4587620],[432681,4587639],[432681,4587639],[432682,4587643],[432684,4587656],[432685,4587660],[432696,4587718],[432698,4587734],[432699,4587740],[432701,4587750],[432704,4587763],[432714,4587812],[432717,4587825],[432721,4587838],[432726,4587863],[432727,4587870],[432729,4587877],[432733,4587897],[432743,4587935],[432749,4587960],[432763,4588026],[432770,4588057],[432780,4588100],[432794,4588156],[432803,4588192],[432803,4588192],[432806,4588204],[432825,4588283],[432831,4588305],[432840,4588341],[432841,4588343],[432845,4588361],[432850,4588379],[432853,4588390],[432860,4588419],[432866,4588446],[432879,4588497],[432889,4588537],[432891,4588546],[432898,4588576],[432917,4588655],[432919,4588662],[432926,4588693],[432928,4588701],[432939,4588745],[432942,4588758],[432925,4588751],[432907,4588743],[432908,4588746],[432920,4588794]]]}},{"type":"Feature","properties":{"barri":"la Sagrera","districte":"Sant Andreu"},"geometry":{"type":"Polygon","coordinates":[[[431885,4586664],[431861,4586664],[431836,4586664],[431834,4586664],[431850,4586631],[431843,4586552],[431834,4586458],[431832,4586308],[431832,4586228],[431823,4586155],[431809,4586055],[431808,4585999],[431857,4585949],[431935,4585868],[432046,4585753],[432046,4585753],[432055,4585745],[432079,4585720],[432227,4585568],[432319,4585473],[432413,4585374],[432428,4585359],[432427,4585333],[432421,4585287],[432408,4585230],[432400,4585204],[432504,4585096],[432508,4585092],[432587,4585170],[432603,4585186],[432586,4585245],[432583,4585259],[432578,4585288],[432578,4585305],[432580,4585324],[432584,4585342],[432595,4585381],[432599,4585395],[432600,4585401],[432637,4585528],[432648,4585565],[432731,4585887],[432750,4585961],[432752,4585960],[432773,4585955],[432777,4585967],[432777,4585969],[432777,4585970],[432777,4585971],[432781,4585982],[432782,4585986],[432782,4585986],[432782,4585987],[432783,4585988],[432783,4585989],[432783,4585989],[432782,4585991],[432782,4585992],[432785,4586013],[432788,4586033],[432789,4586040],[432790,4586052],[432791,4586058],[432792,4586066],[432793,4586071],[432793,4586073],[432797,4586104],[432798,4586107],[432798,4586109],[432801,4586127],[432801,4586128],[432801,4586131],[432803,4586144],[432805,4586158],[432806,4586170],[432809,4586186],[432809,4586188],[432810,4586189],[432811,4586193],[432813,4586200],[432815,4586209],[432816,4586215],[432822,4586238],[432823,4586245],[432823,4586246],[432824,4586250],[432825,4586252],[432825,4586256],[432825,4586256],[432826,4586256],[432826,4586259],[432827,4586263],[432832,4586285],[432834,4586295],[432835,4586298],[432837,4586309],[432838,4586311],[432838,4586311],[432847,4586351],[432847,4586352],[432847,4586352],[432854,4586383],[432856,4586394],[432857,4586396],[432857,4586397],[432864,4586417],[432865,4586421],[432865,4586421],[432865,4586422],[432865,4586422],[432865,4586422],[432865,4586422],[432865,4586423],[432865,4586423],[432865,4586423],[432865,4586423],[432865,4586423],[432865,4586423],[432865,4586424],[432866,4586425],[432866,4586426],[432862,4586428],[432856,4586434],[432814,4586463],[432790,4586481],[432759,4586501],[432727,4586520],[432690,4586544],[432671,4586555],[432650,4586568],[432648,4586575],[432647,4586606],[432623,4586605],[432623,4586605],[432523,4586572],[432472,4586563],[432449,4586560],[432417,4586558],[432402,4586556],[432393,4586555],[432381,4586555],[432379,4586555],[432356,4586556],[432355,4586556],[432353,4586557],[432351,4586557],[432349,4586557],[432347,4586558],[432338,4586560],[432268,4586581],[432258,4586583],[432255,4586584],[432236,4586591],[432228,4586594],[432216,4586601],[432186,4586622],[432157,4586641],[432146,4586647],[432129,4586656],[432094,4586659],[432071,4586659],[432027,4586660],[431987,4586661],[431986,4586661],[431949,4586662],[431885,4586664]]]}},{"type":"Feature","properties":{"barri":"el Congrés i els Indians","districte":"Sant Andreu"},"geometry":{"type":"Polygon","coordinates":[[[431545,4585647],[431567,4585667],[431576,4585676],[431615,4585715],[431649,4585748],[431662,4585761],[431756,4585851],[431765,4585861],[431806,4585899],[431808,4585999],[431809,4586055],[431823,4586155],[431832,4586228],[431832,4586308],[431834,4586458],[431843,4586552],[431696,4586562],[431469,4586576],[431438,4586578],[431416,4586582],[431407,4586584],[431358,4586595],[431258,4586617],[431255,4586571],[431252,4586524],[431252,4586500],[431257,4586319],[431221,4586317],[431165,4586316],[431153,4586315],[431166,4586301],[431192,4586264],[431192,4586263],[431228,4586211],[431333,4586056],[431363,4586012],[431393,4585968],[431458,4585872],[431505,4585802],[431516,4585786],[431529,4585764],[431532,4585760],[431539,4585746],[431543,4585733],[431546,4585710],[431545,4585688],[431536,4585638],[431545,4585647]]]}},{"type":"Feature","properties":{"barri":"Navas","districte":"Sant Andreu"},"geometry":{"type":"Polygon","coordinates":[[[432227,4585568],[432079,4585720],[432055,4585745],[432046,4585753],[432046,4585753],[431935,4585868],[431857,4585949],[431808,4585999],[431806,4585899],[431765,4585861],[431756,4585851],[431662,4585761],[431649,4585748],[431615,4585715],[431576,4585676],[431567,4585667],[431545,4585647],[431536,4585638],[431522,4585557],[431517,4585528],[431515,4585522],[431506,4585427],[431506,4585304],[431512,4585244],[431658,4585384],[431721,4585444],[431755,4585477],[431843,4585388],[431901,4585328],[431926,4585302],[431996,4585232],[432048,4585179],[432114,4585111],[432139,4585086],[432224,4584998],[432319,4585093],[432319,4585093],[432388,4585162],[432400,4585204],[432400,4585204],[432408,4585230],[432421,4585287],[432427,4585333],[432428,4585359],[432413,4585374],[432319,4585473],[432227,4585568]]]}},{"type":"Feature","properties":{"barri":"el Camp de l'Arpa del Clot","districte":"Sant Martí"},"geometry":{"type":"Polygon","coordinates":[[[431841,4584251],[431889,4584296],[431901,4584308],[431942,4584348],[432026,4584430],[432038,4584441],[432043,4584805],[432044,4584824],[432044,4584835],[432044,4584837],[432045,4584893],[432046,4584955],[432046,4584972],[432046,4585002],[432047,4585024],[432047,4585026],[432047,4585068],[432047,4585074],[432048,4585149],[432048,4585179],[431996,4585232],[431926,4585302],[431901,4585328],[431843,4585388],[431755,4585477],[431721,4585444],[431658,4585384],[431512,4585244],[431487,4585219],[431386,4585120],[431372,4585106],[431198,4584934],[431188,4584924],[431089,4584827],[431182,4584731],[431207,4584706],[431228,4584684],[431254,4584657],[431276,4584635],[431371,4584537],[431466,4584440],[431557,4584347],[431651,4584250],[431721,4584178],[431744,4584155],[431841,4584251]]]}},{"type":"Feature","properties":{"barri":"el Clot","districte":"Sant Martí"},"geometry":{"type":"Polygon","coordinates":[[[432508,4585092],[432504,4585096],[432400,4585204],[432400,4585204],[432388,4585162],[432319,4585093],[432319,4585093],[432224,4584998],[432139,4585086],[432114,4585111],[432048,4585179],[432048,4585149],[432047,4585074],[432047,4585068],[432047,4585026],[432047,4585024],[432046,4585002],[432046,4584972],[432046,4584955],[432045,4584893],[432044,4584837],[432044,4584835],[432044,4584824],[432043,4584805],[432038,4584441],[432026,4584430],[431942,4584348],[431901,4584308],[431889,4584296],[431841,4584251],[431744,4584155],[431874,4584022],[431933,4583960],[431962,4583931],[431975,4583943],[431977,4583945],[431990,4583953],[432006,4583962],[432021,4583968],[432038,4583972],[432052,4583974],[432052,4583974],[432070,4583970],[432072,4583969],[432087,4583963],[432096,4583960],[432110,4583951],[432116,4583946],[432120,4583943],[432121,4583942],[432125,4583946],[432152,4583973],[432171,4583992],[432179,4583999],[432303,4584121],[432417,4584232],[432417,4584233],[432512,4584327],[432512,4584327],[432572,4584385],[432702,4584511],[432894,4584699],[432891,4584703],[432884,4584709],[432874,4584719],[432861,4584733],[432857,4584737],[432854,4584740],[432841,4584753],[432819,4584776],[432791,4584804],[432743,4584853],[432733,4584863],[432721,4584875],[432704,4584893],[432695,4584901],[432694,4584902],[432686,4584910],[432674,4584923],[432658,4584939],[432643,4584954],[432630,4584967],[432618,4584981],[432602,4584996],[432508,4585092]]]}},{"type":"Feature","properties":{"barri":"el Parc i la Llacuna del Poblenou","districte":"Sant Martí"},"geometry":{"type":"Polygon","coordinates":[[[432613,4584032],[432600,4584045],[432521,4584127],[432432,4584218],[432417,4584233],[432417,4584232],[432303,4584121],[432179,4583999],[432171,4583992],[432152,4583973],[432125,4583946],[432121,4583942],[432120,4583943],[432116,4583946],[432110,4583951],[432096,4583960],[432087,4583963],[432072,4583969],[432070,4583970],[432052,4583974],[432052,4583974],[432038,4583972],[432021,4583968],[432006,4583962],[431990,4583953],[431977,4583945],[431975,4583943],[431962,4583931],[431933,4583960],[431927,4583954],[431844,4583873],[431837,4583866],[431873,4583829],[431873,4583829],[431891,4583811],[431937,4583764],[431948,4583753],[432020,4583679],[432033,4583665],[432033,4583665],[432032,4583578],[432030,4583454],[432030,4583422],[432028,4583286],[432026,4583106],[432024,4582934],[432024,4582923],[432020,4582922],[432016,4582920],[432013,4582918],[432012,4582917],[432010,4582915],[432008,4582911],[432007,4582908],[432006,4582904],[432006,4582900],[432007,4582896],[432008,4582892],[432010,4582889],[432012,4582886],[431935,4582811],[431839,4582719],[431772,4582655],[431742,4582626],[431645,4582532],[431734,4582442],[431828,4582346],[432012,4582526],[432030,4582508],[432046,4582491],[432053,4582484],[432072,4582464],[432105,4582430],[432208,4582531],[432302,4582621],[432401,4582713],[432496,4582802],[432702,4582996],[432792,4583081],[432700,4583175],[432613,4583264],[432624,4583282],[432637,4583302],[432642,4583309],[432687,4583382],[432745,4583475],[432761,4583500],[432762,4583501],[432835,4583616],[432858,4583655],[432880,4583689],[432906,4583730],[432906,4583731],[432804,4583837],[432751,4583891],[432730,4583912],[432709,4583934],[432613,4584032]]]}},{"type":"Feature","properties":{"barri":"la Vila Olímpica del Poblenou","districte":"Sant Martí"},"geometry":{"type":"Polygon","coordinates":[[[433104,4582763],[432982,4582890],[432888,4582984],[432792,4583081],[432702,4582996],[432496,4582802],[432401,4582713],[432302,4582621],[432208,4582531],[432105,4582430],[432129,4582406],[432153,4582382],[432175,4582359],[432203,4582330],[432203,4582330],[432209,4582324],[432233,4582300],[432256,4582276],[432321,4582211],[432335,4582195],[432382,4582148],[432397,4582132],[432403,4582127],[432403,4582127],[432432,4582097],[432439,4582090],[432449,4582079],[432449,4582079],[432478,4582049],[432478,4582049],[432492,4582035],[432495,4582031],[432501,4582025],[432507,4582019],[432515,4582011],[432518,4582007],[432520,4582005],[432520,4582005],[432523,4582002],[432528,4581998],[432533,4581992],[432535,4581991],[432537,4581989],[432555,4581970],[432557,4581969],[432558,4581967],[432558,4581967],[432567,4581957],[432567,4581957],[432575,4581948],[432578,4581951],[432759,4582126],[432764,4582121],[432763,4582118],[432763,4582114],[432764,4582108],[432766,4582103],[432768,4582099],[432772,4582094],[432775,4582091],[432779,4582088],[432784,4582085],[432789,4582083],[432794,4582082],[432799,4582081],[432806,4582081],[432811,4582081],[432815,4582082],[432946,4581949],[433088,4581805],[433092,4581808],[433098,4581814],[433104,4581820],[433111,4581827],[433108,4581832],[433104,4581829],[433092,4581842],[433098,4581849],[433078,4581884],[433064,4581871],[433053,4581882],[433070,4581899],[432972,4581998],[432982,4582008],[432972,4582018],[433037,4582081],[433062,4582106],[433087,4582130],[433113,4582155],[433133,4582176],[433143,4582166],[433153,4582176],[433278,4582048],[433129,4581902],[433182,4581848],[433206,4581872],[433195,4581883],[433199,4581887],[433210,4581876],[433230,4581895],[433213,4581913],[433252,4581951],[433289,4581987],[433293,4581982],[433296,4581986],[433292,4581990],[433314,4582012],[433331,4581994],[433324,4581987],[433325,4581985],[433333,4581993],[433343,4581982],[433334,4581967],[433326,4581972],[433323,4581967],[433331,4581962],[433319,4581942],[433308,4581925],[433297,4581909],[433274,4581876],[433262,4581861],[433250,4581845],[433228,4581819],[433218,4581806],[433196,4581782],[433174,4581759],[433153,4581739],[433143,4581729],[433133,4581721],[433124,4581715],[433113,4581707],[433102,4581712],[433066,4581690],[433064,4581688],[433064,4581688],[433063,4581687],[433062,4581686],[433062,4581685],[433061,4581683],[433060,4581683],[433058,4581683],[433049,4581679],[433036,4581672],[433025,4581665],[433015,4581659],[433015,4581658],[433015,4581654],[433016,4581652],[433027,4581640],[433043,4581635],[433060,4581625],[433061,4581624],[433073,4581623],[433091,4581623],[433097,4581626],[433115,4581636],[433120,4581640],[433130,4581653],[433137,4581657],[433156,4581665],[433160,4581676],[433165,4581677],[433166,4581679],[433163,4581684],[433160,4581692],[433159,4581692],[433155,4581693],[433153,4581692],[433148,4581690],[433141,4581686],[433138,4581679],[433132,4581673],[433123,4581671],[433110,4581664],[433099,4581657],[433095,4581654],[433092,4581651],[433086,4581648],[433081,4581649],[433077,4581649],[433075,4581648],[433071,4581648],[433068,4581650],[433070,4581653],[433069,4581654],[433069,4581656],[433069,4581657],[433070,4581657],[433070,4581656],[433071,4581656],[433072,4581656],[433073,4581656],[433074,4581655],[433075,4581655],[433076,4581655],[433077,4581655],[433077,4581655],[433078,4581655],[433079,4581655],[433080,4581655],[433082,4581655],[433083,4581656],[433084,4581656],[433085,4581656],[433086,4581657],[433086,4581657],[433088,4581658],[433088,4581658],[433088,4581658],[433088,4581658],[433090,4581659],[433096,4581663],[433101,4581666],[433112,4581673],[433123,4581680],[433131,4581687],[433134,4581689],[433144,4581697],[433153,4581704],[433163,4581712],[433172,4581720],[433182,4581730],[433201,4581749],[433219,4581768],[433233,4581783],[433250,4581803],[433267,4581824],[433276,4581835],[433291,4581854],[433306,4581874],[433313,4581885],[433341,4581927],[433345,4581934],[433356,4581951],[433376,4581987],[433389,4582012],[433401,4582036],[433417,4582071],[433370,4582119],[433370,4582119],[433376,4582122],[433386,4582128],[433387,4582129],[433388,4582130],[433388,4582132],[433397,4582143],[433398,4582144],[433401,4582147],[433401,4582151],[433398,4582154],[433395,4582154],[433392,4582151],[433392,4582147],[433384,4582142],[433377,4582134],[433368,4582128],[433366,4582123],[433366,4582123],[433365,4582124],[433358,4582118],[433361,4582116],[433351,4582098],[433350,4582099],[433347,4582103],[433346,4582102],[433344,4582104],[433240,4582210],[433242,4582222],[433246,4582230],[433255,4582267],[433271,4582306],[433290,4582337],[433331,4582383],[433368,4582414],[433414,4582445],[433443,4582460],[433487,4582478],[433515,4582481],[433516,4582480],[433516,4582479],[433517,4582479],[433519,4582477],[433522,4582474],[433523,4582472],[433526,4582469],[433528,4582467],[433529,4582466],[433529,4582465],[433530,4582465],[433532,4582465],[433533,4582464],[433534,4582464],[433534,4582465],[433535,4582465],[433535,4582466],[433599,4582400],[433610,4582411],[433567,4582455],[433567,4582456],[433567,4582457],[433567,4582458],[433567,4582459],[433566,4582460],[433564,4582461],[433562,4582463],[433559,4582466],[433556,4582470],[433554,4582472],[433551,4582476],[433549,4582478],[433548,4582479],[433546,4582482],[433542,4582486],[433533,4582495],[433527,4582501],[433523,4582504],[433522,4582506],[433521,4582507],[433519,4582508],[433518,4582509],[433516,4582510],[433514,4582511],[433510,4582513],[433500,4582523],[433522,4582544],[433524,4582542],[433526,4582538],[433528,4582535],[433532,4582531],[433536,4582526],[433541,4582520],[433544,4582517],[433547,4582513],[433549,4582512],[433550,4582510],[433551,4582509],[433553,4582507],[433555,4582506],[433555,4582505],[433557,4582503],[433565,4582494],[433572,4582487],[433574,4582484],[433578,4582480],[433581,4582477],[433582,4582477],[433583,4582476],[433584,4582476],[433585,4582476],[433587,4582477],[433631,4582432],[433642,4582442],[433597,4582488],[433597,4582488],[433598,4582488],[433599,4582488],[433599,4582488],[433599,4582489],[433599,4582491],[433599,4582491],[433599,4582492],[433599,4582493],[433598,4582494],[433598,4582494],[433596,4582496],[433595,4582497],[433593,4582499],[433591,4582501],[433591,4582502],[433590,4582502],[433589,4582503],[433588,4582503],[433586,4582506],[433585,4582508],[433583,4582509],[433583,4582510],[433582,4582511],[433582,4582511],[433581,4582512],[433580,4582513],[433579,4582514],[433578,4582515],[433577,4582516],[433576,4582517],[433576,4582517],[433541,4582553],[433536,4582558],[433509,4582585],[433508,4582586],[433481,4582560],[433442,4582602],[433416,4582629],[433395,4582651],[433379,4582668],[433372,4582675],[433371,4582676],[433364,4582683],[433348,4582699],[433334,4582714],[433319,4582730],[433304,4582745],[433290,4582760],[433278,4582773],[433261,4582789],[433241,4582811],[433220,4582832],[433197,4582855],[433111,4582757],[433104,4582763]]]}},{"type":"Feature","properties":{"barri":"el Poblenou","districte":"Sant Martí"},"geometry":{"type":"Polygon","coordinates":[[[433893,4583067],[433891,4583070],[433891,4583070],[433885,4583076],[433906,4583096],[433938,4583119],[433965,4583133],[433997,4583147],[434002,4583155],[434025,4583196],[434029,4583203],[434027,4583204],[434027,4583205],[434026,4583205],[434025,4583206],[434025,4583206],[434025,4583206],[434025,4583207],[434021,4583210],[434018,4583213],[434012,4583219],[434007,4583224],[434004,4583227],[434003,4583228],[433989,4583242],[433988,4583242],[433985,4583246],[433966,4583264],[433947,4583283],[433946,4583284],[433945,4583285],[433943,4583287],[433942,4583288],[433942,4583288],[433942,4583288],[433927,4583303],[433902,4583314],[433839,4583375],[433825,4583389],[433813,4583401],[433778,4583436],[433777,4583436],[433717,4583497],[433702,4583512],[433712,4583522],[433786,4583600],[433875,4583695],[433957,4583782],[433967,4583793],[433902,4583859],[433841,4583921],[433749,4584016],[433694,4584074],[433675,4584093],[433651,4584119],[433562,4584210],[433488,4584285],[433453,4584321],[433308,4584274],[433034,4584186],[432927,4584151],[432826,4584118],[432826,4584118],[432758,4584096],[432758,4584096],[432600,4584045],[432613,4584032],[432709,4583934],[432730,4583912],[432751,4583891],[432804,4583837],[432906,4583731],[432906,4583730],[432880,4583689],[432858,4583655],[432835,4583616],[432762,4583501],[432761,4583500],[432745,4583475],[432687,4583382],[432642,4583309],[432637,4583302],[432624,4583282],[432613,4583264],[432700,4583175],[432792,4583081],[432888,4582984],[432982,4582890],[433104,4582763],[433111,4582757],[433197,4582855],[433220,4582832],[433241,4582811],[433261,4582789],[433278,4582773],[433290,4582760],[433304,4582745],[433319,4582730],[433334,4582714],[433348,4582699],[433364,4582683],[433371,4582676],[433372,4582675],[433379,4582668],[433395,4582651],[433416,4582629],[433442,4582602],[433481,4582560],[433508,4582586],[433509,4582585],[433536,4582558],[433541,4582553],[433576,4582517],[433576,4582517],[433579,4582529],[433593,4582559],[433652,4582667],[433708,4582757],[433759,4582829],[433766,4582838],[433807,4582887],[433836,4582914],[433866,4582937],[433911,4582962],[433964,4582980],[433964,4582980],[433966,4582978],[433968,4582976],[433969,4582974],[433972,4582972],[433974,4582970],[433976,4582968],[433978,4582965],[433980,4582963],[433982,4582961],[433985,4582958],[433987,4582956],[433989,4582955],[433991,4582952],[433993,4582950],[433995,4582948],[433997,4582947],[433999,4582944],[434001,4582942],[434003,4582941],[434004,4582940],[434005,4582938],[434007,4582936],[434009,4582934],[434012,4582932],[434014,4582929],[434016,4582927],[434019,4582925],[434020,4582924],[434021,4582923],[434022,4582924],[434023,4582925],[434068,4582879],[434079,4582889],[434034,4582935],[434034,4582935],[434034,4582935],[434034,4582935],[434027,4582942],[434036,4582951],[433966,4583023],[433959,4583016],[433956,4583013],[433931,4583039],[433926,4583034],[433893,4583067]]]}},{"type":"Feature","properties":{"barri":"Diagonal Mar i el Front Marítim del Poblenou","districte":"Sant Martí"},"geometry":{"type":"Polygon","coordinates":[[[434227,4584675],[434133,4584772],[434040,4584679],[433942,4584585],[433851,4584492],[433786,4584428],[433737,4584412],[433594,4584366],[433453,4584321],[433488,4584285],[433562,4584210],[433651,4584119],[433675,4584093],[433694,4584074],[433749,4584016],[433841,4583921],[433902,4583859],[433967,4583793],[433957,4583782],[433875,4583695],[433786,4583600],[433712,4583522],[433702,4583512],[433717,4583497],[433777,4583436],[433778,4583436],[433813,4583401],[433825,4583389],[433839,4583375],[433902,4583314],[433927,4583303],[433942,4583288],[433942,4583288],[433942,4583288],[433943,4583287],[433945,4583285],[433946,4583284],[433947,4583283],[433966,4583264],[433985,4583246],[433988,4583242],[433989,4583242],[434003,4583228],[434004,4583227],[434007,4583224],[434012,4583219],[434018,4583213],[434021,4583210],[434025,4583207],[434025,4583206],[434025,4583206],[434025,4583206],[434026,4583205],[434027,4583205],[434027,4583204],[434029,4583203],[434025,4583196],[434002,4583155],[433997,4583147],[433965,4583133],[433938,4583119],[433906,4583096],[433885,4583076],[433891,4583070],[433891,4583070],[433893,4583067],[433926,4583034],[433931,4583039],[433956,4583013],[433959,4583016],[433966,4583023],[434036,4582951],[434027,4582942],[434034,4582935],[434034,4582935],[434034,4582935],[434034,4582935],[434052,4582953],[434063,4582942],[434068,4582947],[434101,4582911],[434112,4582922],[434068,4582967],[434069,4582968],[434069,4582969],[434069,4582970],[434068,4582972],[434066,4582973],[434065,4582974],[434063,4582976],[434062,4582977],[434060,4582979],[434059,4582981],[434058,4582983],[434056,4582984],[434055,4582985],[434054,4582987],[434052,4582989],[434051,4582991],[434049,4582992],[434048,4582994],[434046,4582995],[434045,4582997],[434043,4582998],[434041,4583000],[434041,4583000],[434038,4583003],[434037,4583005],[434035,4583006],[434034,4583008],[434032,4583009],[434031,4583010],[434029,4583012],[434027,4583014],[434026,4583015],[434025,4583017],[434023,4583019],[434021,4583021],[434020,4583022],[434053,4583105],[434089,4583164],[434091,4583170],[434097,4583181],[434129,4583220],[434138,4583235],[434196,4583304],[434232,4583339],[434266,4583365],[434302,4583382],[434330,4583388],[434331,4583388],[434332,4583386],[434334,4583385],[434335,4583385],[434337,4583384],[434338,4583382],[434339,4583381],[434340,4583380],[434341,4583378],[434342,4583377],[434343,4583375],[434344,4583374],[434345,4583373],[434346,4583372],[434349,4583370],[434350,4583368],[434352,4583367],[434353,4583365],[434355,4583364],[434356,4583363],[434358,4583361],[434360,4583360],[434361,4583358],[434363,4583356],[434364,4583355],[434365,4583353],[434366,4583352],[434367,4583351],[434369,4583349],[434372,4583346],[434374,4583345],[434375,4583344],[434377,4583344],[434378,4583343],[434379,4583342],[434379,4583341],[434379,4583341],[434379,4583339],[434380,4583338],[434380,4583336],[434381,4583334],[434381,4583332],[434382,4583331],[434383,4583331],[434385,4583330],[434386,4583330],[434387,4583328],[434388,4583327],[434389,4583326],[434390,4583325],[434391,4583324],[434391,4583322],[434392,4583320],[434393,4583319],[434395,4583319],[434396,4583318],[434396,4583317],[434397,4583317],[434397,4583316],[434398,4583316],[434399,4583317],[434400,4583316],[434402,4583315],[434403,4583314],[434404,4583313],[434405,4583312],[434406,4583311],[434408,4583310],[434410,4583309],[434412,4583308],[434414,4583306],[434418,4583303],[434420,4583302],[434422,4583301],[434424,4583301],[434425,4583301],[434427,4583302],[434428,4583303],[434429,4583305],[434429,4583306],[434429,4583308],[434428,4583309],[434425,4583312],[434423,4583314],[434419,4583318],[434416,4583320],[434415,4583321],[434414,4583323],[434413,4583325],[434412,4583327],[434410,4583329],[434408,4583331],[434408,4583332],[434410,4583336],[434413,4583338],[434413,4583338],[434415,4583340],[434416,4583339],[434418,4583339],[434421,4583337],[434422,4583336],[434423,4583335],[434424,4583334],[434426,4583332],[434427,4583331],[434428,4583330],[434430,4583329],[434431,4583328],[434433,4583327],[434434,4583326],[434436,4583326],[434438,4583327],[434439,4583328],[434440,4583330],[434440,4583332],[434439,4583334],[434439,4583336],[434438,4583338],[434437,4583340],[434436,4583342],[434435,4583343],[434434,4583345],[434433,4583346],[434432,4583348],[434431,4583349],[434430,4583351],[434428,4583352],[434427,4583353],[434425,4583354],[434423,4583355],[434422,4583355],[434420,4583356],[434419,4583357],[434413,4583361],[434412,4583362],[434411,4583363],[434410,4583364],[434408,4583366],[434406,4583368],[434406,4583370],[434405,4583371],[434404,4583373],[434402,4583374],[434401,4583375],[434400,4583377],[434398,4583378],[434397,4583378],[434395,4583379],[434394,4583380],[434392,4583381],[434391,4583383],[434390,4583384],[434389,4583385],[434388,4583386],[434388,4583387],[434387,4583388],[434387,4583389],[434386,4583389],[434386,4583390],[434385,4583390],[434385,4583391],[434384,4583392],[434383,4583393],[434382,4583394],[434381,4583396],[434380,4583397],[434379,4583398],[434378,4583398],[434377,4583399],[434376,4583400],[434375,4583400],[434374,4583402],[434374,4583402],[434374,4583403],[434374,4583403],[434373,4583403],[434372,4583404],[434372,4583404],[434370,4583405],[434369,4583407],[434369,4583407],[434368,4583408],[434367,4583408],[434366,4583410],[434364,4583411],[434363,4583413],[434362,4583413],[434360,4583415],[434360,4583416],[434359,4583417],[434359,4583419],[434358,4583419],[434358,4583420],[434357,4583421],[434356,4583422],[434352,4583424],[434352,4583424],[434351,4583425],[434350,4583426],[434350,4583427],[434349,4583428],[434349,4583429],[434348,4583429],[434348,4583430],[434347,4583430],[434344,4583432],[434344,4583432],[434375,4583513],[434406,4583576],[434442,4583632],[434479,4583675],[434518,4583712],[434565,4583740],[434579,4583746],[434579,4583746],[434581,4583744],[434581,4583744],[434583,4583743],[434584,4583741],[434586,4583739],[434588,4583737],[434590,4583736],[434591,4583736],[434591,4583735],[434591,4583734],[434591,4583734],[434592,4583734],[434593,4583734],[434593,4583733],[434593,4583733],[434594,4583732],[434595,4583732],[434596,4583731],[434596,4583731],[434597,4583730],[434599,4583727],[434601,4583726],[434604,4583723],[434605,4583722],[434606,4583721],[434607,4583720],[434607,4583720],[434609,4583719],[434610,4583718],[434611,4583717],[434611,4583717],[434613,4583715],[434614,4583714],[434616,4583713],[434617,4583712],[434618,4583711],[434619,4583710],[434619,4583709],[434620,4583709],[434621,4583709],[434621,4583708],[434622,4583707],[434623,4583706],[434623,4583706],[434624,4583706],[434625,4583704],[434627,4583703],[434629,4583701],[434631,4583699],[434633,4583697],[434635,4583695],[434637,4583694],[434638,4583694],[434640,4583692],[434641,4583691],[434643,4583689],[434644,4583687],[434645,4583687],[434646,4583687],[434647,4583686],[434649,4583685],[434651,4583683],[434652,4583683],[434652,4583682],[434653,4583680],[434653,4583679],[434654,4583678],[434655,4583678],[434656,4583677],[434656,4583675],[434657,4583675],[434658,4583674],[434659,4583672],[434660,4583671],[434662,4583670],[434663,4583669],[434665,4583667],[434666,4583665],[434667,4583663],[434667,4583662],[434668,4583661],[434670,4583660],[434670,4583660],[434671,4583660],[434672,4583658],[434673,4583657],[434674,4583657],[434675,4583657],[434675,4583657],[434675,4583655],[434676,4583654],[434677,4583652],[434678,4583651],[434680,4583650],[434680,4583650],[434682,4583649],[434683,4583649],[434684,4583648],[434684,4583648],[434685,4583646],[434685,4583644],[434686,4583642],[434688,4583641],[434689,4583639],[434690,4583638],[434691,4583637],[434692,4583635],[434694,4583633],[434696,4583631],[434697,4583629],[434698,4583628],[434699,4583627],[434700,4583628],[434701,4583628],[434702,4583629],[434703,4583629],[434703,4583628],[434704,4583627],[434705,4583627],[434707,4583626],[434708,4583626],[434709,4583625],[434712,4583624],[434712,4583624],[434712,4583625],[434712,4583626],[434711,4583627],[434708,4583630],[434704,4583634],[434700,4583639],[434695,4583644],[434692,4583648],[434689,4583653],[434685,4583657],[434682,4583660],[434678,4583664],[434675,4583668],[434671,4583673],[434668,4583676],[434667,4583679],[434666,4583681],[434664,4583681],[434664,4583681],[434664,4583682],[434662,4583684],[434662,4583686],[434661,4583688],[434661,4583689],[434662,4583689],[434663,4583689],[434663,4583690],[434662,4583690],[434660,4583690],[434659,4583693],[434658,4583695],[434655,4583698],[434653,4583699],[434652,4583701],[434650,4583703],[434648,4583704],[434642,4583710],[434640,4583711],[434637,4583714],[434634,4583718],[434629,4583723],[434627,4583725],[434624,4583728],[434621,4583730],[434619,4583732],[434617,4583733],[434614,4583735],[434612,4583736],[434610,4583738],[434610,4583738],[434609,4583739],[434609,4583741],[434608,4583742],[434606,4583743],[434604,4583744],[434601,4583746],[434600,4583747],[434599,4583748],[434598,4583748],[434598,4583749],[434597,4583751],[434596,4583753],[434594,4583755],[434592,4583756],[434590,4583758],[434589,4583760],[434587,4583761],[434584,4583763],[434583,4583764],[434582,4583766],[434580,4583768],[434578,4583769],[434577,4583770],[434575,4583771],[434574,4583773],[434573,4583775],[434571,4583775],[434569,4583777],[434566,4583780],[434564,4583781],[434564,4583783],[434564,4583784],[434599,4583850],[434636,4583901],[434677,4583944],[434709,4583968],[434738,4583987],[434793,4584013],[434804,4584016],[434820,4584026],[434830,4584028],[434827,4584030],[434811,4584049],[434812,4584050],[434817,4584057],[434818,4584059],[434820,4584061],[434820,4584061],[434824,4584067],[434825,4584068],[434827,4584070],[434827,4584071],[434804,4584095],[434800,4584100],[434795,4584104],[434785,4584114],[434775,4584125],[434774,4584125],[434770,4584130],[434768,4584132],[434773,4584137],[434774,4584137],[434765,4584146],[434763,4584148],[434756,4584155],[434740,4584154],[434698,4584197],[434705,4584204],[434721,4584220],[434754,4584253],[434764,4584264],[434780,4584283],[434791,4584296],[434802,4584311],[434823,4584340],[434848,4584379],[434872,4584420],[434887,4584453],[434898,4584476],[434898,4584476],[434898,4584476],[434898,4584476],[434898,4584476],[434898,4584476],[434898,4584476],[434898,4584477],[434898,4584477],[434897,4584477],[434897,4584478],[434896,4584478],[434896,4584478],[434895,4584479],[434895,4584479],[434895,4584479],[434895,4584479],[434895,4584479],[434894,4584480],[434894,4584480],[434893,4584481],[434893,4584481],[434891,4584483],[434891,4584483],[434890,4584484],[434887,4584487],[434887,4584487],[434887,4584487],[434887,4584487],[434887,4584487],[434887,4584487],[434887,4584487],[434887,4584487],[434887,4584488],[434887,4584488],[434886,4584489],[434886,4584489],[434886,4584489],[434886,4584489],[434885,4584489],[434885,4584489],[434885,4584489],[434885,4584489],[434885,4584489],[434885,4584490],[434885,4584490],[434885,4584490],[434882,4584496],[434880,4584499],[434879,4584500],[434879,4584501],[434879,4584501],[434878,4584502],[434878,4584503],[434870,4584526],[434864,4584543],[434863,4584545],[434863,4584545],[434862,4584549],[434864,4584552],[434869,4584559],[434741,4584649],[434724,4584662],[434724,4584663],[434744,4584690],[434731,4584701],[434722,4584714],[434720,4584723],[434343,4584604],[434307,4584594],[434227,4584675]]]}},{"type":"Feature","properties":{"barri":"el Besòs i el Maresme","districte":"Sant Martí"},"geometry":{"type":"Polygon","coordinates":[[[434092,4585868],[434031,4585809],[433963,4585743],[433956,4585736],[433879,4585660],[433850,4585633],[433967,4585514],[433967,4585514],[433953,4585492],[433939,4585470],[433919,4585437],[433904,4585414],[433895,4585397],[433895,4585397],[433882,4585376],[433852,4585327],[433844,4585315],[433822,4585279],[433820,4585276],[433795,4585235],[433751,4585165],[433750,4585164],[433854,4585056],[433901,4585009],[433947,4584962],[434040,4584866],[434133,4584772],[434227,4584675],[434307,4584594],[434343,4584604],[434720,4584723],[434722,4584714],[434731,4584701],[434744,4584690],[434724,4584663],[434724,4584662],[434741,4584649],[434869,4584559],[434864,4584552],[434862,4584549],[434863,4584545],[434863,4584545],[434864,4584543],[434870,4584526],[434878,4584503],[434878,4584502],[434879,4584501],[434879,4584501],[434879,4584500],[434880,4584499],[434882,4584496],[434885,4584490],[434885,4584490],[434885,4584490],[434885,4584489],[434885,4584489],[434885,4584489],[434885,4584489],[434885,4584489],[434886,4584489],[434886,4584489],[434886,4584489],[434886,4584489],[434887,4584488],[434887,4584488],[434887,4584487],[434887,4584487],[434887,4584487],[434887,4584487],[434887,4584487],[434887,4584487],[434887,4584487],[434887,4584487],[434890,4584484],[434891,4584483],[434891,4584483],[434893,4584481],[434893,4584481],[434894,4584480],[434894,4584480],[434895,4584479],[434895,4584479],[434895,4584479],[434895,4584479],[434895,4584479],[434896,4584478],[434896,4584478],[434897,4584478],[434897,4584477],[434898,4584477],[434898,4584477],[434898,4584476],[434898,4584476],[434898,4584476],[434898,4584476],[434898,4584476],[434898,4584476],[434898,4584476],[434887,4584453],[434872,4584420],[434848,4584379],[434823,4584340],[434802,4584311],[434791,4584296],[434780,4584283],[434764,4584264],[434754,4584253],[434721,4584220],[434705,4584204],[434698,4584197],[434740,4584154],[434756,4584155],[434763,4584148],[434765,4584146],[434774,4584137],[434773,4584137],[434768,4584132],[434770,4584130],[434774,4584125],[434775,4584125],[434785,4584114],[434795,4584104],[434800,4584100],[434804,4584095],[434827,4584071],[434827,4584070],[434825,4584068],[434824,4584067],[434820,4584061],[434820,4584061],[434818,4584059],[434817,4584057],[434812,4584050],[434811,4584049],[434827,4584030],[434830,4584028],[434862,4583995],[434862,4583995],[434888,4583968],[434889,4583968],[434952,4583904],[434955,4583900],[434982,4583885],[434983,4583885],[434978,4583877],[434974,4583869],[434966,4583854],[434965,4583848],[434969,4583842],[434971,4583842],[434972,4583842],[434976,4583843],[434982,4583846],[434986,4583848],[434988,4583850],[434988,4583851],[435008,4583876],[435022,4583903],[435025,4583912],[435033,4583929],[435034,4583933],[435049,4583967],[435057,4583982],[435058,4583983],[435058,4583983],[435065,4583995],[435078,4584010],[435083,4584017],[435087,4584025],[435088,4584033],[435087,4584038],[435087,4584040],[435086,4584041],[435084,4584043],[435081,4584042],[435077,4584041],[435075,4584040],[435074,4584039],[435072,4584036],[435063,4584027],[435043,4584007],[435042,4584005],[435035,4583991],[435018,4583957],[435001,4583920],[434996,4583913],[434993,4583910],[434990,4583908],[434988,4583908],[434987,4583907],[434985,4583907],[434981,4583907],[434976,4583910],[434968,4583915],[434962,4583923],[434947,4583939],[434944,4583944],[434946,4583948],[434946,4583950],[434946,4583951],[434949,4583952],[434931,4583976],[434928,4583974],[434925,4583972],[434889,4584021],[434886,4584024],[434885,4584026],[434917,4584056],[434917,4584056],[434919,4584054],[434923,4584059],[434925,4584060],[434924,4584061],[434924,4584061],[434927,4584064],[434931,4584069],[434956,4584045],[434955,4584043],[434956,4584039],[434955,4584037],[434952,4584034],[434951,4584032],[434950,4584028],[434950,4584026],[434951,4584022],[434953,4584020],[434954,4584019],[434958,4584017],[434961,4584017],[434965,4584018],[434978,4584030],[434985,4584038],[434994,4584047],[434998,4584045],[435005,4584044],[435006,4584044],[435009,4584047],[435013,4584048],[435019,4584049],[435028,4584053],[435037,4584069],[435044,4584080],[435047,4584091],[435062,4584102],[435070,4584121],[435092,4584139],[435102,4584138],[435110,4584140],[435119,4584147],[435126,4584145],[435127,4584146],[435128,4584146],[435131,4584153],[435134,4584155],[435145,4584145],[435156,4584139],[435167,4584137],[435176,4584141],[435180,4584144],[435183,4584148],[435185,4584150],[435193,4584164],[435197,4584171],[435205,4584166],[435216,4584166],[435220,4584161],[435228,4584156],[435232,4584154],[435233,4584153],[435234,4584149],[435235,4584147],[435241,4584141],[435244,4584138],[435250,4584129],[435254,4584125],[435257,4584120],[435264,4584113],[435273,4584112],[435275,4584111],[435276,4584111],[435283,4584114],[435285,4584116],[435287,4584119],[435288,4584120],[435290,4584124],[435290,4584128],[435290,4584131],[435290,4584133],[435290,4584135],[435286,4584145],[435286,4584146],[435286,4584146],[435281,4584154],[435276,4584159],[435258,4584173],[435256,4584174],[435253,4584176],[435250,4584177],[435247,4584178],[435206,4584222],[435205,4584222],[435213,4584239],[435224,4584263],[435225,4584264],[435226,4584266],[435226,4584267],[435254,4584239],[435256,4584237],[435262,4584232],[435263,4584231],[435263,4584231],[435263,4584230],[435260,4584228],[435260,4584226],[435260,4584225],[435259,4584225],[435263,4584220],[435273,4584210],[435273,4584209],[435274,4584209],[435278,4584199],[435293,4584188],[435294,4584187],[435295,4584186],[435297,4584185],[435303,4584185],[435312,4584185],[435315,4584187],[435317,4584190],[435322,4584194],[435324,4584196],[435324,4584203],[435324,4584208],[435324,4584209],[435324,4584210],[435321,4584216],[435318,4584217],[435316,4584217],[435313,4584220],[435312,4584220],[435310,4584222],[435310,4584222],[435310,4584222],[435312,4584225],[435313,4584226],[435316,4584234],[435317,4584238],[435317,4584238],[435321,4584239],[435321,4584241],[435321,4584248],[435321,4584248],[435321,4584249],[435321,4584252],[435319,4584253],[435319,4584252],[435313,4584248],[435312,4584249],[435315,4584254],[435317,4584257],[435324,4584264],[435326,4584268],[435327,4584268],[435330,4584266],[435330,4584265],[435330,4584265],[435330,4584263],[435330,4584261],[435331,4584259],[435334,4584255],[435334,4584254],[435336,4584253],[435337,4584252],[435337,4584251],[435336,4584248],[435336,4584247],[435336,4584246],[435338,4584244],[435339,4584242],[435340,4584241],[435341,4584240],[435342,4584238],[435344,4584238],[435346,4584238],[435346,4584238],[435346,4584238],[435347,4584239],[435348,4584240],[435348,4584242],[435350,4584243],[435351,4584245],[435351,4584247],[435350,4584247],[435349,4584248],[435348,4584249],[435348,4584249],[435348,4584251],[435349,4584252],[435351,4584255],[435350,4584257],[435348,4584260],[435350,4584264],[435350,4584265],[435353,4584279],[435353,4584280],[435353,4584285],[435351,4584298],[435351,4584300],[435351,4584301],[435349,4584301],[435348,4584301],[435348,4584301],[435347,4584302],[435348,4584302],[435349,4584305],[435350,4584306],[435352,4584307],[435355,4584312],[435358,4584313],[435360,4584314],[435360,4584316],[435361,4584320],[435364,4584324],[435367,4584326],[435370,4584325],[435370,4584322],[435372,4584316],[435376,4584306],[435376,4584305],[435375,4584305],[435375,4584304],[435374,4584303],[435374,4584303],[435374,4584301],[435375,4584299],[435375,4584298],[435376,4584296],[435378,4584296],[435380,4584295],[435383,4584296],[435383,4584296],[435385,4584298],[435386,4584299],[435387,4584302],[435387,4584306],[435388,4584308],[435389,4584311],[435391,4584316],[435393,4584322],[435393,4584326],[435393,4584329],[435393,4584334],[435393,4584335],[435392,4584336],[435390,4584338],[435389,4584339],[435389,4584339],[435388,4584339],[435386,4584340],[435386,4584342],[435386,4584344],[435386,4584345],[435386,4584346],[435385,4584347],[435384,4584348],[435384,4584348],[435384,4584349],[435385,4584352],[435390,4584357],[435392,4584360],[435394,4584360],[435394,4584360],[435395,4584357],[435396,4584354],[435397,4584353],[435398,4584352],[435401,4584350],[435402,4584350],[435406,4584348],[435407,4584347],[435409,4584347],[435414,4584347],[435422,4584347],[435427,4584349],[435427,4584349],[435427,4584349],[435428,4584350],[435428,4584350],[435428,4584350],[435430,4584352],[435432,4584355],[435433,4584358],[435436,4584369],[435436,4584370],[435438,4584375],[435441,4584378],[435445,4584384],[435451,4584400],[435455,4584408],[435460,4584415],[435463,4584421],[435465,4584426],[435467,4584431],[435469,4584435],[435470,4584438],[435472,4584440],[435473,4584442],[435476,4584446],[435476,4584447],[435477,4584448],[435477,4584448],[435477,4584449],[435478,4584454],[435479,4584463],[435480,4584470],[435480,4584474],[435480,4584476],[435479,4584482],[435479,4584485],[435478,4584491],[435476,4584496],[435473,4584506],[435472,4584509],[435468,4584517],[435467,4584518],[435464,4584518],[435459,4584519],[435459,4584519],[435456,4584518],[435454,4584518],[435453,4584517],[435452,4584517],[435451,4584514],[435451,4584514],[435435,4584495],[435424,4584448],[435413,4584444],[435391,4584384],[435393,4584378],[435396,4584369],[435396,4584369],[435395,4584369],[435394,4584369],[435393,4584369],[435392,4584370],[435391,4584369],[435389,4584369],[435387,4584369],[435386,4584368],[435385,4584368],[435384,4584368],[435383,4584367],[435382,4584364],[435382,4584361],[435381,4584360],[435380,4584360],[435379,4584358],[435378,4584356],[435377,4584355],[435377,4584353],[435376,4584352],[435375,4584351],[435375,4584349],[435376,4584347],[435376,4584347],[435377,4584346],[435377,4584345],[435377,4584343],[435376,4584343],[435375,4584343],[435373,4584342],[435373,4584341],[435373,4584340],[435373,4584339],[435373,4584337],[435372,4584337],[435372,4584337],[435371,4584336],[435370,4584335],[435368,4584334],[435367,4584333],[435366,4584333],[435365,4584333],[435364,4584332],[435363,4584331],[435361,4584330],[435360,4584329],[435357,4584328],[435356,4584326],[435354,4584325],[435353,4584324],[435352,4584322],[435351,4584321],[435350,4584319],[435348,4584318],[435347,4584316],[435345,4584313],[435345,4584312],[435345,4584310],[435345,4584308],[435345,4584307],[435344,4584306],[435344,4584305],[435344,4584302],[435343,4584299],[435342,4584297],[435341,4584296],[435340,4584295],[435340,4584294],[435339,4584292],[435339,4584291],[435337,4584290],[435336,4584289],[435335,4584287],[435335,4584286],[435334,4584285],[435333,4584284],[435332,4584283],[435331,4584282],[435330,4584281],[435330,4584277],[435331,4584276],[435327,4584276],[435324,4584276],[435322,4584274],[435320,4584272],[435318,4584273],[435316,4584271],[435316,4584269],[435313,4584268],[435315,4584263],[435313,4584260],[435312,4584260],[435311,4584259],[435312,4584258],[435308,4584254],[435305,4584245],[435299,4584244],[435298,4584240],[435294,4584239],[435294,4584238],[435292,4584238],[435289,4584240],[435288,4584240],[435286,4584239],[435285,4584241],[435285,4584243],[435283,4584245],[435280,4584245],[435277,4584248],[435273,4584252],[435269,4584256],[435266,4584259],[435260,4584264],[435260,4584264],[435260,4584265],[435260,4584265],[435274,4584294],[435285,4584315],[435294,4584333],[435292,4584315],[435293,4584314],[435294,4584314],[435294,4584313],[435302,4584311],[435303,4584311],[435304,4584312],[435315,4584327],[435315,4584328],[435315,4584329],[435315,4584329],[435313,4584331],[435304,4584340],[435300,4584345],[435316,4584377],[435323,4584392],[435324,4584392],[435328,4584394],[435330,4584396],[435331,4584399],[435330,4584400],[435328,4584397],[435324,4584395],[435320,4584396],[435318,4584399],[435321,4584402],[435326,4584400],[435327,4584402],[435322,4584404],[435321,4584403],[435321,4584404],[435339,4584440],[435341,4584440],[435343,4584412],[435343,4584412],[435343,4584411],[435343,4584411],[435341,4584412],[435340,4584413],[435339,4584413],[435339,4584412],[435338,4584412],[435337,4584411],[435330,4584391],[435330,4584390],[435330,4584389],[435330,4584389],[435330,4584388],[435330,4584387],[435331,4584387],[435331,4584387],[435339,4584383],[435339,4584383],[435340,4584383],[435341,4584383],[435342,4584384],[435342,4584385],[435345,4584390],[435353,4584403],[435354,4584404],[435354,4584405],[435353,4584405],[435353,4584406],[435352,4584407],[435351,4584407],[435347,4584410],[435344,4584439],[435363,4584476],[435373,4584485],[435374,4584487],[435374,4584487],[435375,4584488],[435376,4584490],[435376,4584492],[435377,4584494],[435377,4584496],[435377,4584498],[435377,4584500],[435375,4584511],[435372,4584523],[435412,4584603],[435082,4584784],[435071,4584792],[435052,4584804],[435045,4584821],[434893,4584907],[434927,4584955],[434886,4584984],[434867,4585004],[434850,4585028],[434765,4585188],[434665,4585377],[434631,4585344],[434491,4585487],[434510,4585506],[434446,4585570],[434411,4585607],[434403,4585615],[434319,4585700],[434300,4585681],[434296,4585685],[434200,4585782],[434191,4585772],[434149,4585815],[434146,4585813],[434092,4585868]]]}},{"type":"Feature","properties":{"barri":"Provençals del Poblenou","districte":"Sant Martí"},"geometry":{"type":"Polygon","coordinates":[[[432758,4584096],[432758,4584096],[432826,4584118],[432826,4584118],[432927,4584151],[433034,4584186],[433308,4584274],[433453,4584321],[433594,4584366],[433737,4584412],[433786,4584428],[433851,4584492],[433942,4584585],[434040,4584679],[434133,4584772],[434040,4584866],[433947,4584962],[433901,4585009],[433854,4585056],[433750,4585164],[433751,4585165],[433795,4585235],[433820,4585276],[433822,4585279],[433844,4585315],[433852,4585327],[433882,4585376],[433895,4585397],[433895,4585397],[433904,4585414],[433919,4585437],[433939,4585470],[433953,4585492],[433967,4585514],[433967,4585514],[433850,4585633],[433824,4585607],[433756,4585541],[433756,4585541],[433660,4585447],[433565,4585354],[433554,4585343],[433532,4585322],[433496,4585286],[433472,4585263],[433457,4585249],[433425,4585217],[433375,4585168],[433373,4585166],[433344,4585138],[433311,4585106],[433289,4585084],[433278,4585074],[433267,4585063],[433255,4585052],[433217,4585014],[433190,4584988],[433177,4584975],[433149,4584948],[433109,4584909],[433088,4584888],[433087,4584887],[433072,4584873],[433038,4584839],[433001,4584803],[432990,4584793],[432980,4584782],[432963,4584766],[432930,4584734],[432900,4584705],[432894,4584699],[432702,4584511],[432572,4584385],[432512,4584327],[432512,4584327],[432417,4584233],[432432,4584218],[432521,4584127],[432600,4584045],[432758,4584096]]]}},{"type":"Feature","properties":{"barri":"Sant Martí de Provençals","districte":"Sant Martí"},"geometry":{"type":"Polygon","coordinates":[[[432900,4584705],[432930,4584734],[432963,4584766],[432980,4584782],[432990,4584793],[433001,4584803],[433038,4584839],[433072,4584873],[433087,4584887],[433088,4584888],[433109,4584909],[433149,4584948],[433177,4584975],[433190,4584988],[433217,4585014],[433255,4585052],[433267,4585063],[433278,4585074],[433289,4585084],[433311,4585106],[433344,4585138],[433373,4585166],[433375,4585168],[433425,4585217],[433457,4585249],[433472,4585263],[433496,4585286],[433532,4585322],[433554,4585343],[433565,4585354],[433561,4585357],[433555,4585365],[433461,4585460],[433461,4585460],[433367,4585557],[433272,4585652],[433179,4585750],[433170,4585760],[433086,4585843],[433076,4585856],[433057,4585876],[433049,4585887],[432962,4585908],[432843,4585938],[432809,4585947],[432773,4585955],[432752,4585960],[432750,4585961],[432731,4585887],[432648,4585565],[432637,4585528],[432600,4585401],[432599,4585395],[432595,4585381],[432584,4585342],[432580,4585324],[432578,4585305],[432578,4585288],[432583,4585259],[432586,4585245],[432603,4585186],[432587,4585170],[432508,4585092],[432602,4584996],[432618,4584981],[432630,4584967],[432643,4584954],[432658,4584939],[432674,4584923],[432686,4584910],[432694,4584902],[432695,4584901],[432704,4584893],[432721,4584875],[432733,4584863],[432743,4584853],[432791,4584804],[432819,4584776],[432841,4584753],[432854,4584740],[432857,4584737],[432861,4584733],[432874,4584719],[432884,4584709],[432891,4584703],[432894,4584699],[432900,4584705]]]}},{"type":"Feature","properties":{"barri":"la Verneda i la Pau","districte":"Sant Martí"},"geometry":{"type":"Polygon","coordinates":[[[433770,4586475],[433726,4586503],[433742,4586528],[433706,4586551],[433589,4586626],[433406,4586742],[433382,4586754],[433364,4586763],[433354,4586768],[433339,4586775],[433337,4586777],[433320,4586785],[433285,4586800],[433250,4586811],[433215,4586819],[433177,4586821],[433150,4586820],[433116,4586816],[433099,4586813],[433089,4586812],[433069,4586806],[433049,4586797],[433048,4586797],[433047,4586796],[433024,4586783],[432999,4586762],[432954,4586716],[432933,4586686],[432930,4586680],[432924,4586665],[432916,4586635],[432901,4586578],[432877,4586515],[432873,4586502],[432871,4586494],[432866,4586477],[432861,4586456],[432859,4586449],[432858,4586443],[432856,4586436],[432856,4586435],[432856,4586434],[432856,4586434],[432856,4586434],[432856,4586434],[432862,4586428],[432866,4586426],[432866,4586425],[432865,4586424],[432865,4586423],[432865,4586423],[432865,4586423],[432865,4586423],[432865,4586423],[432865,4586423],[432865,4586422],[432865,4586422],[432865,4586422],[432865,4586422],[432865,4586421],[432865,4586421],[432864,4586417],[432857,4586397],[432857,4586396],[432856,4586394],[432854,4586383],[432847,4586352],[432847,4586352],[432847,4586351],[432838,4586311],[432838,4586311],[432837,4586309],[432835,4586298],[432834,4586295],[432832,4586285],[432827,4586263],[432826,4586259],[432826,4586256],[432825,4586256],[432825,4586256],[432825,4586252],[432824,4586250],[432823,4586246],[432823,4586245],[432822,4586238],[432816,4586215],[432815,4586209],[432813,4586200],[432811,4586193],[432810,4586189],[432809,4586188],[432809,4586186],[432806,4586170],[432805,4586158],[432803,4586144],[432801,4586131],[432801,4586128],[432801,4586127],[432798,4586109],[432798,4586107],[432797,4586104],[432793,4586073],[432793,4586071],[432792,4586066],[432791,4586058],[432790,4586052],[432789,4586040],[432788,4586033],[432785,4586013],[432782,4585992],[432782,4585991],[432783,4585989],[432783,4585989],[432783,4585988],[432782,4585987],[432782,4585986],[432782,4585986],[432781,4585982],[432777,4585971],[432777,4585970],[432777,4585969],[432777,4585967],[432773,4585955],[432809,4585947],[432843,4585938],[432962,4585908],[433049,4585887],[433057,4585876],[433076,4585856],[433086,4585843],[433170,4585760],[433179,4585750],[433272,4585652],[433367,4585557],[433461,4585460],[433461,4585460],[433555,4585365],[433561,4585357],[433565,4585354],[433660,4585447],[433756,4585541],[433756,4585541],[433824,4585607],[433850,4585633],[433879,4585660],[433956,4585736],[433963,4585743],[434031,4585809],[434092,4585868],[434137,4585913],[434120,4585930],[434112,4585940],[434106,4585946],[434096,4585968],[434081,4586040],[434066,4586068],[434051,4586087],[434037,4586101],[434018,4586116],[433991,4586131],[433971,4586147],[433954,4586166],[433945,4586181],[433935,4586209],[433931,4586238],[433926,4586260],[433912,4586278],[433876,4586242],[433862,4586257],[433858,4586260],[433854,4586258],[433851,4586256],[433848,4586254],[433845,4586252],[433841,4586251],[433836,4586249],[433829,4586246],[433826,4586245],[433819,4586243],[433802,4586239],[433783,4586241],[433763,4586261],[433718,4586288],[433660,4586310],[433666,4586331],[433684,4586358],[433694,4586397],[433719,4586436],[433737,4586424],[433770,4586475]]]}}]}